Filename, Loc, LoS,  #protocols, Analysis Time(s), Repair Time(s), Failed Assertion, Succeed
/home/openssl-openssl-3.1.2/apps/lib/app_libctx.c,49,80,40,0.10440993309,0.00188517570496,0,0
/home/openssl-openssl-3.1.2/apps/lib/app_params.c,133,80,40,0.0615839958191,0.00105810165405,0,0
/home/openssl-openssl-3.1.2/apps/lib/app_provider.c,93,80,40,0.560487031937,0.00104594230652,0,0
/home/openssl-openssl-3.1.2/apps/lib/app_rand.c,125,80,40,0.0804619789124,0.000944852828979,0,0
/home/openssl-openssl-3.1.2/apps/lib/app_x509.c,138,80,40,0.156438827515,0.00151896476746,0,0
/home/openssl-openssl-3.1.2/apps/lib/apps.c,3390,80,40,2.16083598137,0.00642609596252,0,0
/home/openssl-openssl-3.1.2/apps/lib/apps_ui.c,224,80,40,0.210121154785,0.00164890289307,0,0
/home/openssl-openssl-3.1.2/apps/lib/columns.c,28,80,40,0.0316321849823,0.00100874900818,0,0
/home/openssl-openssl-3.1.2/apps/lib/engine.c,194,80,40,0.176091909409,0.000716209411621,0,0
/home/openssl-openssl-3.1.2/apps/lib/engine_loader.c,204,80,40,0.135957956314,0.00124406814575,0,0
/home/openssl-openssl-3.1.2/apps/lib/fmt.c,16,80,40,0.0285410881042,0.000995874404907,0,0
/home/openssl-openssl-3.1.2/apps/lib/http_server.c,534,80,40,0.174696922302,0.000765800476074,0,0
/home/openssl-openssl-3.1.2/apps/lib/names.c,46,80,40,0.038831949234,0.000820159912109,0,0
/home/openssl-openssl-3.1.2/apps/lib/opt.c,1199,80,40,0.823036909103,0.0485651493073,1,1
/home/openssl-openssl-3.1.2/apps/lib/s_cb.c,1583,80,40,0.226953029633,0.00113081932068,0,0
/home/openssl-openssl-3.1.2/apps/lib/s_socket.c,456,80,40,0.104813814163,0.000752210617065,0,0
/home/openssl-openssl-3.1.2/apps/lib/tlssrp_depr.c,232,80,40,0.171192169189,0.000861883163452,0,0
/home/openssl-openssl-3.1.2/crypto/aes/aes_cfb.c,50,80,40,0.0114088058472,0.00191593170166,0,0
/home/openssl-openssl-3.1.2/crypto/aes/aes_ecb.c,33,80,40,0.0250298976898,0.000523090362549,0,0
/home/openssl-openssl-3.1.2/crypto/aes/aes_ige.c,302,80,40,0.0378320217133,0.00122809410095,0,0
/home/openssl-openssl-3.1.2/crypto/aes/aes_misc.c,24,80,40,0.0475120544434,0.00358700752258,0,0
/home/openssl-openssl-3.1.2/crypto/aes/aes_ofb.c,26,80,40,0.0106189250946,0.000627994537354,0,0
/home/openssl-openssl-3.1.2/crypto/aes/aes_wrap.c,34,80,40,0.0728640556335,0.00196695327759,0,0
/home/openssl-openssl-3.1.2/crypto/aria/aria.c,1213,80,40,0.236984968185,0.000854253768921,0,0
/home/openssl-openssl-3.1.2/crypto/asn1/a_bitstr.c,223,80,40,0.135771036148,0.000882148742676,0,0
/home/openssl-openssl-3.1.2/crypto/asn1/a_d2i_fp.c,254,80,40,0.145453929901,0.000640869140625,0,0
/home/openssl-openssl-3.1.2/crypto/asn1/a_digest.c,95,80,40,0.121731996536,0.000981092453003,0,0
/home/openssl-openssl-3.1.2/crypto/asn1/a_dup.c,98,80,40,0.0486199855804,0.000939130783081,0,0
/home/openssl-openssl-3.1.2/crypto/asn1/a_gentm.c,87,80,40,0.171817064285,0.000799894332886,0,0
/home/openssl-openssl-3.1.2/crypto/asn1/a_i2d_fp.c,130,80,40,0.094496011734,0.000830888748169,0,0
/home/openssl-openssl-3.1.2/crypto/asn1/a_int.c,644,80,40,0.534125089645,0.00084400177002,0,0
/home/openssl-openssl-3.1.2/crypto/asn1/a_mbstr.c,351,80,40,0.199440002441,0.00133919715881,0,0
/home/openssl-openssl-3.1.2/crypto/asn1/a_object.c,394,80,40,0.211963891983,0.00088906288147,0,0
/home/openssl-openssl-3.1.2/crypto/asn1/a_octet.c,30,80,40,0.0760469436646,0.00081205368042,0,0
/home/openssl-openssl-3.1.2/crypto/asn1/a_print.c,97,80,40,0.132142066956,0.000916004180908,0,0
/home/openssl-openssl-3.1.2/crypto/asn1/a_sign.c,302,80,40,0.123821973801,0.00105214118958,0,0
/home/openssl-openssl-3.1.2/crypto/asn1/a_strex.c,629,80,40,0.350327968597,0.00131583213806,0,0
/home/openssl-openssl-3.1.2/crypto/asn1/a_strnid.c,223,80,40,0.520124912262,0.00227999687195,0,0
/home/openssl-openssl-3.1.2/crypto/asn1/a_time.c,592,80,40,0.476640939713,0.000960111618042,0,0
/home/openssl-openssl-3.1.2/crypto/asn1/a_type.c,139,80,40,0.166620969772,0.00104999542236,0,0
/home/openssl-openssl-3.1.2/crypto/asn1/a_utctm.c,102,80,40,0.24227809906,0.00144386291504,0,0
/home/openssl-openssl-3.1.2/crypto/asn1/a_utf8.c,138,80,40,0.251237869263,0.00120115280151,0,0
/home/openssl-openssl-3.1.2/crypto/asn1/a_verify.c,225,80,40,0.118119955063,0.00107216835022,0,0
/home/openssl-openssl-3.1.2/crypto/asn1/ameth_lib.c,438,80,40,0.298731088638,0.00299215316772,0,0
/home/openssl-openssl-3.1.2/crypto/asn1/asn1_err.c,213,80,40,0.0506501197815,0.000958919525146,0,0
/home/openssl-openssl-3.1.2/crypto/asn1/asn1_gen.c,787,80,40,0.452688932419,0.0495529174805,2,2
/home/openssl-openssl-3.1.2/crypto/asn1/asn1_item_list.c,46,80,40,0.0863018035889,0.000813961029053,0,0
/home/openssl-openssl-3.1.2/crypto/asn1/asn1_lib.c,471,80,40,0.278361082077,0.00101089477539,0,0
/home/openssl-openssl-3.1.2/crypto/asn1/asn1_parse.c,388,80,40,0.183523893356,0.0012629032135,0,0
/home/openssl-openssl-3.1.2/crypto/asn1/asn_mime.c,1037,80,40,0.292809009552,0.000959157943726,0,0
/home/openssl-openssl-3.1.2/crypto/asn1/asn_moid.c,101,80,40,0.0628781318665,0.000473976135254,0,0
/home/openssl-openssl-3.1.2/crypto/asn1/asn_mstbl.c,114,80,40,0.159815073013,0.0326070785522,2,2
/home/openssl-openssl-3.1.2/crypto/asn1/asn_pack.c,63,80,40,0.0754790306091,0.0009446144104,0,0
/home/openssl-openssl-3.1.2/crypto/asn1/bio_asn1.c,450,80,40,0.381680011749,0.00196599960327,0,0
/home/openssl-openssl-3.1.2/crypto/asn1/bio_ndef.c,234,80,40,0.0715961456299,0.00104188919067,0,0
/home/openssl-openssl-3.1.2/crypto/asn1/d2i_param.c,66,80,40,0.0607390403748,0.00067400932312,0,0
/home/openssl-openssl-3.1.2/crypto/asn1/d2i_pr.c,249,80,40,0.137911081314,0.000589847564697,0,0
/home/openssl-openssl-3.1.2/crypto/asn1/d2i_pu.c,99,80,40,0.066899061203,0.000627040863037,0,0
/home/openssl-openssl-3.1.2/crypto/asn1/evp_asn1.c,188,80,40,0.150241851807,0.000838041305542,0,0
/home/openssl-openssl-3.1.2/crypto/asn1/f_int.c,156,80,40,0.18069601059,0.000802040100098,0,0
/home/openssl-openssl-3.1.2/crypto/asn1/f_string.c,136,80,40,0.128834009171,0.0016040802002,0,0
/home/openssl-openssl-3.1.2/crypto/asn1/i2d_evp.c,150,80,40,0.206582069397,0.000875949859619,0,0
/home/openssl-openssl-3.1.2/crypto/asn1/n_pkey.c,59,80,40,0.187448978424,0.00129413604736,0,0
/home/openssl-openssl-3.1.2/crypto/asn1/nsseq.c,35,80,40,0.155459880829,0.00163888931274,0,0
/home/openssl-openssl-3.1.2/crypto/asn1/p5_pbe.c,114,80,40,0.220067024231,0.000767946243286,0,0
/home/openssl-openssl-3.1.2/crypto/asn1/p5_pbev2.c,247,80,40,0.318770170212,0.00169682502747,0,0
/home/openssl-openssl-3.1.2/crypto/asn1/p5_scrypt.c,287,80,40,0.22327208519,0.000978946685791,0,0
/home/openssl-openssl-3.1.2/crypto/asn1/p8_pkey.c,92,80,40,0.160791873932,0.000870943069458,0,0
/home/openssl-openssl-3.1.2/crypto/asn1/t_bitst.c,57,80,40,0.113104820251,0.000941753387451,0,0
/home/openssl-openssl-3.1.2/crypto/asn1/t_pkey.c,94,80,40,0.1154961586,0.00129675865173,0,0
/home/openssl-openssl-3.1.2/crypto/asn1/t_spki.c,57,80,40,0.069265127182,0.000708818435669,0,0
/home/openssl-openssl-3.1.2/crypto/asn1/tasn_dec.c,1223,80,40,0.478389978409,0.00104308128357,0,0
/home/openssl-openssl-3.1.2/crypto/asn1/tasn_enc.c,647,80,40,0.497216939926,0.00113320350647,0,0
/home/openssl-openssl-3.1.2/crypto/asn1/tasn_fre.c,209,80,40,0.0272541046143,0.00128388404846,0,0
/home/openssl-openssl-3.1.2/crypto/asn1/tasn_new.c,349,80,40,0.168440103531,0.00113201141357,0,0
/home/openssl-openssl-3.1.2/crypto/asn1/tasn_prn.c,540,80,40,0.191782951355,0.0025622844696,0,0
/home/openssl-openssl-3.1.2/crypto/asn1/tasn_scn.c,66,80,40,0.0383031368256,0.00189876556396,0,0
/home/openssl-openssl-3.1.2/crypto/asn1/tasn_typ.c,85,80,40,1.2892999649,0.000679016113281,0,0
/home/openssl-openssl-3.1.2/crypto/asn1/tasn_utl.c,287,80,40,0.231823921204,0.000787258148193,0,0
/home/openssl-openssl-3.1.2/crypto/asn1/x_algor.c,191,80,40,0.35326385498,0.000842094421387,0,0
/home/openssl-openssl-3.1.2/crypto/asn1/x_bignum.c,158,80,40,0.136126041412,0.00192809104919,0,0
/home/openssl-openssl-3.1.2/crypto/asn1/x_info.c,40,80,40,0.0504488945007,0.000984191894531,0,0
/home/openssl-openssl-3.1.2/crypto/asn1/x_int64.c,292,80,40,0.300254821777,0.00109124183655,0,0
/home/openssl-openssl-3.1.2/crypto/asn1/x_long.c,197,80,40,0.157014131546,0.00173997879028,0,0
/home/openssl-openssl-3.1.2/crypto/asn1/x_pkey.c,48,80,40,0.0585720539093,0.000633001327515,0,0
/home/openssl-openssl-3.1.2/crypto/asn1/x_sig.c,40,80,40,0.121750116348,0.000885963439941,0,0
/home/openssl-openssl-3.1.2/crypto/asn1/x_spki.c,29,80,40,0.190876960754,0.00150299072266,0,0
/home/openssl-openssl-3.1.2/crypto/asn1/x_val.c,21,80,40,0.13640999794,0.00209212303162,0,0
/home/openssl-openssl-3.1.2/crypto/async/arch/async_null.c,24,80,40,0.000360012054443,0.00143599510193,0,0
/home/openssl-openssl-3.1.2/crypto/async/arch/async_posix.c,61,80,40,0.07426404953,0.00111699104309,0,0
/home/openssl-openssl-3.1.2/crypto/async/arch/async_win.c,60,80,40,0.000552892684937,0.000942707061768,0,0
/home/openssl-openssl-3.1.2/crypto/async/async.c,488,80,40,0.222294092178,0.000744104385376,0,0
/home/openssl-openssl-3.1.2/crypto/async/async_err.c,38,80,40,0.0611529350281,0.000844955444336,0,0
/home/openssl-openssl-3.1.2/crypto/async/async_wait.c,249,80,40,0.105244159698,0.00109601020813,0,0
/home/openssl-openssl-3.1.2/crypto/bf/bf_cfb64.c,81,80,40,0.0322480201721,0.00158214569092,0,0
/home/openssl-openssl-3.1.2/crypto/bf/bf_ecb.c,50,80,40,0.059944152832,0.00129771232605,0,0
/home/openssl-openssl-3.1.2/crypto/bf/bf_enc.c,182,80,40,0.0356678962708,0.000724077224731,0,0
/home/openssl-openssl-3.1.2/crypto/bf/bf_ofb64.c,68,80,40,0.02410197258,0.000647068023682,0,0
/home/openssl-openssl-3.1.2/crypto/bf/bf_skey.c,74,80,40,0.0320789813995,0.000840187072754,0,0
/home/openssl-openssl-3.1.2/crypto/bio/bf_buff.c,471,80,40,0.239755868912,0.00100302696228,0,0
/home/openssl-openssl-3.1.2/crypto/bio/bf_lbuf.c,320,80,40,0.245930194855,0.000894784927368,0,0
/home/openssl-openssl-3.1.2/crypto/bio/bf_nbio.c,192,80,40,0.185216903687,0.000564098358154,0,0
/home/openssl-openssl-3.1.2/crypto/bio/bf_null.c,114,80,40,0.129861116409,0.000631809234619,0,0
/home/openssl-openssl-3.1.2/crypto/bio/bf_prefix.c,208,80,40,0.267280817032,0.00354599952698,0,0
/home/openssl-openssl-3.1.2/crypto/bio/bf_readbuff.c,289,80,40,0.202407121658,0.00136995315552,0,0
/home/openssl-openssl-3.1.2/crypto/bio/bio_addr.c,940,80,40,0.251491785049,0.000687837600708,0,0
/home/openssl-openssl-3.1.2/crypto/bio/bio_cb.c,115,80,40,0.0423970222473,0.000689029693604,0,0
/home/openssl-openssl-3.1.2/crypto/bio/bio_dump.c,154,80,40,0.23753285408,0.000678062438965,0,0
/home/openssl-openssl-3.1.2/crypto/bio/bio_err.c,87,80,40,0.0450880527496,0.00108122825623,0,0
/home/openssl-openssl-3.1.2/crypto/bio/bio_lib.c,983,80,40,0.392534971237,0.000765800476074,0,0
/home/openssl-openssl-3.1.2/crypto/bio/bio_meth.c,221,80,40,0.15244603157,0.00154972076416,0,0
/home/openssl-openssl-3.1.2/crypto/bio/bio_print.c,961,80,40,0.209718942642,0.000790119171143,0,0
/home/openssl-openssl-3.1.2/crypto/bio/bio_sock.c,416,80,40,0.249066114426,0.000642061233521,0,0
/home/openssl-openssl-3.1.2/crypto/bio/bio_sock2.c,341,80,40,0.310835123062,0.00129103660583,0,0
/home/openssl-openssl-3.1.2/crypto/bio/bss_acpt.c,576,80,40,0.11901807785,0.00116872787476,0,0
/home/openssl-openssl-3.1.2/crypto/bio/bss_bio.c,807,80,40,0.332218885422,0.000640153884888,0,0
/home/openssl-openssl-3.1.2/crypto/bio/bss_conn.c,625,80,40,0.10679101944,0.00097918510437,0,0
/home/openssl-openssl-3.1.2/crypto/bio/bss_core.c,189,80,40,0.283209085464,0.000534772872925,0,0
/home/openssl-openssl-3.1.2/crypto/bio/bss_dgram.c,1926,80,40,0.200428009033,0.000992059707642,0,0
/home/openssl-openssl-3.1.2/crypto/bio/bss_fd.c,284,80,40,0.125956058502,0.000630140304565,0,0
/home/openssl-openssl-3.1.2/crypto/bio/bss_file.c,431,80,40,0.135746002197,0.000704765319824,0,0
/home/openssl-openssl-3.1.2/crypto/bio/bss_log.c,418,80,40,0.130033969879,0.00119590759277,0,0
/home/openssl-openssl-3.1.2/crypto/bio/bss_mem.c,388,80,40,0.177280902863,0.000787258148193,0,0
/home/openssl-openssl-3.1.2/crypto/bio/bss_null.c,86,80,40,0.135865211487,0.00119471549988,0,0
/home/openssl-openssl-3.1.2/crypto/bio/bss_sock.c,288,80,40,0.11359500885,0.000635862350464,0,0
/home/openssl-openssl-3.1.2/crypto/bio/ossl_core_bio.c,125,80,40,0.253808021545,0.00085711479187,0,0
/home/openssl-openssl-3.1.2/crypto/bn/asm/x86_64-gcc.c,643,80,40,0.136337041855,0.00115418434143,0,0
/home/openssl-openssl-3.1.2/crypto/bn/bn_add.c,172,80,40,0.12398982048,0.0014808177948,0,0
/home/openssl-openssl-3.1.2/crypto/bn/bn_blind.c,314,80,40,0.185951948166,0.000750064849854,0,0
/home/openssl-openssl-3.1.2/crypto/bn/bn_const.c,154,80,40,0.223590135574,0.000960826873779,0,0
/home/openssl-openssl-3.1.2/crypto/bn/bn_conv.c,292,80,40,0.147148132324,0.00131702423096,0,0
/home/openssl-openssl-3.1.2/crypto/bn/bn_ctx.c,371,80,40,0.166044950485,0.00113606452942,0,0
/home/openssl-openssl-3.1.2/crypto/bn/bn_depr.c,64,80,40,0.117766857147,0.00182723999023,0,0
/home/openssl-openssl-3.1.2/crypto/bn/bn_dh.c,1055,80,40,0.000794887542725,0.000940322875977,0,0
/home/openssl-openssl-3.1.2/crypto/bn/bn_div.c,461,80,40,0.124979972839,0.00152492523193,0,0
/home/openssl-openssl-3.1.2/crypto/bn/bn_err.c,57,80,40,0.0454280376434,0.000843048095703,0,0
/home/openssl-openssl-3.1.2/crypto/bn/bn_exp.c,1511,80,40,0.150001049042,0.00120496749878,0,0
/home/openssl-openssl-3.1.2/crypto/bn/bn_exp2.c,202,80,40,0.0855581760406,0.00179195404053,0,0
/home/openssl-openssl-3.1.2/crypto/bn/bn_gcd.c,679,80,40,0.111702203751,0.00128483772278,0,0
/home/openssl-openssl-3.1.2/crypto/bn/bn_gf2m.c,1192,80,40,0.20637011528,0.00258779525757,0,0
/home/openssl-openssl-3.1.2/crypto/bn/bn_intern.c,200,80,40,0.100069999695,0.00165319442749,0,0
/home/openssl-openssl-3.1.2/crypto/bn/bn_kron.c,141,80,40,0.0995740890503,0.00167012214661,0,0
/home/openssl-openssl-3.1.2/crypto/bn/bn_lib.c,1061,80,40,0.723718166351,0.00160789489746,0,0
/home/openssl-openssl-3.1.2/crypto/bn/bn_mod.c,326,80,40,0.257610082626,0.00397992134094,0,0
/home/openssl-openssl-3.1.2/crypto/bn/bn_mont.c,470,80,40,0.167002916336,0.00127506256104,0,0
/home/openssl-openssl-3.1.2/crypto/bn/bn_mpi.c,87,80,40,0.0499560832977,0.00213599205017,0,0
/home/openssl-openssl-3.1.2/crypto/bn/bn_mul.c,685,80,40,0.124876976013,0.000728130340576,0,0
/home/openssl-openssl-3.1.2/crypto/bn/bn_nist.c,1216,80,40,0.411309957504,0.00075101852417,0,0
/home/openssl-openssl-3.1.2/crypto/bn/bn_prime.c,620,80,40,0.553224086761,0.00089693069458,0,0
/home/openssl-openssl-3.1.2/crypto/bn/bn_print.c,73,80,40,0.0933020114899,0.00293684005737,0,0
/home/openssl-openssl-3.1.2/crypto/bn/bn_rand.c,329,80,40,0.422971010208,0.000623226165771,0,0
/home/openssl-openssl-3.1.2/crypto/bn/bn_recp.c,195,80,40,0.132385969162,0.00093412399292,0,0
/home/openssl-openssl-3.1.2/crypto/bn/bn_rsa_fips186_4.c,407,80,40,0.362658977509,0.00311827659607,0,0
/home/openssl-openssl-3.1.2/crypto/bn/bn_shift.c,217,80,40,0.126137018204,0.00215578079224,0,0
/home/openssl-openssl-3.1.2/crypto/bn/bn_sqr.c,240,80,40,0.0641930103302,0.00193285942078,0,0
/home/openssl-openssl-3.1.2/crypto/bn/bn_sqrt.c,369,80,40,0.0663359165192,0.000946044921875,0,0
/home/openssl-openssl-3.1.2/crypto/bn/bn_srp.c,546,80,40,0.00151491165161,0.00118184089661,0,0
/home/openssl-openssl-3.1.2/crypto/bn/bn_word.c,202,80,40,0.23206114769,0.00180292129517,0,0
/home/openssl-openssl-3.1.2/crypto/bn/bn_x931p.c,249,80,40,0.0888710021973,0.00121808052063,0,0
/home/openssl-openssl-3.1.2/crypto/bn/rsaz_exp.c,324,80,40,0.0359599590302,0.00131916999817,0,0
/home/openssl-openssl-3.1.2/crypto/bn/rsaz_exp_x2.c,657,80,40,0.0938379764557,0.000895023345947,0,0
/home/openssl-openssl-3.1.2/crypto/buffer/buf_err.c,31,80,40,0.0716819763184,0.00120186805725,0,0
/home/openssl-openssl-3.1.2/crypto/buffer/buffer.c,166,80,40,0.119610071182,0.00110602378845,0,0
/home/openssl-openssl-3.1.2/crypto/camellia/cmll_cfb.c,50,80,40,0.0169620513916,0.000746965408325,0,0
/home/openssl-openssl-3.1.2/crypto/camellia/cmll_ctr.c,29,80,40,0.0261070728302,0.00164413452148,0,0
/home/openssl-openssl-3.1.2/crypto/camellia/cmll_ecb.c,27,80,40,0.0307700634003,0.00117993354797,0,0
/home/openssl-openssl-3.1.2/crypto/camellia/cmll_misc.c,42,80,40,0.117362976074,0.000859022140503,0,0
/home/openssl-openssl-3.1.2/crypto/camellia/cmll_ofb.c,31,80,40,0.0102729797363,0.000524997711182,0,0
/home/openssl-openssl-3.1.2/crypto/cast/c_cfb64.c,81,80,40,0.0248010158539,0.00252914428711,0,0
/home/openssl-openssl-3.1.2/crypto/cast/c_ecb.c,39,80,40,0.0253629684448,0.000715255737305,0,0
/home/openssl-openssl-3.1.2/crypto/cast/c_enc.c,158,80,40,0.0552160739899,0.000894784927368,0,0
/home/openssl-openssl-3.1.2/crypto/cast/c_ofb64.c,68,80,40,0.032518863678,0.000926971435547,0,0
/home/openssl-openssl-3.1.2/crypto/cast/c_skey.c,125,80,40,0.0665249824524,0.000836849212646,0,0
/home/openssl-openssl-3.1.2/crypto/cmac/cmac.c,250,80,40,0.257642030716,0.000861883163452,0,0
/home/openssl-openssl-3.1.2/crypto/cmp/cmp_asn.c,460,80,40,1.11522912979,0.00114798545837,0,0
/home/openssl-openssl-3.1.2/crypto/cmp/cmp_client.c,919,80,40,0.28946518898,0.00115180015564,0,0
/home/openssl-openssl-3.1.2/crypto/cmp/cmp_ctx.c,1174,80,40,0.439245939255,0.00268387794495,0,0
/home/openssl-openssl-3.1.2/crypto/cmp/cmp_err.c,182,80,40,0.0562570095062,0.000711917877197,0,0
/home/openssl-openssl-3.1.2/crypto/cmp/cmp_hdr.c,370,80,40,0.378364086151,0.000766038894653,0,0
/home/openssl-openssl-3.1.2/crypto/cmp/cmp_http.c,106,80,40,0.0804569721222,0.00164103507996,0,0
/home/openssl-openssl-3.1.2/crypto/cmp/cmp_msg.c,1181,80,40,0.596413135529,0.0023181438446,0,0
/home/openssl-openssl-3.1.2/crypto/cmp/cmp_protect.c,335,80,40,0.164322137833,0.00589299201965,0,0
/home/openssl-openssl-3.1.2/crypto/cmp/cmp_server.c,666,80,40,0.300242900848,0.000733137130737,0,0
/home/openssl-openssl-3.1.2/crypto/cmp/cmp_status.c,315,80,40,0.24647808075,0.00109100341797,0,0
/home/openssl-openssl-3.1.2/crypto/cmp/cmp_util.c,287,80,40,0.20888710022,0.00291299819946,0,0
/home/openssl-openssl-3.1.2/crypto/cmp/cmp_vfy.c,856,80,40,0.177826166153,0.00120282173157,0,0
/home/openssl-openssl-3.1.2/crypto/cms/cms_asn1.c,416,80,40,0.173159122467,0.000753879547119,0,0
/home/openssl-openssl-3.1.2/crypto/cms/cms_att.c,286,80,40,0.386434078217,0.00231695175171,0,0
/home/openssl-openssl-3.1.2/crypto/cms/cms_cd.c,84,80,40,0.00204801559448,0.000664710998535,0,0
/home/openssl-openssl-3.1.2/crypto/cms/cms_dd.c,103,80,40,0.133143186569,0.00133490562439,0,0
/home/openssl-openssl-3.1.2/crypto/cms/cms_dh.c,344,80,40,0.164983987808,0.00075101852417,0,0
/home/openssl-openssl-3.1.2/crypto/cms/cms_ec.c,395,80,40,0.22262597084,0.00100898742676,0,0
/home/openssl-openssl-3.1.2/crypto/cms/cms_enc.c,259,80,40,0.198039054871,0.000848054885864,0,0
/home/openssl-openssl-3.1.2/crypto/cms/cms_env.c,1339,80,40,0.737601995468,0.00104999542236,0,0
/home/openssl-openssl-3.1.2/crypto/cms/cms_err.c,179,80,40,0.0753130912781,0.00150990486145,0,0
/home/openssl-openssl-3.1.2/crypto/cms/cms_ess.c,418,80,40,0.390791893005,0.00120425224304,0,0
/home/openssl-openssl-3.1.2/crypto/cms/cms_io.c,122,80,40,0.333100795746,0.00278687477112,0,0
/home/openssl-openssl-3.1.2/crypto/cms/cms_kari.c,524,80,40,0.291495084763,0.00106883049011,0,0
/home/openssl-openssl-3.1.2/crypto/cms/cms_lib.c,736,80,40,0.685971975327,0.0014431476593,0,0
/home/openssl-openssl-3.1.2/crypto/cms/cms_pwri.c,410,80,40,0.175323009491,0.000860691070557,0,0
/home/openssl-openssl-3.1.2/crypto/cms/cms_rsa.c,276,80,40,0.302036046982,0.000524044036865,0,0
/home/openssl-openssl-3.1.2/crypto/cms/cms_sd.c,1123,80,40,0.455696105957,0.000741958618164,0,0
/home/openssl-openssl-3.1.2/crypto/cms/cms_smime.c,977,80,40,0.316588878632,0.000722885131836,0,0
/home/openssl-openssl-3.1.2/crypto/comp/c_zlib.c,646,80,40,0.0447919368744,0.00175309181213,0,0
/home/openssl-openssl-3.1.2/crypto/comp/comp_err.c,42,80,40,0.050509929657,0.0011670589447,0,0
/home/openssl-openssl-3.1.2/crypto/comp/comp_lib.c,94,80,40,0.12073302269,0.000933885574341,0,0
/home/openssl-openssl-3.1.2/crypto/conf/conf_api.c,215,80,40,0.250264167786,0.00170087814331,0,0
/home/openssl-openssl-3.1.2/crypto/conf/conf_def.c,1025,80,40,0.252306938171,0.00104832649231,0,0
/home/openssl-openssl-3.1.2/crypto/conf/conf_err.c,73,80,40,0.0476200580597,0.0017249584198,0,0
/home/openssl-openssl-3.1.2/crypto/conf/conf_lib.c,471,80,40,0.570963859558,0.00137090682983,0,0
/home/openssl-openssl-3.1.2/crypto/conf/conf_mall.c,39,80,40,0.0143461227417,0.00229096412659,0,0
/home/openssl-openssl-3.1.2/crypto/conf/conf_mod.c,700,80,40,0.958260059357,0.000642061233521,0,0
/home/openssl-openssl-3.1.2/crypto/conf/conf_sap.c,80,80,40,0.0657198429108,0.000734806060791,0,0
/home/openssl-openssl-3.1.2/crypto/conf/conf_ssl.c,183,80,40,0.0979959964752,0.00104379653931,0,0
/home/openssl-openssl-3.1.2/crypto/crmf/crmf_asn.c,236,80,40,1.20791101456,0.00220918655396,0,0
/home/openssl-openssl-3.1.2/crypto/crmf/crmf_err.c,75,80,40,0.0386419296265,0.000797986984253,0,0
/home/openssl-openssl-3.1.2/crypto/crmf/crmf_lib.c,716,80,40,0.328523159027,0.000828981399536,0,0
/home/openssl-openssl-3.1.2/crypto/crmf/crmf_pbm.c,233,80,40,0.120476007462,0.000730037689209,0,0
/home/openssl-openssl-3.1.2/crypto/ct/ct_b64.c,177,80,40,0.172380924225,0.000580787658691,0,0
/home/openssl-openssl-3.1.2/crypto/ct/ct_err.c,62,80,40,0.0386958122253,0.000762939453125,0,0
/home/openssl-openssl-3.1.2/crypto/ct/ct_log.c,353,80,40,0.254759073257,0.00192618370056,0,0
/home/openssl-openssl-3.1.2/crypto/ct/ct_oct.c,408,80,40,0.172022819519,0.000870704650879,0,0
/home/openssl-openssl-3.1.2/crypto/ct/ct_policy.c,116,80,40,0.11150097847,0.000976085662842,0,0
/home/openssl-openssl-3.1.2/crypto/ct/ct_prn.c,128,80,40,0.0636119842529,0.000871896743774,0,0
/home/openssl-openssl-3.1.2/crypto/ct/ct_sct.c,397,80,40,0.137937068939,0.000734090805054,0,0
/home/openssl-openssl-3.1.2/crypto/ct/ct_sct_ctx.c,279,80,40,0.158828020096,0.000684022903442,0,0
/home/openssl-openssl-3.1.2/crypto/ct/ct_vfy.c,142,80,40,0.0986199378967,0.00104689598083,0,0
/home/openssl-openssl-3.1.2/crypto/ct/ct_x509v3.c,105,80,40,0.146774053574,0.000739097595215,0,0
/home/openssl-openssl-3.1.2/crypto/des/cbc_cksm.c,60,80,40,0.0559418201447,0.000807046890259,0,0
/home/openssl-openssl-3.1.2/crypto/des/cbc_enc.c,19,80,40,8.41617584229e-05,0.0010929107666,0,0
/home/openssl-openssl-3.1.2/crypto/des/cfb64ede.c,196,80,40,0.0312030315399,0.000868797302246,0,0
/home/openssl-openssl-3.1.2/crypto/des/cfb64enc.c,80,80,40,0.0211780071259,0.000747203826904,0,0
/home/openssl-openssl-3.1.2/crypto/des/cfb_enc.c,157,80,40,0.0286459922791,0.00160002708435,0,0
/home/openssl-openssl-3.1.2/crypto/des/des_enc.c,306,80,40,0.0583031177521,0.00104689598083,0,0
/home/openssl-openssl-3.1.2/crypto/des/ecb3_enc.c,40,80,40,0.0215590000153,0.00268864631653,0,0
/home/openssl-openssl-3.1.2/crypto/des/ecb_enc.c,55,80,40,0.0564970970154,0.000822067260742,0,0
/home/openssl-openssl-3.1.2/crypto/des/fcrypt.c,156,80,40,0.0794200897217,0.000921964645386,0,0
/home/openssl-openssl-3.1.2/crypto/des/fcrypt_b.c,79,80,40,0.0195219516754,0.00192379951477,0,0
/home/openssl-openssl-3.1.2/crypto/des/ofb64ede.c,69,80,40,0.031229019165,0.000883102416992,0,0
/home/openssl-openssl-3.1.2/crypto/des/ofb64enc.c,67,80,40,0.0266230106354,0.00161504745483,0,0
/home/openssl-openssl-3.1.2/crypto/des/ofb_enc.c,89,80,40,0.0216960906982,0.00081992149353,0,0
/home/openssl-openssl-3.1.2/crypto/des/pcbc_enc.c,73,80,40,0.021980047226,0.000604867935181,0,0
/home/openssl-openssl-3.1.2/crypto/des/qud_cksm.c,84,80,40,0.0472838878632,0.00344491004944,0,0
/home/openssl-openssl-3.1.2/crypto/des/rand_key.c,28,80,40,0.0838232040405,0.00104999542236,0,0
/home/openssl-openssl-3.1.2/crypto/des/set_key.c,395,80,40,0.155076026917,0.000818967819214,0,0
/home/openssl-openssl-3.1.2/crypto/des/str2key.c,84,80,40,0.0398979187012,0.00104784965515,0,0
/home/openssl-openssl-3.1.2/crypto/des/xcbc_enc.c,110,80,40,0.0276410579681,0.000603199005127,0,0
/home/openssl-openssl-3.1.2/crypto/dh/dh_ameth.c,649,80,40,0.426986932755,0.0024471282959,0,0
/home/openssl-openssl-3.1.2/crypto/dh/dh_asn1.c,168,80,40,0.239964962006,0.000900745391846,0,0
/home/openssl-openssl-3.1.2/crypto/dh/dh_backend.c,251,80,40,0.145252227783,0.000584840774536,0,0
/home/openssl-openssl-3.1.2/crypto/dh/dh_check.c,348,80,40,0.1615858078,0.000808000564575,0,0
/home/openssl-openssl-3.1.2/crypto/dh/dh_depr.c,49,80,40,0.0456171035767,0.00139498710632,0,0
/home/openssl-openssl-3.1.2/crypto/dh/dh_err.c,76,80,40,0.0757050514221,0.00109195709229,0,0
/home/openssl-openssl-3.1.2/crypto/dh/dh_gen.c,239,80,40,0.170665025711,0.00103807449341,0,0
/home/openssl-openssl-3.1.2/crypto/dh/dh_group_params.c,100,80,40,0.123920202255,0.00144481658936,0,0
/home/openssl-openssl-3.1.2/crypto/dh/dh_kdf.c,81,80,40,0.131142139435,0.000940084457397,0,0
/home/openssl-openssl-3.1.2/crypto/dh/dh_key.c,443,80,40,0.266637086868,0.00219321250916,0,0
/home/openssl-openssl-3.1.2/crypto/dh/dh_lib.c,331,80,40,0.3096139431,0.0044960975647,0,0
/home/openssl-openssl-3.1.2/crypto/dh/dh_meth.c,180,80,40,0.12625002861,0.000744104385376,0,0
/home/openssl-openssl-3.1.2/crypto/dh/dh_pmeth.c,543,80,40,0.289657831192,0.000604152679443,0,0
/home/openssl-openssl-3.1.2/crypto/dh/dh_prn.c,37,80,40,0.0773849487305,0.00242686271667,0,0
/home/openssl-openssl-3.1.2/crypto/dh/dh_rfc5114.c,48,80,40,0.0528628826141,0.00931406021118,0,0
/home/openssl-openssl-3.1.2/crypto/dsa/dsa_ameth.c,585,80,40,0.364784002304,0.000791788101196,0,0
/home/openssl-openssl-3.1.2/crypto/dsa/dsa_asn1.c,73,80,40,0.266143083572,0.00084400177002,0,0
/home/openssl-openssl-3.1.2/crypto/dsa/dsa_backend.c,196,80,40,0.128666877747,0.000642061233521,0,0
/home/openssl-openssl-3.1.2/crypto/dsa/dsa_check.c,96,80,40,0.158164024353,0.000689029693604,0,0
/home/openssl-openssl-3.1.2/crypto/dsa/dsa_depr.c,58,80,40,0.0477299690247,0.00115418434143,0,0
/home/openssl-openssl-3.1.2/crypto/dsa/dsa_err.c,56,80,40,0.0556581020355,0.000734806060791,0,0
/home/openssl-openssl-3.1.2/crypto/dsa/dsa_gen.c,78,80,40,0.12908411026,0.000982046127319,0,0
/home/openssl-openssl-3.1.2/crypto/dsa/dsa_key.c,223,80,40,0.144509077072,0.00174808502197,0,0
/home/openssl-openssl-3.1.2/crypto/dsa/dsa_lib.c,363,80,40,0.308320045471,0.00123500823975,0,0
/home/openssl-openssl-3.1.2/crypto/dsa/dsa_meth.c,225,80,40,0.119766950607,0.00148892402649,0,0
/home/openssl-openssl-3.1.2/crypto/dsa/dsa_ossl.c,482,80,40,0.24825501442,0.000756025314331,0,0
/home/openssl-openssl-3.1.2/crypto/dsa/dsa_pmeth.c,298,80,40,0.215698003769,0.000895738601685,0,0
/home/openssl-openssl-3.1.2/crypto/dsa/dsa_prn.c,80,80,40,0.0893380641937,0.013965845108,0,0
/home/openssl-openssl-3.1.2/crypto/dsa/dsa_sign.c,210,80,40,0.237925052643,0.0010621547699,0,0
/home/openssl-openssl-3.1.2/crypto/dsa/dsa_vrf.c,24,80,40,0.0345759391785,0.00110387802124,0,0
/home/openssl-openssl-3.1.2/crypto/dso/dso_dl.c,288,80,40,0.000671863555908,0.000839233398438,0,0
/home/openssl-openssl-3.1.2/crypto/dso/dso_dlfcn.c,457,80,40,0.227488040924,0.00146698951721,0,0
/home/openssl-openssl-3.1.2/crypto/dso/dso_err.c,57,80,40,0.0425870418549,0.000859022140503,0,0
/home/openssl-openssl-3.1.2/crypto/dso/dso_lib.c,339,80,40,0.24330496788,0.00108289718628,0,0
/home/openssl-openssl-3.1.2/crypto/dso/dso_openssl.c,23,80,40,0.000936985015869,0.000730037689209,0,0
/home/openssl-openssl-3.1.2/crypto/dso/dso_vms.c,490,80,40,0.00122499465942,0.00134110450745,0,0
/home/openssl-openssl-3.1.2/crypto/dso/dso_win32.c,672,80,40,0.000792026519775,0.00145101547241,0,0
/home/openssl-openssl-3.1.2/crypto/ec/curve448/arch_32/f_impl32.c,106,80,40,0.000205993652344,0.000623941421509,0,0
/home/openssl-openssl-3.1.2/crypto/ec/curve448/arch_64/f_impl64.c,211,80,40,0.0306220054626,0.000870943069458,0,0
/home/openssl-openssl-3.1.2/crypto/ec/curve448/curve448.c,740,80,40,0.138148069382,0.00169205665588,0,0
/home/openssl-openssl-3.1.2/crypto/ec/curve448/curve448_tables.c,1484,80,40,6.19888305664e-05,0.000818967819214,0,0
/home/openssl-openssl-3.1.2/crypto/ec/curve448/eddsa.c,424,80,40,0.22342300415,0.00081205368042,0,0
/home/openssl-openssl-3.1.2/crypto/ec/curve448/f_generic.c,205,80,40,0.0585329532623,0.00195908546448,0,0
/home/openssl-openssl-3.1.2/crypto/ec/curve448/scalar.c,241,80,40,0.0455181598663,0.00112795829773,0,0
/home/openssl-openssl-3.1.2/crypto/ec/curve25519.c,5648,80,40,0.22812795639,0.00124716758728,0,0
/home/openssl-openssl-3.1.2/crypto/ec/ec2_oct.c,391,80,40,0.141402006149,0.000854015350342,0,0
/home/openssl-openssl-3.1.2/crypto/ec/ec2_smpl.c,1004,80,40,0.340957164764,0.0107338428497,0,0
/home/openssl-openssl-3.1.2/crypto/ec/ec_ameth.c,722,80,40,0.585967063904,0.00077486038208,0,0
/home/openssl-openssl-3.1.2/crypto/ec/ec_asn1.c,1341,80,40,0.571731805801,0.000683784484863,0,0
/home/openssl-openssl-3.1.2/crypto/ec/ec_backend.c,844,80,40,0.268460035324,0.00357103347778,0,0
/home/openssl-openssl-3.1.2/crypto/ec/ec_check.c,119,80,40,0.135354995728,0.000706195831299,0,0
/home/openssl-openssl-3.1.2/crypto/ec/ec_curve.c,3441,80,40,0.192014932632,0.00176692008972,0,0
/home/openssl-openssl-3.1.2/crypto/ec/ec_cvt.c,90,80,40,0.0591659545898,0.00114369392395,0,0
/home/openssl-openssl-3.1.2/crypto/ec/ec_deprecated.c,79,80,40,0.0493891239166,0.0013747215271,0,0
/home/openssl-openssl-3.1.2/crypto/ec/ec_err.c,137,80,40,0.0413010120392,0.000851154327393,0,0
/home/openssl-openssl-3.1.2/crypto/ec/ec_key.c,1094,80,40,0.411290884018,0.00215077400208,0,0
/home/openssl-openssl-3.1.2/crypto/ec/ec_kmeth.c,345,80,40,0.223299980164,0.000646114349365,0,0
/home/openssl-openssl-3.1.2/crypto/ec/ec_lib.c,1761,80,40,0.751422166824,0.00160598754883,0,0
/home/openssl-openssl-3.1.2/crypto/ec/ec_mult.c,995,80,40,0.2577688694,0.00453233718872,0,0
/home/openssl-openssl-3.1.2/crypto/ec/ec_oct.c,155,80,40,0.385699987411,0.00182914733887,0,0
/home/openssl-openssl-3.1.2/crypto/ec/ec_pmeth.c,520,80,40,0.240490913391,0.000769853591919,0,0
/home/openssl-openssl-3.1.2/crypto/ec/ec_print.c,86,80,40,0.0880529880524,0.000651121139526,0,0
/home/openssl-openssl-3.1.2/crypto/ec/ecdh_kdf.c,66,80,40,0.0817649364471,0.000827789306641,0,0
/home/openssl-openssl-3.1.2/crypto/ec/ecdh_ossl.c,147,80,40,0.10106086731,0.00240802764893,0,0
/home/openssl-openssl-3.1.2/crypto/ec/ecdsa_ossl.c,482,80,40,0.254084825516,0.00107407569885,0,0
/home/openssl-openssl-3.1.2/crypto/ec/ecdsa_sign.c,59,80,40,0.185534954071,0.000670194625854,0,0
/home/openssl-openssl-3.1.2/crypto/ec/ecdsa_vrf.c,50,80,40,0.096479177475,0.00134086608887,0,0
/home/openssl-openssl-3.1.2/crypto/ec/eck_prn.c,263,80,40,0.117558002472,0.00100207328796,0,0
/home/openssl-openssl-3.1.2/crypto/ec/ecp_mont.c,301,80,40,0.249078035355,0.000890970230103,0,0
/home/openssl-openssl-3.1.2/crypto/ec/ecp_nist.c,177,80,40,0.108804941177,0.00266289710999,0,0
/home/openssl-openssl-3.1.2/crypto/ec/ecp_nistz256.c,1531,80,40,0.237380981445,0.00245904922485,0,0
/home/openssl-openssl-3.1.2/crypto/ec/ecp_oct.c,373,80,40,0.149842023849,0.00075888633728,0,0
/home/openssl-openssl-3.1.2/crypto/ec/ecp_smpl.c,1724,80,40,0.463536024094,0.00181889533997,0,0
/home/openssl-openssl-3.1.2/crypto/ec/ecx_backend.c,261,80,40,0.173120975494,0.000778198242188,0,0
/home/openssl-openssl-3.1.2/crypto/ec/ecx_key.c,99,80,40,0.108423948288,0.000989198684692,0,0
/home/openssl-openssl-3.1.2/crypto/ec/ecx_meth.c,1425,80,40,0.694462060928,0.00223803520203,0,0
/home/openssl-openssl-3.1.2/crypto/encode_decode/decoder_err.c,37,80,40,0.038348197937,0.00159287452698,0,0
/home/openssl-openssl-3.1.2/crypto/encode_decode/decoder_lib.c,1008,80,40,0.696629047394,0.00116515159607,0,0
/home/openssl-openssl-3.1.2/crypto/encode_decode/decoder_meth.c,677,80,40,0.41302895546,0.00345516204834,0,0
/home/openssl-openssl-3.1.2/crypto/encode_decode/decoder_pkey.c,512,80,40,0.697043895721,0.00269889831543,0,0
/home/openssl-openssl-3.1.2/crypto/encode_decode/encoder_err.c,37,80,40,0.0486941337585,0.000763893127441,0,0
/home/openssl-openssl-3.1.2/crypto/encode_decode/encoder_lib.c,675,80,40,0.247864961624,0.0012321472168,0,0
/home/openssl-openssl-3.1.2/crypto/encode_decode/encoder_meth.c,658,80,40,0.411469936371,0.00100183486938,0,0
/home/openssl-openssl-3.1.2/crypto/encode_decode/encoder_pkey.c,403,80,40,0.648151159286,0.00238609313965,0,0
/home/openssl-openssl-3.1.2/crypto/engine/eng_all.c,25,80,40,0.0177788734436,0.000870227813721,0,0
/home/openssl-openssl-3.1.2/crypto/engine/eng_cnf.c,186,80,40,0.131718158722,0.000690937042236,0,0
/home/openssl-openssl-3.1.2/crypto/engine/eng_ctrl.c,328,80,40,0.155308008194,0.000885963439941,0,0
/home/openssl-openssl-3.1.2/crypto/engine/eng_dyn.c,539,80,40,0.132823944092,0.000688076019287,0,0
/home/openssl-openssl-3.1.2/crypto/engine/eng_err.c,95,80,40,0.0544049739838,0.00111699104309,0,0
/home/openssl-openssl-3.1.2/crypto/engine/eng_fat.c,122,80,40,0.108652830124,0.000741720199585,0,0
/home/openssl-openssl-3.1.2/crypto/engine/eng_init.c,116,80,40,0.133174180984,0.000737905502319,0,0
/home/openssl-openssl-3.1.2/crypto/engine/eng_lib.c,302,80,40,0.201833963394,0.000700235366821,0,0
/home/openssl-openssl-3.1.2/crypto/engine/eng_list.c,445,80,40,0.179617166519,0.000698804855347,0,0
/home/openssl-openssl-3.1.2/crypto/engine/eng_openssl.c,669,80,40,0.355150938034,0.00431394577026,0,0
/home/openssl-openssl-3.1.2/crypto/engine/eng_pkey.c,139,80,40,0.12756896019,0.000714063644409,0,0
/home/openssl-openssl-3.1.2/crypto/engine/eng_rdrand.c,110,80,40,0.112145900726,0.000938177108765,0,0
/home/openssl-openssl-3.1.2/crypto/engine/eng_table.c,310,80,40,0.127216100693,0.000575065612793,0,0
/home/openssl-openssl-3.1.2/crypto/engine/tb_asnmth.c,215,80,40,0.156896114349,0.000905990600586,0,0
/home/openssl-openssl-3.1.2/crypto/engine/tb_cipher.c,96,80,40,0.14181804657,0.000813007354736,0,0
/home/openssl-openssl-3.1.2/crypto/engine/tb_dh.c,77,80,40,0.134187936783,0.00304222106934,0,0
/home/openssl-openssl-3.1.2/crypto/engine/tb_digest.c,96,80,40,0.148787021637,0.000748157501221,0,0
/home/openssl-openssl-3.1.2/crypto/engine/tb_dsa.c,77,80,40,0.099808216095,0.00155901908875,0,0
/home/openssl-openssl-3.1.2/crypto/engine/tb_eckey.c,77,80,40,0.107676029205,0.00317692756653,0,0
/home/openssl-openssl-3.1.2/crypto/engine/tb_pkmeth.c,118,80,40,0.131042957306,0.00156569480896,0,0
/home/openssl-openssl-3.1.2/crypto/engine/tb_rand.c,77,80,40,0.128674030304,0.000891923904419,0,0
/home/openssl-openssl-3.1.2/crypto/engine/tb_rsa.c,77,80,40,0.11617398262,0.00098991394043,0,0
/home/openssl-openssl-3.1.2/crypto/err/err.c,952,80,40,0.602639913559,0.00100111961365,0,0
/home/openssl-openssl-3.1.2/crypto/err/err_all.c,114,80,40,0.0596680641174,0.000899076461792,0,0
/home/openssl-openssl-3.1.2/crypto/err/err_all_legacy.c,107,80,40,0.43870306015,0.000560998916626,0,0
/home/openssl-openssl-3.1.2/crypto/err/err_blocks.c,118,80,40,0.0224969387054,0.000753879547119,0,0
/home/openssl-openssl-3.1.2/crypto/err/err_prn.c,187,80,40,0.0526559352875,0.00145411491394,0,0
/home/openssl-openssl-3.1.2/crypto/ess/ess_asn1.c,59,80,40,0.465276002884,0.000852108001709,0,0
/home/openssl-openssl-3.1.2/crypto/ess/ess_err.c,49,80,40,0.0634939670563,0.000921964645386,0,0
/home/openssl-openssl-3.1.2/crypto/ess/ess_lib.c,316,80,40,0.190958976746,0.00080394744873,0,0
/home/openssl-openssl-3.1.2/crypto/evp/asymcipher.c,553,80,40,0.509832143784,0.00742793083191,0,0
/home/openssl-openssl-3.1.2/crypto/evp/bio_b64.c,547,80,40,0.261783123016,0.000997066497803,0,0
/home/openssl-openssl-3.1.2/crypto/evp/bio_enc.c,449,80,40,0.226999998093,0.00079083442688,0,0
/home/openssl-openssl-3.1.2/crypto/evp/bio_md.c,223,80,40,0.170068025589,0.00091290473938,0,0
/home/openssl-openssl-3.1.2/crypto/evp/bio_ok.c,602,80,40,0.215622901917,0.0010929107666,0,0
/home/openssl-openssl-3.1.2/crypto/evp/c_allc.c,266,80,40,0.0218360424042,0.000699043273926,0,0
/home/openssl-openssl-3.1.2/crypto/evp/c_alld.c,61,80,40,0.0217351913452,0.000613927841187,0,0
/home/openssl-openssl-3.1.2/crypto/evp/cmeth_lib.c,202,80,40,0.1234998703,0.00104832649231,0,0
/home/openssl-openssl-3.1.2/crypto/evp/ctrl_params_translate.c,2870,80,40,0.945140838623,0.00239205360413,0,0
/home/openssl-openssl-3.1.2/crypto/evp/dh_ctrl.c,347,80,40,0.478166103363,0.00106596946716,0,0
/home/openssl-openssl-3.1.2/crypto/evp/dh_support.c,64,80,40,0.0558948516846,0.000631093978882,0,0
/home/openssl-openssl-3.1.2/crypto/evp/digest.c,1133,80,40,0.693233966827,0.000970125198364,0,0
/home/openssl-openssl-3.1.2/crypto/evp/dsa_ctrl.c,133,80,40,0.319900989532,0.000820159912109,0,0
/home/openssl-openssl-3.1.2/crypto/evp/e_aes.c,4163,80,40,0.824868917465,0.00134801864624,0,0
/home/openssl-openssl-3.1.2/crypto/evp/e_aes_cbc_hmac_sha1.c,977,80,40,0.212598085403,0.00310897827148,0,0
/home/openssl-openssl-3.1.2/crypto/evp/e_aes_cbc_hmac_sha256.c,956,80,40,0.224244832993,0.000909090042114,0,0
/home/openssl-openssl-3.1.2/crypto/evp/e_aria.c,791,80,40,0.66623711586,0.000656843185425,0,0
/home/openssl-openssl-3.1.2/crypto/evp/e_bf.c,50,80,40,0.160727024078,0.000747680664062,0,0
/home/openssl-openssl-3.1.2/crypto/evp/e_camellia.c,350,80,40,0.545819997787,0.000855684280396,0,0
/home/openssl-openssl-3.1.2/crypto/evp/e_cast.c,52,80,40,0.157058000565,0.00166511535645,0,0
/home/openssl-openssl-3.1.2/crypto/evp/e_chacha20_poly1305.c,635,80,40,0.22022986412,0.00613713264465,0,0
/home/openssl-openssl-3.1.2/crypto/evp/e_des.c,247,80,40,0.199339151382,0.000844955444336,0,0
/home/openssl-openssl-3.1.2/crypto/evp/e_des3.c,426,80,40,0.395081996918,0.00551986694336,0,0
/home/openssl-openssl-3.1.2/crypto/evp/e_idea.c,79,80,40,0.14253616333,0.00171780586243,0,0
/home/openssl-openssl-3.1.2/crypto/evp/e_null.c,52,80,40,0.0713551044464,0.00113606452942,0,0
/home/openssl-openssl-3.1.2/crypto/evp/e_old.c,109,80,40,0.228882074356,0.00075101852417,0,0
/home/openssl-openssl-3.1.2/crypto/evp/e_rc2.c,199,80,40,0.389969825745,0.00149297714233,0,0
/home/openssl-openssl-3.1.2/crypto/evp/e_rc4.c,95,80,40,0.12438583374,0.013338804245,0,0
/home/openssl-openssl-3.1.2/crypto/evp/e_rc4_hmac_md5.c,274,80,40,0.159041881561,0.00135707855225,0,0
/home/openssl-openssl-3.1.2/crypto/evp/e_rc5.c,85,80,40,0.000939846038818,0.000617265701294,0,0
/home/openssl-openssl-3.1.2/crypto/evp/e_seed.c,42,80,40,0.179218053818,0.00125598907471,0,0
/home/openssl-openssl-3.1.2/crypto/evp/e_sm4.c,228,80,40,0.187061071396,0.00121784210205,0,0
/home/openssl-openssl-3.1.2/crypto/evp/e_xcbc_d.c,92,80,40,0.0787351131439,0.00074291229248,0,0
/home/openssl-openssl-3.1.2/crypto/evp/ec_ctrl.c,303,80,40,0.261556863785,0.0012469291687,0,0
/home/openssl-openssl-3.1.2/crypto/evp/ec_support.c,189,80,40,0.095782995224,0.000959157943726,0,0
/home/openssl-openssl-3.1.2/crypto/evp/encode.c,479,80,40,0.285708189011,0.000710725784302,0,0
/home/openssl-openssl-3.1.2/crypto/evp/evp_cnf.c,75,80,40,0.0673661231995,0.00158977508545,0,0
/home/openssl-openssl-3.1.2/crypto/evp/evp_enc.c,1723,80,40,0.760732889175,0.000866174697876,0,0
/home/openssl-openssl-3.1.2/crypto/evp/evp_err.c,209,80,40,0.0447020530701,0.00216293334961,0,0
/home/openssl-openssl-3.1.2/crypto/evp/evp_fetch.c,632,80,40,0.415474176407,0.00850296020508,0,0
/home/openssl-openssl-3.1.2/crypto/evp/evp_key.c,155,80,40,0.12793803215,0.000815868377686,0,0
/home/openssl-openssl-3.1.2/crypto/evp/evp_lib.c,1231,80,40,0.679742097855,0.00188207626343,0,0
/home/openssl-openssl-3.1.2/crypto/evp/evp_pbe.c,307,80,40,0.267431974411,0.000736951828003,0,0
/home/openssl-openssl-3.1.2/crypto/evp/evp_pkey.c,268,80,40,0.303719043732,0.000710964202881,0,0
/home/openssl-openssl-3.1.2/crypto/evp/evp_rand.c,683,80,40,0.523736000061,0.0056848526001,0,0
/home/openssl-openssl-3.1.2/crypto/evp/evp_utils.c,82,80,40,0.239326953888,0.000584125518799,0,0
/home/openssl-openssl-3.1.2/crypto/evp/exchange.c,598,80,40,0.401385068893,0.00513219833374,0,0
/home/openssl-openssl-3.1.2/crypto/evp/kdf_lib.c,185,80,40,0.262895107269,0.00151419639587,0,0
/home/openssl-openssl-3.1.2/crypto/evp/kdf_meth.c,233,80,40,0.210672140121,0.00083589553833,0,0
/home/openssl-openssl-3.1.2/crypto/evp/kem.c,483,80,40,0.391403913498,0.000754833221436,0,0
/home/openssl-openssl-3.1.2/crypto/evp/keymgmt_lib.c,590,80,40,0.352828979492,0.000946998596191,0,0
/home/openssl-openssl-3.1.2/crypto/evp/keymgmt_meth.c,487,80,40,0.613579034805,0.000694036483765,0,0
/home/openssl-openssl-3.1.2/crypto/evp/legacy_blake2.c,49,80,40,0.201774120331,0.00157403945923,0,0
/home/openssl-openssl-3.1.2/crypto/evp/legacy_md4.c,35,80,40,0.0936598777771,0.00165510177612,0,0
/home/openssl-openssl-3.1.2/crypto/evp/legacy_md5.c,35,80,40,0.104791879654,0.000777959823608,0,0
/home/openssl-openssl-3.1.2/crypto/evp/legacy_md5_sha1.c,42,80,40,0.148673057556,0.00113415718079,0,0
/home/openssl-openssl-3.1.2/crypto/evp/legacy_mdc2.c,36,80,40,0.101436138153,0.00148701667786,0,0
/home/openssl-openssl-3.1.2/crypto/evp/legacy_ripemd.c,36,80,40,0.0946478843689,0.000766038894653,0,0
/home/openssl-openssl-3.1.2/crypto/evp/legacy_sha.c,229,80,40,0.901669025421,0.000783920288086,0,0
/home/openssl-openssl-3.1.2/crypto/evp/legacy_wp.c,36,80,40,0.109706878662,0.000764131546021,0,0
/home/openssl-openssl-3.1.2/crypto/evp/m_null.c,51,80,40,0.0538120269775,0.000802040100098,0,0
/home/openssl-openssl-3.1.2/crypto/evp/m_sigver.c,677,80,40,0.47204208374,0.0071759223938,0,0
/home/openssl-openssl-3.1.2/crypto/evp/mac_lib.c,304,80,40,0.450658082962,0.00119304656982,0,0
/home/openssl-openssl-3.1.2/crypto/evp/mac_meth.c,247,80,40,0.216639995575,0.000858783721924,0,0
/home/openssl-openssl-3.1.2/crypto/evp/names.c,255,80,40,0.162231206894,0.000575065612793,0,0
/home/openssl-openssl-3.1.2/crypto/evp/p5_crpt.c,121,80,40,0.0781660079956,0.000590085983276,0,0
/home/openssl-openssl-3.1.2/crypto/evp/p5_crpt2.c,272,80,40,0.160855054855,0.000759840011597,0,0
/home/openssl-openssl-3.1.2/crypto/evp/p_dec.c,41,80,40,0.0452389717102,0.00106525421143,0,0
/home/openssl-openssl-3.1.2/crypto/evp/p_enc.c,41,80,40,0.044802904129,0.00132703781128,0,0
/home/openssl-openssl-3.1.2/crypto/evp/p_legacy.c,92,80,40,0.163812875748,0.000595092773438,0,0
/home/openssl-openssl-3.1.2/crypto/evp/p_lib.c,2475,80,40,0.945886850357,0.00122117996216,0,0
/home/openssl-openssl-3.1.2/crypto/evp/p_open.c,73,80,40,0.0896580219269,0.000711917877197,0,0
/home/openssl-openssl-3.1.2/crypto/evp/p_seal.c,87,80,40,0.129904031754,0.00076699256897,0,0
/home/openssl-openssl-3.1.2/crypto/evp/p_sign.c,70,80,40,0.101423978806,0.000827074050903,0,0
/home/openssl-openssl-3.1.2/crypto/evp/p_verify.c,64,80,40,0.10378909111,0.00084114074707,0,0
/home/openssl-openssl-3.1.2/crypto/evp/pbe_scrypt.c,100,80,40,0.103690862656,0.00141096115112,0,0
/home/openssl-openssl-3.1.2/crypto/evp/pmeth_check.c,194,80,40,0.351096868515,0.00134015083313,0,0
/home/openssl-openssl-3.1.2/crypto/evp/pmeth_gn.c,462,80,40,0.399209022522,0.000690698623657,0,0
/home/openssl-openssl-3.1.2/crypto/evp/pmeth_lib.c,2069,80,40,1.19683718681,0.00152778625488,0,0
/home/openssl-openssl-3.1.2/crypto/evp/signature.c,749,80,40,0.391355037689,0.0125088691711,0,0
/home/openssl-openssl-3.1.2/crypto/ffc/ffc_backend.c,131,80,40,0.0866351127625,0.000619888305664,0,0
/home/openssl-openssl-3.1.2/crypto/ffc/ffc_dh.c,174,80,40,0.101155996323,0.0011088848114,0,0
/home/openssl-openssl-3.1.2/crypto/ffc/ffc_key_generate.c,61,80,40,0.0717749595642,0.00140810012817,0,0
/home/openssl-openssl-3.1.2/crypto/ffc/ffc_key_validate.c,131,80,40,0.0993218421936,0.00072193145752,0,0
/home/openssl-openssl-3.1.2/crypto/ffc/ffc_params.c,325,80,40,0.092836856842,0.00122809410095,0,0
/home/openssl-openssl-3.1.2/crypto/ffc/ffc_params_generate.c,1058,80,40,0.329590082169,0.00115609169006,0,0
/home/openssl-openssl-3.1.2/crypto/ffc/ffc_params_validate.c,188,80,40,0.212907075882,0.00109887123108,0,0
/home/openssl-openssl-3.1.2/crypto/hmac/hmac.c,251,80,40,0.19061589241,0.000841856002808,0,0
/home/openssl-openssl-3.1.2/crypto/http/http_client.c,1452,80,40,0.592153787613,0.0685670375824,2,2
/home/openssl-openssl-3.1.2/crypto/http/http_err.c,83,80,40,0.0709359645844,0.00150203704834,0,0
/home/openssl-openssl-3.1.2/crypto/http/http_lib.c,294,80,40,0.106460809708,0.00255107879639,0,0
/home/openssl-openssl-3.1.2/crypto/idea/i_cbc.c,130,80,40,0.0458052158356,0.000861883163452,0,0
/home/openssl-openssl-3.1.2/crypto/idea/i_cfb64.c,87,80,40,0.0266711711884,0.00068998336792,0,0
/home/openssl-openssl-3.1.2/crypto/idea/i_ecb.c,42,80,40,0.0495371818542,0.000784873962402,0,0
/home/openssl-openssl-3.1.2/crypto/idea/i_ofb64.c,74,80,40,0.0237371921539,0.00191068649292,0,0
/home/openssl-openssl-3.1.2/crypto/idea/i_skey.c,120,80,40,0.0553939342499,0.00187921524048,0,0
/home/openssl-openssl-3.1.2/crypto/kdf/kdf_err.c,20,80,40,0.0308611392975,0.000700950622559,0,0
/home/openssl-openssl-3.1.2/crypto/lhash/lh_stats.c,128,80,40,0.0264029502869,0.00165700912476,0,0
/home/openssl-openssl-3.1.2/crypto/lhash/lhash.c,407,80,40,0.121104001999,0.000960111618042,0,0
/home/openssl-openssl-3.1.2/crypto/asn1_dsa.c,253,80,40,0.16850399971,0.000848770141602,0,0
/home/openssl-openssl-3.1.2/crypto/bsearch.c,45,80,40,0.0473301410675,0.00181293487549,0,0
/home/openssl-openssl-3.1.2/crypto/context.c,617,80,40,0.374627113342,0.00253891944885,0,0
/home/openssl-openssl-3.1.2/crypto/core_algorithm.c,200,80,40,0.110962152481,0.000972747802734,0,0
/home/openssl-openssl-3.1.2/crypto/core_fetch.c,172,80,40,0.143036842346,0.000864028930664,0,0
/home/openssl-openssl-3.1.2/crypto/core_namemap.c,536,80,40,0.432851076126,0.000724077224731,0,0
/home/openssl-openssl-3.1.2/crypto/cpt_err.c,89,80,40,0.0399761199951,0.000916004180908,0,0
/home/openssl-openssl-3.1.2/crypto/cpuid.c,215,80,40,0.112248897552,0.00254011154175,0,0
/home/openssl-openssl-3.1.2/crypto/cryptlib.c,283,80,40,0.0491261482239,0.00211691856384,0,0
/home/openssl-openssl-3.1.2/crypto/ctype.c,314,80,40,0.0199379920959,0.000761032104492,0,0
/home/openssl-openssl-3.1.2/crypto/cversion.c,87,80,40,0.126034975052,0.00109577178955,0,0
/home/openssl-openssl-3.1.2/crypto/der_writer.c,200,80,40,0.20617389679,0.000914096832275,0,0
/home/openssl-openssl-3.1.2/crypto/ebcdic.c,362,80,40,2.86102294922e-06,0.00108599662781,0,0
/home/openssl-openssl-3.1.2/crypto/ex_data.c,513,80,40,0.277412891388,0.00211191177368,0,0
/home/openssl-openssl-3.1.2/crypto/getenv.c,104,80,40,0.031063079834,0.00167202949524,0,0
/home/openssl-openssl-3.1.2/crypto/info.c,212,80,40,0.0530359745026,0.00125312805176,0,0
/home/openssl-openssl-3.1.2/crypto/init.c,721,80,40,0.115717887878,0.00257778167725,0,0
/home/openssl-openssl-3.1.2/crypto/initthread.c,461,80,40,0.702715873718,0.00170111656189,0,0
/home/openssl-openssl-3.1.2/crypto/mem.c,338,80,40,0.314189910889,0.00134992599487,0,0
/home/openssl-openssl-3.1.2/crypto/mem_sec.c,724,80,40,0.326771974564,0.00088906288147,0,0
/home/openssl-openssl-3.1.2/crypto/o_dir.c,38,80,40,0.000186920166016,0.00101017951965,0,0
/home/openssl-openssl-3.1.2/crypto/o_fopen.c,127,80,40,0.0790519714355,0.00192713737488,0,0
/home/openssl-openssl-3.1.2/crypto/o_init.c,22,80,40,0.0283770561218,0.00169801712036,0,0
/home/openssl-openssl-3.1.2/crypto/o_str.c,367,80,40,0.342940092087,0.00206685066223,0,0
/home/openssl-openssl-3.1.2/crypto/o_time.c,201,80,40,0.131042003632,0.00113606452942,0,0
/home/openssl-openssl-3.1.2/crypto/packet.c,513,80,40,0.309492826462,0.000665903091431,0,0
/home/openssl-openssl-3.1.2/crypto/param_build.c,392,80,40,0.943879127502,0.00145196914673,0,0
/home/openssl-openssl-3.1.2/crypto/param_build_set.c,124,80,40,0.869430780411,0.000872850418091,0,0
/home/openssl-openssl-3.1.2/crypto/params.c,1536,80,40,0.808457136154,0.00173592567444,0,0
/home/openssl-openssl-3.1.2/crypto/params_dup.c,242,80,40,0.194332122803,0.0013689994812,0,0
/home/openssl-openssl-3.1.2/crypto/params_from_text.c,231,80,40,0.084902048111,0.000777006149292,0,0
/home/openssl-openssl-3.1.2/crypto/passphrase.c,354,80,40,0.237236976624,0.000717878341675,0,0
/home/openssl-openssl-3.1.2/crypto/provider.c,150,80,40,0.325313091278,0.000860929489136,0,0
/home/openssl-openssl-3.1.2/crypto/provider_child.c,317,80,40,0.700408935547,0.00135183334351,0,0
/home/openssl-openssl-3.1.2/crypto/provider_conf.c,320,80,40,0.660742998123,0.00103402137756,0,0
/home/openssl-openssl-3.1.2/crypto/provider_core.c,2154,80,40,0.965980052948,0.000941038131714,0,0
/home/openssl-openssl-3.1.2/crypto/provider_predefined.c,33,80,40,4.50611114502e-05,0.00112390518188,0,0
/home/openssl-openssl-3.1.2/crypto/punycode.c,333,80,40,0.181755065918,0.00288581848145,0,0
/home/openssl-openssl-3.1.2/crypto/self_test_core.c,167,80,40,0.143064022064,0.00117588043213,0,0
/home/openssl-openssl-3.1.2/crypto/sparse_array.c,217,80,40,0.126621007919,0.000676870346069,0,0
/home/openssl-openssl-3.1.2/crypto/threads_lib.c,28,80,40,0.0173699855804,0.00134515762329,0,0
/home/openssl-openssl-3.1.2/crypto/threads_none.c,166,80,40,0.0011420249939,0.000638008117676,0,0
/home/openssl-openssl-3.1.2/crypto/threads_pthread.c,287,80,40,0.201987981796,0.00213003158569,0,0
/home/openssl-openssl-3.1.2/crypto/threads_win.c,264,80,40,0.000173091888428,0.00101184844971,0,0
/home/openssl-openssl-3.1.2/crypto/trace.c,533,80,40,0.119547128677,0.00161695480347,0,0
/home/openssl-openssl-3.1.2/crypto/uid.c,56,80,40,0.0274839401245,0.000876903533936,0,0
/home/openssl-openssl-3.1.2/crypto/md4/md4_dgst.c,154,80,40,0.0609829425812,0.000776052474976,0,0
/home/openssl-openssl-3.1.2/crypto/md4/md4_one.c,54,80,40,0.0556280612946,0.00101709365845,0,0
/home/openssl-openssl-3.1.2/crypto/md5/md5_dgst.c,171,80,40,0.0431990623474,0.00138092041016,0,0
/home/openssl-openssl-3.1.2/crypto/md5/md5_one.c,54,80,40,0.048798084259,0.000838041305542,0,0
/home/openssl-openssl-3.1.2/crypto/md5/md5_sha1.c,109,80,40,0.202016115189,0.000960111618042,0,0
/home/openssl-openssl-3.1.2/crypto/mdc2/mdc2_one.c,34,80,40,0.0453159809113,0.000761747360229,0,0
/home/openssl-openssl-3.1.2/crypto/mdc2/mdc2dgst.c,133,80,40,0.047886133194,0.00139474868774,0,0
/home/openssl-openssl-3.1.2/crypto/modes/cbc128.c,173,80,40,0.0318319797516,0.000771999359131,0,0
/home/openssl-openssl-3.1.2/crypto/modes/ccm128.c,443,80,40,0.145055055618,0.000558853149414,0,0
/home/openssl-openssl-3.1.2/crypto/modes/cfb128.c,212,80,40,0.0350041389465,0.000909805297852,0,0
/home/openssl-openssl-3.1.2/crypto/modes/ctr128.c,213,80,40,0.0357849597931,0.00147795677185,0,0
/home/openssl-openssl-3.1.2/crypto/modes/cts128.c,331,80,40,0.0725860595703,0.000647068023682,0,0
/home/openssl-openssl-3.1.2/crypto/modes/gcm128.c,1542,80,40,0.160274982452,0.000999927520752,0,0
/home/openssl-openssl-3.1.2/crypto/modes/ocb128.c,563,80,40,0.248111009598,0.00129985809326,0,0
/home/openssl-openssl-3.1.2/crypto/modes/ofb128.c,87,80,40,0.02312707901,0.00108194351196,0,0
/home/openssl-openssl-3.1.2/crypto/modes/siv128.c,394,80,40,0.226945161819,0.0014021396637,0,0
/home/openssl-openssl-3.1.2/crypto/modes/wrap128.c,332,80,40,0.135715007782,0.00124478340149,0,0
/home/openssl-openssl-3.1.2/crypto/modes/xts128.c,162,80,40,0.0632798671722,0.000840187072754,0,0
/home/openssl-openssl-3.1.2/crypto/objects/o_names.c,390,80,40,0.192651987076,0.000951051712036,0,0
/home/openssl-openssl-3.1.2/crypto/objects/obj_dat.c,824,80,40,0.81364607811,0.00124287605286,0,0
/home/openssl-openssl-3.1.2/crypto/objects/obj_err.c,35,80,40,0.0680439472198,0.000928163528442,0,0
/home/openssl-openssl-3.1.2/crypto/objects/obj_lib.c,66,80,40,0.123488903046,0.00213432312012,0,0
/home/openssl-openssl-3.1.2/crypto/objects/obj_xref.c,225,80,40,0.259294986725,0.00117015838623,0,0
/home/openssl-openssl-3.1.2/crypto/ocsp/ocsp_asn.c,136,80,40,1.02864694595,0.000591039657593,0,0
/home/openssl-openssl-3.1.2/crypto/ocsp/ocsp_cl.c,369,80,40,0.367373943329,0.00109815597534,0,0
/home/openssl-openssl-3.1.2/crypto/ocsp/ocsp_err.c,76,80,40,0.0687930583954,0.00100421905518,0,0
/home/openssl-openssl-3.1.2/crypto/ocsp/ocsp_ext.c,473,80,40,0.983247995377,0.00192904472351,0,0
/home/openssl-openssl-3.1.2/crypto/ocsp/ocsp_http.c,69,80,40,0.0663151741028,0.00127196311951,0,0
/home/openssl-openssl-3.1.2/crypto/ocsp/ocsp_lib.c,114,80,40,0.159534931183,0.000777244567871,0,0
/home/openssl-openssl-3.1.2/crypto/ocsp/ocsp_prn.c,247,80,40,0.190213918686,0.000680208206177,0,0
/home/openssl-openssl-3.1.2/crypto/ocsp/ocsp_srv.c,328,80,40,0.313291072845,0.00074315071106,0,0
/home/openssl-openssl-3.1.2/crypto/ocsp/ocsp_vfy.c,441,80,40,0.221791028976,0.00212907791138,0,0
/home/openssl-openssl-3.1.2/crypto/ocsp/v3_ocsp.c,265,80,40,0.186847925186,0.00260710716248,0,0
/home/openssl-openssl-3.1.2/crypto/pem/pem_all.c,227,80,40,1.52638912201,0.00107192993164,0,0
/home/openssl-openssl-3.1.2/crypto/pem/pem_err.c,75,80,40,0.0679790973663,0.000980138778687,0,0
/home/openssl-openssl-3.1.2/crypto/pem/pem_info.c,312,80,40,0.137732982635,0.000669002532959,0,0
/home/openssl-openssl-3.1.2/crypto/pem/pem_lib.c,1030,80,40,0.401128053665,0.00357794761658,0,0
/home/openssl-openssl-3.1.2/crypto/pem/pem_oth.c,37,80,40,0.0463988780975,0.000916242599487,0,0
/home/openssl-openssl-3.1.2/crypto/pem/pem_pk8.c,274,80,40,0.409747838974,0.000713109970093,0,0
/home/openssl-openssl-3.1.2/crypto/pem/pem_pkey.c,441,80,40,0.457693099976,0.0018150806427,0,0
/home/openssl-openssl-3.1.2/crypto/pem/pem_sign.c,52,80,40,0.1088950634,0.00123906135559,0,0
/home/openssl-openssl-3.1.2/crypto/pem/pem_x509.c,19,80,40,0.127549171448,0.00117778778076,0,0
/home/openssl-openssl-3.1.2/crypto/pem/pem_xaux.c,19,80,40,0.0957169532776,0.00075626373291,0,0
/home/openssl-openssl-3.1.2/crypto/pem/pvkfmt.c,1126,80,40,0.43196606636,0.00226497650146,0,0
/home/openssl-openssl-3.1.2/crypto/pkcs12/p12_add.c,205,80,40,0.251284837723,0.000717639923096,0,0
/home/openssl-openssl-3.1.2/crypto/pkcs12/p12_asn.c,77,80,40,0.314560174942,0.000823974609375,0,0
/home/openssl-openssl-3.1.2/crypto/pkcs12/p12_attr.c,122,80,40,0.135766983032,0.000919103622437,0,0
/home/openssl-openssl-3.1.2/crypto/pkcs12/p12_crpt.c,86,80,40,0.124132156372,0.000762939453125,0,0
/home/openssl-openssl-3.1.2/crypto/pkcs12/p12_crt.c,338,80,40,0.226368904114,0.000725030899048,0,0
/home/openssl-openssl-3.1.2/crypto/pkcs12/p12_decr.c,213,80,40,0.152003765106,0.0010039806366,0,0
/home/openssl-openssl-3.1.2/crypto/pkcs12/p12_init.c,59,80,40,0.0831189155579,0.00143980979919,0,0
/home/openssl-openssl-3.1.2/crypto/pkcs12/p12_key.c,139,80,40,0.151705980301,0.00194978713989,0,0
/home/openssl-openssl-3.1.2/crypto/pkcs12/p12_kiss.c,260,80,40,0.0804271697998,0.000648021697998,0,0
/home/openssl-openssl-3.1.2/crypto/pkcs12/p12_mutl.c,282,80,40,0.129328012466,0.000781774520874,0,0
/home/openssl-openssl-3.1.2/crypto/pkcs12/p12_npas.c,187,80,40,0.101245164871,0.000924825668335,0,0
/home/openssl-openssl-3.1.2/crypto/pkcs12/p12_p8d.c,33,80,40,0.0631029605865,0.000678062438965,0,0
/home/openssl-openssl-3.1.2/crypto/pkcs12/p12_p8e.c,102,80,40,0.107285022736,0.000795125961304,0,0
/home/openssl-openssl-3.1.2/crypto/pkcs12/p12_sbag.c,249,80,40,0.314799070358,0.00068998336792,0,0
/home/openssl-openssl-3.1.2/crypto/pkcs12/p12_utl.c,250,80,40,0.310914993286,0.000729084014893,0,0
/home/openssl-openssl-3.1.2/crypto/pkcs12/pk12err.c,62,80,40,0.060576915741,0.0012149810791,0,0
/home/openssl-openssl-3.1.2/crypto/pkcs7/bio_pk7.c,20,80,40,0.0446090698242,0.000906944274902,0,0
/home/openssl-openssl-3.1.2/crypto/pkcs7/pk7_asn1.c,258,80,40,0.914446115494,0.000701904296875,0,0
/home/openssl-openssl-3.1.2/crypto/pkcs7/pk7_attr.c,121,80,40,0.151728153229,0.000706672668457,0,0
/home/openssl-openssl-3.1.2/crypto/pkcs7/pk7_doit.c,1275,80,40,0.416405916214,0.00079607963562,0,0
/home/openssl-openssl-3.1.2/crypto/pkcs7/pk7_lib.c,754,80,40,0.367655992508,0.000838041305542,0,0
/home/openssl-openssl-3.1.2/crypto/pkcs7/pk7_mime.c,71,80,40,0.155540943146,0.00147104263306,0,0
/home/openssl-openssl-3.1.2/crypto/pkcs7/pk7_smime.c,568,80,40,0.308944940567,0.00217795372009,0,0
/home/openssl-openssl-3.1.2/crypto/pkcs7/pkcs7err.c,99,80,40,0.0444040298462,0.000816106796265,0,0
/home/openssl-openssl-3.1.2/crypto/poly1305/poly1305.c,530,80,40,0.0685949325562,0.00149607658386,0,0
/home/openssl-openssl-3.1.2/crypto/property/defn_cache.c,137,80,40,0.290457010269,0.000926971435547,0,0
/home/openssl-openssl-3.1.2/crypto/property/property.c,763,80,40,1.17662811279,0.00114798545837,0,0
/home/openssl-openssl-3.1.2/crypto/property/property_err.c,47,80,40,0.0575530529022,0.000723123550415,0,0
/home/openssl-openssl-3.1.2/crypto/property/property_parse.c,707,80,40,0.845999956131,0.000844955444336,0,0
/home/openssl-openssl-3.1.2/crypto/property/property_query.c,83,80,40,0.13895201683,0.00192594528198,0,0
/home/openssl-openssl-3.1.2/crypto/property/property_string.c,272,80,40,0.441744089127,0.00149393081665,0,0
/home/openssl-openssl-3.1.2/crypto/rand/prov_seed.c,77,80,40,0.0815088748932,0.00709199905396,0,0
/home/openssl-openssl-3.1.2/crypto/rand/rand_deprecated.c,36,80,40,0.00130891799927,0.000700950622559,0,0
/home/openssl-openssl-3.1.2/crypto/rand/rand_err.c,108,80,40,0.0410380363464,0.00122475624084,0,0
/home/openssl-openssl-3.1.2/crypto/rand/rand_lib.c,873,80,40,0.450276136398,0.00176310539246,0,0
/home/openssl-openssl-3.1.2/crypto/rand/rand_meth.c,66,80,40,0.150879144669,0.000741004943848,0,0
/home/openssl-openssl-3.1.2/crypto/rand/rand_pool.c,413,80,40,0.162629127502,0.000669956207275,0,0
/home/openssl-openssl-3.1.2/crypto/rand/randfile.c,322,80,40,0.479721069336,0.10534620285,2,2
/home/openssl-openssl-3.1.2/crypto/rc2/rc2_cbc.c,186,80,40,0.0301020145416,0.0016040802002,0,0
/home/openssl-openssl-3.1.2/crypto/rc2/rc2_ecb.c,47,80,40,0.0227098464966,0.0042142868042,0,0
/home/openssl-openssl-3.1.2/crypto/rc2/rc2_skey.c,105,80,40,0.0223400592804,0.00164699554443,0,0
/home/openssl-openssl-3.1.2/crypto/rc2/rc2cfb64.c,81,80,40,0.0319538116455,0.00170516967773,0,0
/home/openssl-openssl-3.1.2/crypto/rc2/rc2ofb64.c,68,80,40,0.0240480899811,0.000938892364502,0,0
/home/openssl-openssl-3.1.2/crypto/ripemd/rmd_dgst.c,289,80,40,0.0974659919739,0.00108599662781,0,0
/home/openssl-openssl-3.1.2/crypto/ripemd/rmd_one.c,35,80,40,0.0412249565125,0.000660181045532,0,0
/home/openssl-openssl-3.1.2/crypto/rsa/rsa_ameth.c,1044,80,40,0.529418945312,0.00348305702209,0,0
/home/openssl-openssl-3.1.2/crypto/rsa/rsa_asn1.c,129,80,40,0.404587030411,0.000725030899048,0,0
/home/openssl-openssl-3.1.2/crypto/rsa/rsa_backend.c,596,80,40,0.822066783905,0.000957012176514,0,0
/home/openssl-openssl-3.1.2/crypto/rsa/rsa_chk.c,271,80,40,0.146139860153,0.00219535827637,0,0
/home/openssl-openssl-3.1.2/crypto/rsa/rsa_crpt.c,176,80,40,0.174024820328,0.000621795654297,0,0
/home/openssl-openssl-3.1.2/crypto/rsa/rsa_depr.c,63,80,40,0.0871322154999,0.00102877616882,0,0
/home/openssl-openssl-3.1.2/crypto/rsa/rsa_err.c,167,80,40,0.0502729415894,0.00121116638184,0,0
/home/openssl-openssl-3.1.2/crypto/rsa/rsa_gen.c,530,80,40,0.248407125473,0.000972986221313,0,0
/home/openssl-openssl-3.1.2/crypto/rsa/rsa_lib.c,1283,80,40,0.791270017624,0.000930070877075,0,0
/home/openssl-openssl-3.1.2/crypto/rsa/rsa_meth.c,294,80,40,0.128817081451,0.00233197212219,0,0
/home/openssl-openssl-3.1.2/crypto/rsa/rsa_mp.c,116,80,40,0.103501081467,0.00118589401245,0,0
/home/openssl-openssl-3.1.2/crypto/rsa/rsa_mp_names.c,77,80,40,0.000855207443237,0.00229787826538,0,0
/home/openssl-openssl-3.1.2/crypto/rsa/rsa_none.c,50,80,40,0.127976179123,0.00158500671387,0,0
/home/openssl-openssl-3.1.2/crypto/rsa/rsa_oaep.c,376,80,40,0.295917987823,0.000875949859619,0,0
/home/openssl-openssl-3.1.2/crypto/rsa/rsa_ossl.c,1001,80,40,0.252740859985,0.00187397003174,0,0
/home/openssl-openssl-3.1.2/crypto/rsa/rsa_pk1.c,397,80,40,0.21820807457,0.000785112380981,0,0
/home/openssl-openssl-3.1.2/crypto/rsa/rsa_pmeth.c,901,80,40,0.411810874939,0.00181889533997,0,0
/home/openssl-openssl-3.1.2/crypto/rsa/rsa_prn.c,51,80,40,0.0614981651306,0.00059986114502,0,0
/home/openssl-openssl-3.1.2/crypto/rsa/rsa_pss.c,415,80,40,0.152048110962,0.000833988189697,0,0
/home/openssl-openssl-3.1.2/crypto/rsa/rsa_saos.c,100,80,40,0.080677986145,0.00138711929321,0,0
/home/openssl-openssl-3.1.2/crypto/rsa/rsa_schemes.c,87,80,40,0.162902832031,0.00140190124512,0,0
/home/openssl-openssl-3.1.2/crypto/rsa/rsa_sign.c,458,80,40,0.483492851257,0.000638008117676,0,0
/home/openssl-openssl-3.1.2/crypto/rsa/rsa_sp800_56b_check.c,438,80,40,0.158799171448,0.00113391876221,0,0
/home/openssl-openssl-3.1.2/crypto/rsa/rsa_sp800_56b_gen.c,450,80,40,0.118846178055,0.00102496147156,0,0
/home/openssl-openssl-3.1.2/crypto/rsa/rsa_x931.c,124,80,40,0.0987370014191,0.00109601020813,0,0
/home/openssl-openssl-3.1.2/crypto/rsa/rsa_x931g.c,207,80,40,0.16842508316,0.00226902961731,0,0
/home/openssl-openssl-3.1.2/crypto/seed/seed.c,597,80,40,0.0391149520874,0.00109910964966,0,0
/home/openssl-openssl-3.1.2/crypto/seed/seed_cbc.c,30,80,40,0.0188229084015,0.000665903091431,0,0
/home/openssl-openssl-3.1.2/crypto/seed/seed_cfb.c,27,80,40,0.018837928772,0.00101709365845,0,0
/home/openssl-openssl-3.1.2/crypto/seed/seed_ecb.c,26,80,40,0.022078037262,0.000633001327515,0,0
/home/openssl-openssl-3.1.2/crypto/seed/seed_ofb.c,26,80,40,0.0122449398041,0.000763893127441,0,0
/home/openssl-openssl-3.1.2/crypto/sha/sha1_one.c,82,80,40,0.0512359142303,0.00098180770874,0,0
/home/openssl-openssl-3.1.2/crypto/sha/sha1dgst.c,81,80,40,0.0903251171112,0.000816822052002,0,0
/home/openssl-openssl-3.1.2/crypto/sha/sha256.c,406,80,40,0.0982611179352,0.000852823257446,0,0
/home/openssl-openssl-3.1.2/crypto/sha/sha3.c,110,80,40,0.108757019043,0.000827789306641,0,0
/home/openssl-openssl-3.1.2/crypto/sha/sha512.c,862,80,40,0.169394016266,0.00129795074463,0,0
/home/openssl-openssl-3.1.2/crypto/siphash/siphash.c,256,80,40,0.141914844513,0.00114583969116,0,0
/home/openssl-openssl-3.1.2/crypto/sm2/sm2_crypt.c,407,80,40,0.240904808044,0.00119519233704,0,0
/home/openssl-openssl-3.1.2/crypto/sm2/sm2_err.c,51,80,40,0.0575678348541,0.000741243362427,0,0
/home/openssl-openssl-3.1.2/crypto/sm2/sm2_key.c,52,80,40,0.064610004425,0.00107264518738,0,0
/home/openssl-openssl-3.1.2/crypto/sm2/sm2_sign.c,512,80,40,0.140052080154,0.000676155090332,0,0
/home/openssl-openssl-3.1.2/crypto/sm3/legacy_sm3.c,32,80,40,0.126340866089,0.00082802772522,0,0
/home/openssl-openssl-3.1.2/crypto/sm3/sm3.c,196,80,40,0.131448030472,0.000846147537231,0,0
/home/openssl-openssl-3.1.2/crypto/sm4/sm4.c,380,80,40,0.0821039676666,0.00111603736877,0,0
/home/openssl-openssl-3.1.2/crypto/srp/srp_lib.c,335,80,40,0.35352396965,0.000689029693604,0,0
/home/openssl-openssl-3.1.2/crypto/srp/srp_vfy.c,774,80,40,0.390172958374,0.00859308242798,0,0
/home/openssl-openssl-3.1.2/crypto/stack/stack.c,479,80,40,0.435797214508,0.00182390213013,0,0
/home/openssl-openssl-3.1.2/crypto/store/store_err.c,76,80,40,0.0452280044556,0.00103974342346,0,0
/home/openssl-openssl-3.1.2/crypto/store/store_init.c,17,80,40,0.0206940174103,0.000913858413696,0,0
/home/openssl-openssl-3.1.2/crypto/store/store_lib.c,1044,80,40,0.263087034225,0.000704050064087,0,0
/home/openssl-openssl-3.1.2/crypto/store/store_meth.c,495,80,40,0.318841934204,0.00123906135559,0,0
/home/openssl-openssl-3.1.2/crypto/store/store_register.c,300,80,40,0.236310958862,0.00258302688599,0,0
/home/openssl-openssl-3.1.2/crypto/store/store_result.c,651,80,40,0.141308069229,0.00111699104309,0,0
/home/openssl-openssl-3.1.2/crypto/store/store_strings.c,30,80,40,0.0279409885406,0.000730752944946,0,0
/home/openssl-openssl-3.1.2/crypto/ts/ts_asn1.c,235,80,40,0.902117013931,0.00174307823181,0,0
/home/openssl-openssl-3.1.2/crypto/ts/ts_conf.c,499,80,40,0.274061203003,0.000927686691284,0,0
/home/openssl-openssl-3.1.2/crypto/ts/ts_err.c,92,80,40,0.0480358600616,0.000771045684814,0,0
/home/openssl-openssl-3.1.2/crypto/ts/ts_lib.c,93,80,40,0.130978107452,0.000749111175537,0,0
/home/openssl-openssl-3.1.2/crypto/ts/ts_req_print.c,52,80,40,0.0848000049591,0.000729084014893,0,0
/home/openssl-openssl-3.1.2/crypto/ts/ts_req_utils.c,184,80,40,0.304719924927,0.000837087631226,0,0
/home/openssl-openssl-3.1.2/crypto/ts/ts_rsp_print.c,196,80,40,0.10720205307,0.000633001327515,0,0
/home/openssl-openssl-3.1.2/crypto/ts/ts_rsp_sign.c,890,80,40,0.832899093628,0.000885009765625,0,0
/home/openssl-openssl-3.1.2/crypto/ts/ts_rsp_utils.c,366,80,40,0.307730913162,0.000640153884888,0,0
/home/openssl-openssl-3.1.2/crypto/ts/ts_rsp_verify.c,574,80,40,0.196227073669,0.00240516662598,0,0
/home/openssl-openssl-3.1.2/crypto/ts/ts_verify_ctx.c,150,80,40,0.0860419273376,0.000810146331787,0,0
/home/openssl-openssl-3.1.2/crypto/txt_db/txt_db.c,316,80,40,0.100340843201,0.00391507148743,0,0
/home/openssl-openssl-3.1.2/crypto/ui/ui_err.c,48,80,40,0.0603971481323,0.00185394287109,0,0
/home/openssl-openssl-3.1.2/crypto/ui/ui_lib.c,941,80,40,0.600018978119,0.00139379501343,0,0
/home/openssl-openssl-3.1.2/crypto/ui/ui_null.c,27,80,40,0.0371990203857,0.000806093215942,0,0
/home/openssl-openssl-3.1.2/crypto/ui/ui_openssl.c,733,80,40,0.208724021912,0.00108408927917,0,0
/home/openssl-openssl-3.1.2/crypto/ui/ui_util.c,164,80,40,0.16480588913,0.000732898712158,0,0
/home/openssl-openssl-3.1.2/crypto/whrlpool/wp_dgst.c,265,80,40,0.0904998779297,0.000829935073853,0,0
/home/openssl-openssl-3.1.2/crypto/x509/by_dir.c,434,80,40,0.206682920456,0.000635862350464,0,0
/home/openssl-openssl-3.1.2/crypto/x509/by_file.c,262,80,40,0.234464883804,0.000808954238892,0,0
/home/openssl-openssl-3.1.2/crypto/x509/by_store.c,250,80,40,0.148181915283,0.00129294395447,0,0
/home/openssl-openssl-3.1.2/crypto/x509/pcy_cache.c,226,80,40,0.162764072418,0.000706911087036,0,0
/home/openssl-openssl-3.1.2/crypto/x509/pcy_data.c,83,80,40,0.0567359924316,0.000800132751465,0,0
/home/openssl-openssl-3.1.2/crypto/x509/pcy_lib.c,109,80,40,0.0975050926208,0.000808000564575,0,0
/home/openssl-openssl-3.1.2/crypto/x509/pcy_map.c,80,80,40,0.0590739250183,0.000606775283813,0,0
/home/openssl-openssl-3.1.2/crypto/x509/pcy_node.c,162,80,40,0.172579050064,0.0010769367218,0,0
/home/openssl-openssl-3.1.2/crypto/x509/pcy_tree.c,724,80,40,0.230695962906,0.000915050506592,0,0
/home/openssl-openssl-3.1.2/crypto/x509/t_crl.c,95,80,40,0.126516819,0.000921010971069,0,0
/home/openssl-openssl-3.1.2/crypto/x509/t_req.c,215,80,40,0.11706495285,0.000818967819214,0,0
/home/openssl-openssl-3.1.2/crypto/x509/t_x509.c,529,80,40,0.268283843994,0.007493019104,0,0
/home/openssl-openssl-3.1.2/crypto/x509/v3_addr.c,1358,80,40,1.00252103806,0.0309376716614,1,1
/home/openssl-openssl-3.1.2/crypto/x509/v3_admis.c,356,80,40,0.39610004425,0.000888824462891,0,0
/home/openssl-openssl-3.1.2/crypto/x509/v3_akeya.c,24,80,40,0.118141889572,0.00104713439941,0,0
/home/openssl-openssl-3.1.2/crypto/x509/v3_akid.c,219,80,40,0.0908510684967,0.000838994979858,0,0
/home/openssl-openssl-3.1.2/crypto/x509/v3_asid.c,897,80,40,0.566056013107,0.00217914581299,0,0
/home/openssl-openssl-3.1.2/crypto/x509/v3_bcons.c,86,80,40,0.159915924072,0.00102925300598,0,0
/home/openssl-openssl-3.1.2/crypto/x509/v3_bitst.c,92,80,40,0.0690519809723,0.000761747360229,0,0
/home/openssl-openssl-3.1.2/crypto/x509/v3_conf.c,585,80,40,0.556298971176,0.00133395195007,0,0
/home/openssl-openssl-3.1.2/crypto/x509/v3_cpols.c,501,80,40,0.638579845428,0.000817060470581,0,0
/home/openssl-openssl-3.1.2/crypto/x509/v3_crld.c,509,80,40,0.510032892227,0.00265169143677,0,0
/home/openssl-openssl-3.1.2/crypto/x509/v3_enum.c,54,80,40,0.0806908607483,0.000667095184326,0,0
/home/openssl-openssl-3.1.2/crypto/x509/v3_extku.c,103,80,40,0.175050020218,0.000700712203979,0,0
/home/openssl-openssl-3.1.2/crypto/x509/v3_genn.c,242,80,40,0.507633924484,0.000852823257446,0,0
/home/openssl-openssl-3.1.2/crypto/x509/v3_ia5.c,65,80,40,0.0729470252991,0.000948190689087,0,0
/home/openssl-openssl-3.1.2/crypto/x509/v3_info.c,157,80,40,0.31565284729,0.000821828842163,0,0
/home/openssl-openssl-3.1.2/crypto/x509/v3_int.c,44,80,40,0.0451018810272,0.00156116485596,0,0
/home/openssl-openssl-3.1.2/crypto/x509/v3_ist.c,145,80,40,0.178117036819,0.0167140960693,0,0
/home/openssl-openssl-3.1.2/crypto/x509/v3_lib.c,305,80,40,0.322624206543,0.000917673110962,0,0
/home/openssl-openssl-3.1.2/crypto/x509/v3_ncons.c,833,80,40,0.437751054764,0.00215005874634,0,0
/home/openssl-openssl-3.1.2/crypto/x509/v3_pci.c,322,80,40,0.117615938187,0.000978231430054,0,0
/home/openssl-openssl-3.1.2/crypto/x509/v3_pcia.c,65,80,40,0.184403896332,0.000561952590942,0,0
/home/openssl-openssl-3.1.2/crypto/x509/v3_pcons.c,92,80,40,0.114071130753,0.000606060028076,0,0
/home/openssl-openssl-3.1.2/crypto/x509/v3_pku.c,53,80,40,0.182142019272,0.000981092453003,0,0
/home/openssl-openssl-3.1.2/crypto/x509/v3_pmaps.c,111,80,40,0.118684053421,0.00116801261902,0,0
/home/openssl-openssl-3.1.2/crypto/x509/v3_prn.c,217,80,40,0.167241811752,0.00177717208862,0,0
/home/openssl-openssl-3.1.2/crypto/x509/v3_purp.c,1067,80,40,0.77375292778,0.00100302696228,0,0
/home/openssl-openssl-3.1.2/crypto/x509/v3_san.c,692,80,40,0.26428103447,0.00227808952332,0,0
/home/openssl-openssl-3.1.2/crypto/x509/v3_skid.c,112,80,40,0.156465053558,0.00189995765686,0,0
/home/openssl-openssl-3.1.2/crypto/x509/v3_sxnet.c,241,80,40,0.362725973129,0.000831127166748,0,0
/home/openssl-openssl-3.1.2/crypto/x509/v3_tlsf.c,141,80,40,0.149495124817,0.00236892700195,0,0
/home/openssl-openssl-3.1.2/crypto/x509/v3_utf8.c,69,80,40,0.0816919803619,0.00149488449097,0,0
/home/openssl-openssl-3.1.2/crypto/x509/v3_utl.c,1359,80,40,0.456520080566,0.00118803977966,0,0
/home/openssl-openssl-3.1.2/crypto/x509/v3err.c,148,80,40,0.0460200309753,0.000819206237793,0,0
/home/openssl-openssl-3.1.2/crypto/x509/x509_att.c,355,80,40,0.367978096008,0.00141501426697,0,0
/home/openssl-openssl-3.1.2/crypto/x509/x509_cmp.c,586,80,40,0.684184789658,0.00137901306152,0,0
/home/openssl-openssl-3.1.2/crypto/x509/x509_d2.c,112,80,40,0.157602071762,0.000766038894653,0,0
/home/openssl-openssl-3.1.2/crypto/x509/x509_def.c,44,80,40,0.0467441082001,0.000900983810425,0,0
/home/openssl-openssl-3.1.2/crypto/x509/x509_err.c,97,80,40,0.0517048835754,0.000820875167847,0,0
/home/openssl-openssl-3.1.2/crypto/x509/x509_ext.c,160,80,40,0.570588111877,0.00188493728638,0,0
/home/openssl-openssl-3.1.2/crypto/x509/x509_lu.c,992,80,40,0.713562965393,0.00132012367249,0,0
/home/openssl-openssl-3.1.2/crypto/x509/x509_meth.c,167,80,40,0.0846478939056,0.0027060508728,0,0
/home/openssl-openssl-3.1.2/crypto/x509/x509_obj.c,188,80,40,0.128126144409,0.000615835189819,0,0
/home/openssl-openssl-3.1.2/crypto/x509/x509_r2x.c,68,80,40,0.0565218925476,0.00389313697815,0,0
/home/openssl-openssl-3.1.2/crypto/x509/x509_req.c,332,80,40,0.549212932587,0.000848293304443,0,0
/home/openssl-openssl-3.1.2/crypto/x509/x509_set.c,277,80,40,0.390305995941,0.000757932662964,0,0
/home/openssl-openssl-3.1.2/crypto/x509/x509_trust.c,301,80,40,0.338979005814,0.000691175460815,0,0
/home/openssl-openssl-3.1.2/crypto/x509/x509_txt.c,226,80,40,0.016284942627,0.000633955001831,0,0
/home/openssl-openssl-3.1.2/crypto/x509/x509_v3.c,238,80,40,0.275209903717,0.000614166259766,0,0
/home/openssl-openssl-3.1.2/crypto/x509/x509_vfy.c,3452,80,40,1.38152313232,0.00589394569397,0,0
/home/openssl-openssl-3.1.2/crypto/x509/x509_vpm.c,641,80,40,0.479324102402,0.00238084793091,0,0
/home/openssl-openssl-3.1.2/crypto/x509/x509cset.c,184,80,40,0.252739191055,0.00100874900818,0,0
/home/openssl-openssl-3.1.2/crypto/x509/x509name.c,360,80,40,0.316155910492,0.0018482208252,0,0
/home/openssl-openssl-3.1.2/crypto/x509/x509rset.c,41,80,40,0.126410961151,0.000561952590942,0,0
/home/openssl-openssl-3.1.2/crypto/x509/x509spki.c,79,80,40,0.140075922012,0.000612020492554,0,0
/home/openssl-openssl-3.1.2/crypto/x509/x509type.c,85,80,40,0.0930361747742,0.000645875930786,0,0
/home/openssl-openssl-3.1.2/crypto/x509/x_all.c,779,80,40,1.08390402794,0.00213599205017,0,0
/home/openssl-openssl-3.1.2/crypto/x509/x_attrib.c,59,80,40,0.178552865982,0.000911951065063,0,0
/home/openssl-openssl-3.1.2/crypto/x509/x_crl.c,535,80,40,0.442095994949,0.00292992591858,0,0
/home/openssl-openssl-3.1.2/crypto/x509/x_exten.c,29,80,40,0.197438955307,0.000707864761353,0,0
/home/openssl-openssl-3.1.2/crypto/x509/x_name.c,554,80,40,0.43504691124,0.000870943069458,0,0
/home/openssl-openssl-3.1.2/crypto/x509/x_pubkey.c,1073,80,40,0.373623132706,0.00090503692627,0,0
/home/openssl-openssl-3.1.2/crypto/x509/x_req.c,174,80,40,0.271586894989,0.000945091247559,0,0
/home/openssl-openssl-3.1.2/crypto/x509/x_x509.c,319,80,40,0.493224859238,0.000914096832275,0,0
/home/openssl-openssl-3.1.2/crypto/x509/x_x509a.c,175,80,40,0.235478878021,0.00070595741272,0,0
/home/openssl-openssl-3.1.2/providers/baseprov.c,178,80,40,0.107759952545,0.00103402137756,0,0
/home/openssl-openssl-3.1.2/providers/defltprov.c,599,80,40,0.0911419391632,0.00113391876221,0,0
/home/openssl-openssl-3.1.2/providers/nullprov.c,81,80,40,0.100914001465,0.000652074813843,0,0
/home/openssl-openssl-3.1.2/providers/prov_running.c,23,80,40,0.0458199977875,0.000828266143799,0,0
/home/openssl-openssl-3.1.2/providers/common/der/der_rsa_sig.c,74,80,40,0.0205218791962,0.00200390815735,0,0
/home/openssl-openssl-3.1.2/providers/common/der/der_sm2_gen.c,31,80,40,0.00213408470154,0.00096607208252,0,0
/home/openssl-openssl-3.1.2/providers/common/der/der_sm2_key.c,24,80,40,0.0260789394379,0.00207614898682,0,0
/home/openssl-openssl-3.1.2/providers/common/der/der_sm2_sig.c,40,80,40,0.022962808609,0.00194311141968,0,0
/home/openssl-openssl-3.1.2/providers/common/bio_prov.c,245,80,40,0.437889814377,0.000706911087036,0,0
/home/openssl-openssl-3.1.2/providers/common/capabilities.c,226,80,40,0.0800330638885,0.00080394744873,0,0
/home/openssl-openssl-3.1.2/providers/common/digest_to_nid.c,58,80,40,0.0862619876862,0.00111413002014,0,0
/home/openssl-openssl-3.1.2/providers/common/provider_seeding.c,78,80,40,0.117698907852,0.000975131988525,0,0
/home/openssl-openssl-3.1.2/providers/common/provider_util.c,370,80,40,0.118754148483,0.000953912734985,0,0
/home/openssl-openssl-3.1.2/providers/common/securitycheck.c,257,80,40,0.0775101184845,0.00116086006165,0,0
/home/openssl-openssl-3.1.2/providers/common/securitycheck_default.c,50,80,40,0.0803871154785,0.00075888633728,0,0
/home/openssl-openssl-3.1.2/providers/implementations/asymciphers/rsa_enc.c,591,80,40,0.295428991318,0.000821113586426,0,0
/home/openssl-openssl-3.1.2/providers/implementations/asymciphers/sm2_enc.c,234,80,40,0.293628931046,0.00115418434143,0,0
/home/openssl-openssl-3.1.2/providers/implementations/ciphers/cipher_aes.c,96,80,40,0.511914014816,0.00792217254639,0,0
/home/openssl-openssl-3.1.2/providers/implementations/ciphers/cipher_aes_cbc_hmac_sha.c,419,80,40,0.438611984253,0.000800132751465,0,0
/home/openssl-openssl-3.1.2/providers/implementations/ciphers/cipher_aes_cbc_hmac_sha1_hw.c,796,80,40,0.184417963028,0.00205898284912,0,0
/home/openssl-openssl-3.1.2/providers/implementations/ciphers/cipher_aes_cbc_hmac_sha256_hw.c,847,80,40,0.196475982666,0.00106883049011,0,0
/home/openssl-openssl-3.1.2/providers/implementations/ciphers/cipher_aes_ccm.c,50,80,40,0.208448171616,0.000781774520874,0,0
/home/openssl-openssl-3.1.2/providers/implementations/ciphers/cipher_aes_ccm_hw.c,74,80,40,0.0606529712677,0.00153684616089,0,0
/home/openssl-openssl-3.1.2/providers/implementations/ciphers/cipher_aes_gcm.c,51,80,40,0.211705207825,0.000638008117676,0,0
/home/openssl-openssl-3.1.2/providers/implementations/ciphers/cipher_aes_gcm_hw.c,157,80,40,0.125498056412,0.000818014144897,0,0
/home/openssl-openssl-3.1.2/providers/implementations/ciphers/cipher_aes_hw.c,162,80,40,0.378164052963,0.00124406814575,0,0
/home/openssl-openssl-3.1.2/providers/implementations/ciphers/cipher_aes_ocb.c,560,80,40,0.444825172424,0.000927925109863,0,0
/home/openssl-openssl-3.1.2/providers/implementations/ciphers/cipher_aes_ocb_hw.c,182,80,40,0.129040002823,0.000613927841187,0,0
/home/openssl-openssl-3.1.2/providers/implementations/ciphers/cipher_aes_siv.c,308,80,40,0.326123952866,0.000874042510986,0,0
/home/openssl-openssl-3.1.2/providers/implementations/ciphers/cipher_aes_siv_hw.c,137,80,40,0.159393072128,0.000546932220459,0,0
/home/openssl-openssl-3.1.2/providers/implementations/ciphers/cipher_aes_wrp.c,312,80,40,0.784283161163,0.000717878341675,0,0
/home/openssl-openssl-3.1.2/providers/implementations/ciphers/cipher_aes_xts.c,295,80,40,0.325960159302,0.00186491012573,0,0
/home/openssl-openssl-3.1.2/providers/implementations/ciphers/cipher_aes_xts_fips.c,24,80,40,0.00129318237305,0.000782012939453,0,0
/home/openssl-openssl-3.1.2/providers/implementations/ciphers/cipher_aes_xts_hw.c,245,80,40,0.102606058121,0.00134801864624,0,0
/home/openssl-openssl-3.1.2/providers/implementations/ciphers/cipher_aria.c,87,80,40,0.525628805161,0.000776767730713,0,0
/home/openssl-openssl-3.1.2/providers/implementations/ciphers/cipher_aria_ccm.c,45,80,40,0.250204086304,0.000980854034424,0,0
/home/openssl-openssl-3.1.2/providers/implementations/ciphers/cipher_aria_ccm_hw.c,41,80,40,0.0800130367279,0.00180506706238,0,0
/home/openssl-openssl-3.1.2/providers/implementations/ciphers/cipher_aria_gcm.c,45,80,40,0.197587013245,0.000791788101196,0,0
/home/openssl-openssl-3.1.2/providers/implementations/ciphers/cipher_aria_gcm_hw.c,38,80,40,0.0660960674286,0.000813007354736,0,0
/home/openssl-openssl-3.1.2/providers/implementations/ciphers/cipher_aria_hw.c,53,80,40,0.238848924637,0.000686883926392,0,0
/home/openssl-openssl-3.1.2/providers/implementations/ciphers/cipher_camellia.c,95,80,40,0.521505117416,0.00653290748596,0,0
/home/openssl-openssl-3.1.2/providers/implementations/ciphers/cipher_camellia_hw.c,75,80,40,0.256287813187,0.00187683105469,0,0
/home/openssl-openssl-3.1.2/providers/implementations/ciphers/cipher_chacha20.c,206,80,40,0.22633099556,0.000915050506592,0,0
/home/openssl-openssl-3.1.2/providers/implementations/ciphers/cipher_chacha20_hw.c,123,80,40,0.0847380161285,0.000972747802734,0,0
/home/openssl-openssl-3.1.2/providers/implementations/ciphers/cipher_chacha20_poly1305.c,333,80,40,0.188569068909,0.00084400177002,0,0
/home/openssl-openssl-3.1.2/providers/implementations/ciphers/cipher_chacha20_poly1305_hw.c,414,80,40,0.26137804985,0.00102090835571,0,0
/home/openssl-openssl-3.1.2/providers/implementations/ciphers/cipher_cts.c,379,80,40,0.185977220535,0.00145792961121,0,0
/home/openssl-openssl-3.1.2/providers/implementations/ciphers/cipher_null.c,198,80,40,0.178511142731,0.0012788772583,0,0
/home/openssl-openssl-3.1.2/providers/implementations/ciphers/cipher_sm4.c,55,80,40,0.206492900848,0.000651121139526,0,0
/home/openssl-openssl-3.1.2/providers/implementations/ciphers/cipher_sm4_ccm.c,40,80,40,0.0827169418335,0.00101017951965,0,0
/home/openssl-openssl-3.1.2/providers/implementations/ciphers/cipher_sm4_ccm_hw.c,42,80,40,0.060133934021,0.000843048095703,0,0
/home/openssl-openssl-3.1.2/providers/implementations/ciphers/cipher_sm4_gcm.c,41,80,40,0.102914094925,0.0170629024506,0,0
/home/openssl-openssl-3.1.2/providers/implementations/ciphers/cipher_sm4_gcm_hw.c,88,80,40,0.107672929764,0.0012743473053,0,0
/home/openssl-openssl-3.1.2/providers/implementations/ciphers/cipher_sm4_hw.c,116,80,40,0.160182952881,0.00103402137756,0,0
/home/openssl-openssl-3.1.2/providers/implementations/ciphers/cipher_tdes.c,26,80,40,0.0978710651398,0.0139770507812,0,0
/home/openssl-openssl-3.1.2/providers/implementations/ciphers/cipher_tdes_common.c,149,80,40,0.239364147186,0.000884056091309,0,0
/home/openssl-openssl-3.1.2/providers/implementations/ciphers/cipher_tdes_default.c,36,80,40,0.38932800293,0.000594854354858,0,0
/home/openssl-openssl-3.1.2/providers/implementations/ciphers/cipher_tdes_default_hw.c,148,80,40,0.229514837265,0.000604152679443,0,0
/home/openssl-openssl-3.1.2/providers/implementations/ciphers/cipher_tdes_hw.c,99,80,40,0.129769086838,0.000925064086914,0,0
/home/openssl-openssl-3.1.2/providers/implementations/ciphers/cipher_tdes_wrap.c,211,80,40,0.257157087326,0.000794172286987,0,0
/home/openssl-openssl-3.1.2/providers/implementations/ciphers/cipher_tdes_wrap_hw.c,21,80,40,0.0284850597382,0.000638961791992,0,0
/home/openssl-openssl-3.1.2/providers/implementations/digests/blake2_prov.c,42,80,40,0.207598924637,0.000647068023682,0,0
/home/openssl-openssl-3.1.2/providers/implementations/digests/blake2b_prov.c,332,80,40,0.103029966354,0.000814199447632,0,0
/home/openssl-openssl-3.1.2/providers/implementations/digests/blake2s_prov.c,323,80,40,0.0942640304565,0.00188016891479,0,0
/home/openssl-openssl-3.1.2/providers/implementations/digests/md5_prov.c,25,80,40,0.142328977585,0.00200295448303,0,0
/home/openssl-openssl-3.1.2/providers/implementations/digests/md5_sha1_prov.c,62,80,40,0.170628070831,0.00125288963318,0,0
/home/openssl-openssl-3.1.2/providers/implementations/digests/null_prov.c,53,80,40,0.144056081772,0.00085711479187,0,0
/home/openssl-openssl-3.1.2/providers/implementations/digests/ripemd_prov.c,25,80,40,0.143578052521,0.000699996948242,0,0
/home/openssl-openssl-3.1.2/providers/implementations/digests/sha2_prov.c,94,80,40,0.341349840164,0.00142693519592,0,0
/home/openssl-openssl-3.1.2/providers/implementations/digests/sha3_prov.c,379,80,40,0.361383914948,0.00287628173828,0,0
/home/openssl-openssl-3.1.2/providers/implementations/digests/sm3_prov.c,19,80,40,0.132030963898,0.00222492218018,0,0
/home/openssl-openssl-3.1.2/providers/implementations/encode_decode/decode_der2key.c,795,80,40,1.3354279995,0.000833988189697,0,0
/home/openssl-openssl-3.1.2/providers/implementations/encode_decode/decode_epki2pki.c,159,80,40,0.137274026871,0.000632047653198,0,0
/home/openssl-openssl-3.1.2/providers/implementations/encode_decode/decode_msblob2key.c,274,80,40,0.168946027756,0.000962018966675,0,0
/home/openssl-openssl-3.1.2/providers/implementations/encode_decode/decode_pem2der.c,220,80,40,0.188838005066,0.000831127166748,0,0
/home/openssl-openssl-3.1.2/providers/implementations/encode_decode/decode_pvk2key.c,240,80,40,0.188551902771,0.000849008560181,0,0
/home/openssl-openssl-3.1.2/providers/implementations/encode_decode/decode_spki2typespki.c,125,80,40,0.106709003448,0.00130081176758,0,0
/home/openssl-openssl-3.1.2/providers/implementations/encode_decode/encode_key2any.c,1466,80,40,2.61673593521,0.000852108001709,0,0
/home/openssl-openssl-3.1.2/providers/implementations/encode_decode/encode_key2blob.c,180,80,40,0.315127849579,0.0010199546814,0,0
/home/openssl-openssl-3.1.2/providers/implementations/encode_decode/encode_key2ms.c,235,80,40,0.329214096069,0.000642776489258,0,0
/home/openssl-openssl-3.1.2/providers/implementations/encode_decode/encode_key2text.c,890,80,40,1.0945379734,0.00122117996216,0,0
/home/openssl-openssl-3.1.2/providers/implementations/encode_decode/endecoder_common.c,105,80,40,0.164356946945,0.00153017044067,0,0
/home/openssl-openssl-3.1.2/providers/implementations/exchange/dh_exch.c,514,80,40,0.202188968658,0.00102996826172,0,0
/home/openssl-openssl-3.1.2/providers/implementations/exchange/ecdh_exch.c,582,80,40,0.200883150101,0.00088906288147,0,0
/home/openssl-openssl-3.1.2/providers/implementations/exchange/ecx_exch.c,244,80,40,0.159545183182,0.00129866600037,0,0
/home/openssl-openssl-3.1.2/providers/implementations/exchange/kdf_exch.c,216,80,40,0.290348052979,0.00128698348999,0,0
/home/openssl-openssl-3.1.2/providers/implementations/kdfs/hkdf.c,817,80,40,0.337929964066,0.00078010559082,0,0
/home/openssl-openssl-3.1.2/providers/implementations/kdfs/kbkdf.c,495,80,40,0.292625904083,0.00675511360168,0,0
/home/openssl-openssl-3.1.2/providers/implementations/kdfs/krb5kdf.c,491,80,40,0.298504114151,0.00284790992737,0,0
/home/openssl-openssl-3.1.2/providers/implementations/kdfs/pbkdf2.c,398,80,40,0.281100034714,0.000854015350342,0,0
/home/openssl-openssl-3.1.2/providers/implementations/kdfs/pbkdf2_fips.c,21,80,40,9.53674316406e-07,0.000933170318604,0,0
/home/openssl-openssl-3.1.2/providers/implementations/kdfs/pkcs12kdf.c,326,80,40,0.24179315567,0.000680923461914,0,0
/home/openssl-openssl-3.1.2/providers/implementations/kdfs/scrypt.c,557,80,40,0.270092010498,0.00677394866943,0,0
/home/openssl-openssl-3.1.2/providers/implementations/kdfs/sshkdf.c,329,80,40,0.274435043335,0.000767946243286,0,0
/home/openssl-openssl-3.1.2/providers/implementations/kdfs/sskdf.c,593,80,40,0.321590900421,0.0107049942017,0,0
/home/openssl-openssl-3.1.2/providers/implementations/kdfs/tls1_prf.c,465,80,40,0.285688877106,0.00604200363159,0,0
/home/openssl-openssl-3.1.2/providers/implementations/kdfs/x942kdf.c,633,80,40,0.273207902908,0.00142383575439,0,0
/home/openssl-openssl-3.1.2/providers/implementations/kem/rsa_kem.c,366,80,40,0.32001709938,0.000746011734009,0,0
/home/openssl-openssl-3.1.2/providers/implementations/keymgmt/dh_kmgmt.c,882,80,40,0.50070309639,0.00084400177002,0,0
/home/openssl-openssl-3.1.2/providers/implementations/keymgmt/dsa_kmgmt.c,678,80,40,0.403460979462,0.00703191757202,0,0
/home/openssl-openssl-3.1.2/providers/implementations/keymgmt/ec_kmgmt.c,1468,80,40,0.716038942337,0.000812292098999,0,0
/home/openssl-openssl-3.1.2/providers/implementations/keymgmt/ecx_kmgmt.c,1057,80,40,0.62162399292,0.000921964645386,0,0
/home/openssl-openssl-3.1.2/providers/implementations/keymgmt/kdf_legacy_kmgmt.c,105,80,40,0.121041059494,0.000680923461914,0,0
/home/openssl-openssl-3.1.2/providers/implementations/keymgmt/mac_legacy_kmgmt.c,576,80,40,0.382570981979,0.00155305862427,0,0
/home/openssl-openssl-3.1.2/providers/implementations/keymgmt/rsa_kmgmt.c,745,80,40,1.07428812981,0.00746011734009,0,0
/home/openssl-openssl-3.1.2/providers/implementations/macs/blake2b_mac.c,34,80,40,0.000921964645386,0.000764131546021,0,0
/home/openssl-openssl-3.1.2/providers/implementations/macs/blake2s_mac.c,33,80,40,0.00178122520447,0.00136780738831,0,0
/home/openssl-openssl-3.1.2/providers/implementations/macs/cmac_prov.c,234,80,40,0.33375287056,0.000943183898926,0,0
/home/openssl-openssl-3.1.2/providers/implementations/macs/gmac_prov.c,260,80,40,0.318395137787,0.0011100769043,0,0
/home/openssl-openssl-3.1.2/providers/implementations/macs/hmac_prov.c,358,80,40,0.319671154022,0.000667810440063,0,0
/home/openssl-openssl-3.1.2/providers/implementations/macs/kmac_prov.c,628,80,40,0.360052108765,0.00122690200806,0,0
/home/openssl-openssl-3.1.2/providers/implementations/macs/poly1305_prov.c,188,80,40,0.282269954681,0.00161695480347,0,0
/home/openssl-openssl-3.1.2/providers/implementations/macs/siphash_prov.c,238,80,40,0.306838035583,0.000653982162476,0,0
/home/openssl-openssl-3.1.2/providers/implementations/rands/crngt.c,193,80,40,0.110373973846,0.000606060028076,0,0
/home/openssl-openssl-3.1.2/providers/implementations/rands/drbg.c,958,80,40,0.393522977829,0.00248718261719,0,0
/home/openssl-openssl-3.1.2/providers/implementations/rands/drbg_ctr.c,756,80,40,0.444297075272,0.0069899559021,0,0
/home/openssl-openssl-3.1.2/providers/implementations/rands/drbg_hash.c,528,80,40,0.376964092255,0.000785112380981,0,0
/home/openssl-openssl-3.1.2/providers/implementations/rands/drbg_hmac.c,426,80,40,0.347952127457,0.00117492675781,0,0
/home/openssl-openssl-3.1.2/providers/implementations/rands/seed_src.c,254,80,40,0.172202110291,0.00267291069031,0,0
/home/openssl-openssl-3.1.2/providers/implementations/rands/test_rng.c,297,80,40,0.201605081558,0.000633001327515,0,0
/home/openssl-openssl-3.1.2/providers/implementations/rands/seeding/rand_cpu_x86.c,108,80,40,0.00092601776123,0.00075101852417,0,0
/home/openssl-openssl-3.1.2/providers/implementations/rands/seeding/rand_tsc.c,49,80,40,0.00148010253906,0.0013530254364,0,0
/home/openssl-openssl-3.1.2/providers/implementations/rands/seeding/rand_unix.c,807,80,40,0.255666017532,0.00137400627136,0,0
/home/openssl-openssl-3.1.2/providers/implementations/rands/seeding/rand_win.c,164,80,40,0.00141882896423,0.000900983810425,0,0
/home/openssl-openssl-3.1.2/providers/implementations/signature/dsa_sig.c,601,80,40,0.508024930954,0.00725078582764,0,0
/home/openssl-openssl-3.1.2/providers/implementations/signature/ecdsa_sig.c,620,80,40,0.47749710083,0.0065770149231,0,0
/home/openssl-openssl-3.1.2/providers/implementations/signature/eddsa_sig.c,468,80,40,0.197359085083,0.000891923904419,0,0
/home/openssl-openssl-3.1.2/providers/implementations/signature/mac_legacy_sig.c,268,80,40,0.386991024017,0.000779867172241,0,0
/home/openssl-openssl-3.1.2/providers/implementations/signature/rsa_sig.c,1498,80,40,0.553122997284,0.00352501869202,0,0
/home/openssl-openssl-3.1.2/providers/implementations/signature/sm2_sig.c,565,80,40,0.409099817276,0.00700807571411,0,0
/home/openssl-openssl-3.1.2/providers/implementations/storemgmt/file_store.c,791,80,40,0.725167036057,0.000694036483765,0,0
/home/openssl-openssl-3.1.2/providers/implementations/storemgmt/file_store_any2obj.c,262,80,40,0.248424053192,0.00242304801941,0,0
/home/openssl-openssl-3.1.2/ssl/s3_cbc.c,514,80,40,0.0895249843597,0.000802993774414,0,0
/home/openssl-openssl-3.1.2/providers/common/der/der_digests_gen.c,161,80,40,0.000437021255493,0.00126886367798,0,0
/home/openssl-openssl-3.1.2/providers/common/der/der_dsa_gen.c,95,80,40,0.000220060348511,0.000563859939575,0,0
/home/openssl-openssl-3.1.2/providers/common/der/der_dsa_key.c,28,80,40,0.0286538600922,0.00112915039062,0,0
/home/openssl-openssl-3.1.2/providers/common/der/der_dsa_sig.c,51,80,40,0.0208640098572,0.000880002975464,0,0
/home/openssl-openssl-3.1.2/providers/common/der/der_ec_gen.c,280,80,40,0.00231695175171,0.0122702121735,0,0
/home/openssl-openssl-3.1.2/providers/common/der/der_ec_key.c,22,80,40,0.0194358825684,0.000982046127319,0,0
/home/openssl-openssl-3.1.2/providers/common/der/der_ec_sig.c,52,80,40,0.0290648937225,0.000725984573364,0,0
/home/openssl-openssl-3.1.2/providers/common/der/der_ecx_gen.c,45,80,40,0.000381231307983,0.0010039806366,0,0
/home/openssl-openssl-3.1.2/providers/common/der/der_ecx_key.c,49,80,40,0.0264029502869,0.00165128707886,0,0
/home/openssl-openssl-3.1.2/providers/common/der/der_rsa_gen.c,175,80,40,0.000710010528564,0.0014488697052,0,0
/home/openssl-openssl-3.1.2/providers/common/der/der_rsa_key.c,401,80,40,0.120512008667,0.00119709968567,0,0
/home/openssl-openssl-3.1.2/providers/common/der/der_wrap_gen.c,47,80,40,0.000198841094971,0.000526189804077,0,0
/home/openssl-openssl-3.1.2/providers/common/provider_ctx.c,62,80,40,0.0508399009705,0.000835180282593,0,0
/home/openssl-openssl-3.1.2/providers/common/provider_err.c,231,80,40,0.046774148941,0.000854969024658,0,0
/home/openssl-openssl-3.1.2/providers/implementations/ciphers/ciphercommon.c,681,80,40,0.329513072968,0.00189089775085,0,0
/home/openssl-openssl-3.1.2/providers/implementations/ciphers/ciphercommon_block.c,191,80,40,0.0900149345398,0.00200486183167,0,0
/home/openssl-openssl-3.1.2/providers/implementations/ciphers/ciphercommon_ccm.c,454,80,40,0.222624063492,0.000857830047607,0,0
/home/openssl-openssl-3.1.2/providers/implementations/ciphers/ciphercommon_ccm_hw.c,70,80,40,0.0757098197937,0.0135760307312,0,0
/home/openssl-openssl-3.1.2/providers/implementations/ciphers/ciphercommon_gcm.c,569,80,40,0.225833892822,0.000751256942749,0,0
/home/openssl-openssl-3.1.2/providers/implementations/ciphers/ciphercommon_gcm_hw.c,70,80,40,0.122460126877,0.000838994979858,0,0
/home/openssl-openssl-3.1.2/providers/implementations/ciphers/ciphercommon_hw.c,195,80,40,0.0505650043488,0.00124192237854,0,0
/home/openssl-openssl-3.1.2/providers/implementations/digests/digestcommon.c,55,80,40,0.107679128647,0.00137901306152,0,0
/home/openssl-openssl-3.1.2/ssl/record/tls_pad.c,326,80,40,0.160398006439,0.000962972640991,0,0
/home/openssl-openssl-3.1.2/ssl/bio_ssl.c,507,80,40,0.155940055847,0.000777959823608,0,0
/home/openssl-openssl-3.1.2/ssl/d1_lib.c,966,80,40,0.229978084564,0.0102951526642,0,0
/home/openssl-openssl-3.1.2/ssl/d1_msg.c,72,80,40,0.120287895203,0.00168585777283,0,0
/home/openssl-openssl-3.1.2/ssl/d1_srtp.c,136,80,40,0.145839929581,0.00352883338928,0,0
/home/openssl-openssl-3.1.2/ssl/methods.c,280,80,40,0.887452125549,0.000970840454102,0,0
/home/openssl-openssl-3.1.2/ssl/pqueue.c,159,80,40,0.217597007751,0.00145292282104,0,0
/home/openssl-openssl-3.1.2/ssl/s3_enc.c,597,80,40,0.1318359375,0.00211501121521,0,0
/home/openssl-openssl-3.1.2/ssl/s3_lib.c,4968,80,40,0.719696044922,0.00316405296326,0,0
/home/openssl-openssl-3.1.2/ssl/s3_msg.c,111,80,40,0.160354137421,0.000696897506714,0,0
/home/openssl-openssl-3.1.2/ssl/ssl_asn1.c,401,80,40,0.274568080902,0.000985860824585,0,0
/home/openssl-openssl-3.1.2/ssl/ssl_cert.c,1149,80,40,0.472259998322,0.00831604003906,0,0
/home/openssl-openssl-3.1.2/ssl/ssl_ciph.c,2247,80,40,0.679775953293,0.00510501861572,0,0
/home/openssl-openssl-3.1.2/ssl/ssl_conf.c,1082,80,40,0.763504981995,0.00111889839172,0,0
/home/openssl-openssl-3.1.2/ssl/ssl_err.c,572,80,40,0.0518538951874,0.00155210494995,0,0
/home/openssl-openssl-3.1.2/ssl/ssl_err_legacy.c,22,80,40,0.036926984787,0.000932931900024,0,0
/home/openssl-openssl-3.1.2/ssl/ssl_init.c,132,80,40,0.077358007431,0.00176405906677,0,0
/home/openssl-openssl-3.1.2/ssl/ssl_lib.c,6039,80,40,2.84197306633,0.00146794319153,0,0
/home/openssl-openssl-3.1.2/ssl/ssl_mcnf.c,103,80,40,0.106504917145,0.000832080841064,0,0
/home/openssl-openssl-3.1.2/ssl/ssl_rsa.c,1032,80,40,0.429043054581,0.00592017173767,0,0
/home/openssl-openssl-3.1.2/ssl/ssl_rsa_legacy.c,181,80,40,0.0716149806976,0.000982046127319,0,0
/home/openssl-openssl-3.1.2/ssl/ssl_sess.c,1398,80,40,1.08534789085,0.00144624710083,0,0
/home/openssl-openssl-3.1.2/ssl/ssl_stat.c,389,80,40,0.0618739128113,0.000867128372192,0,0
/home/openssl-openssl-3.1.2/ssl/ssl_txt.c,203,80,40,0.131247997284,0.000614881515503,0,0
/home/openssl-openssl-3.1.2/ssl/ssl_utst.c,25,80,40,0.00240898132324,0.000740051269531,0,0
/home/openssl-openssl-3.1.2/ssl/t1_enc.c,858,80,40,0.22131896019,0.00235629081726,0,0
/home/openssl-openssl-3.1.2/ssl/t1_lib.c,3531,80,40,0.804482936859,0.0012218952179,0,0
/home/openssl-openssl-3.1.2/ssl/t1_trce.c,1601,80,40,0.421962022781,0.00178408622742,0,0
/home/openssl-openssl-3.1.2/ssl/tls13_enc.c,897,80,40,0.335234165192,0.000885963439941,0,0
/home/openssl-openssl-3.1.2/ssl/tls_depr.c,208,80,40,0.222379207611,0.000662088394165,0,0
/home/openssl-openssl-3.1.2/ssl/tls_srp.c,513,80,40,0.354299068451,0.000769853591919,0,0
/home/openssl-openssl-3.1.2/ssl/record/dtls1_bitmap.c,79,80,40,0.189269065857,0.000766754150391,0,0
/home/openssl-openssl-3.1.2/ssl/record/rec_layer_d1.c,1052,80,40,0.231807947159,0.00212907791138,0,0
/home/openssl-openssl-3.1.2/ssl/record/rec_layer_s3.c,1816,80,40,0.263655185699,0.000888824462891,0,0
/home/openssl-openssl-3.1.2/ssl/record/ssl3_buffer.c,196,80,40,0.0898351669312,0.000795841217041,0,0
/home/openssl-openssl-3.1.2/ssl/record/ssl3_record.c,1934,80,40,0.316951990128,0.00512290000916,0,0
/home/openssl-openssl-3.1.2/ssl/record/ssl3_record_tls13.c,194,80,40,0.0887470245361,0.00081992149353,0,0
/home/openssl-openssl-3.1.2/ssl/statem/extensions.c,1727,80,40,0.296631813049,0.00189304351807,0,0
/home/openssl-openssl-3.1.2/ssl/statem/extensions_clnt.c,1984,80,40,0.284085988998,0.000920057296753,0,0
/home/openssl-openssl-3.1.2/ssl/statem/extensions_cust.c,530,80,40,0.251187086105,0.000725030899048,0,0
/home/openssl-openssl-3.1.2/ssl/statem/extensions_srvr.c,1917,80,40,0.240422010422,0.0012891292572,0,0
/home/openssl-openssl-3.1.2/ssl/statem/statem.c,994,80,40,0.322840929031,0.00110292434692,0,0
/home/openssl-openssl-3.1.2/ssl/statem/statem_clnt.c,3786,80,40,0.546924114227,0.00173592567444,0,0
/home/openssl-openssl-3.1.2/ssl/statem/statem_dtls.c,1367,80,40,0.352377891541,0.000869750976562,0,0
/home/openssl-openssl-3.1.2/ssl/statem/statem_lib.c,2407,80,40,0.474309921265,0.00183510780334,0,0
/home/openssl-openssl-3.1.2/ssl/statem/statem_srvr.c,4139,80,40,0.769021987915,0.00144386291504,0,0
/home/openssl-openssl-3.1.2/crypto/des/des_enc.c,306,80,40,0.0496370792389,0.000646829605103,0,0
/home/openssl-openssl-3.1.2/crypto/des/fcrypt_b.c,79,80,40,0.0263948440552,0.000799894332886,0,0
/home/openssl-openssl-3.1.2/crypto/md5/md5_dgst.c,171,80,40,0.0364592075348,0.00147891044617,0,0
/home/openssl-openssl-3.1.2/crypto/md5/md5_one.c,54,80,40,0.0414810180664,0.000859022140503,0,0
/home/openssl-openssl-3.1.2/crypto/md5/md5_sha1.c,109,80,40,0.166991949081,0.00118207931519,0,0
/home/openssl-openssl-3.1.2/providers/common/provider_util.c,370,80,40,0.119117975235,0.00252914428711,0,0
/home/openssl-openssl-3.1.2/providers/implementations/ciphers/cipher_blowfish.c,61,80,40,0.184943914413,0.000882863998413,0,0
/home/openssl-openssl-3.1.2/providers/implementations/ciphers/cipher_blowfish_hw.c,43,80,40,0.182367086411,0.00287079811096,0,0
/home/openssl-openssl-3.1.2/providers/implementations/ciphers/cipher_cast5.c,62,80,40,0.176769971848,0.000690221786499,0,0
/home/openssl-openssl-3.1.2/providers/implementations/ciphers/cipher_cast5_hw.c,43,80,40,0.161918878555,0.00081205368042,0,0
/home/openssl-openssl-3.1.2/providers/implementations/ciphers/cipher_des.c,203,80,40,0.45988202095,0.000828981399536,0,0
/home/openssl-openssl-3.1.2/providers/implementations/ciphers/cipher_des_hw.c,197,80,40,0.1884329319,0.000885963439941,0,0
/home/openssl-openssl-3.1.2/providers/implementations/ciphers/cipher_desx.c,22,80,40,0.056361913681,0.000689029693604,0,0
/home/openssl-openssl-3.1.2/providers/implementations/ciphers/cipher_desx_hw.c,81,80,40,0.0852248668671,0.00123691558838,0,0
/home/openssl-openssl-3.1.2/providers/implementations/ciphers/cipher_idea.c,60,80,40,0.185106039047,0.00168108940125,0,0
/home/openssl-openssl-3.1.2/providers/implementations/ciphers/cipher_idea_hw.c,64,80,40,0.166174173355,0.000976085662842,0,0
/home/openssl-openssl-3.1.2/providers/implementations/ciphers/cipher_rc2.c,284,80,40,0.339044094086,0.00137805938721,0,0
/home/openssl-openssl-3.1.2/providers/implementations/ciphers/cipher_rc2_hw.c,44,80,40,0.17863702774,0.000639200210571,0,0
/home/openssl-openssl-3.1.2/providers/implementations/ciphers/cipher_rc4.c,122,80,40,0.215243816376,0.00084400177002,0,0
/home/openssl-openssl-3.1.2/providers/implementations/ciphers/cipher_rc4_hmac_md5.c,235,80,40,0.222507953644,0.00059986114502,0,0
/home/openssl-openssl-3.1.2/providers/implementations/ciphers/cipher_rc4_hmac_md5_hw.c,234,80,40,0.13059592247,0.00179696083069,0,0
/home/openssl-openssl-3.1.2/providers/implementations/ciphers/cipher_rc4_hw.c,45,80,40,0.0972650051117,0.00100183486938,0,0
/home/openssl-openssl-3.1.2/providers/implementations/ciphers/cipher_seed.c,59,80,40,0.188763856888,0.00179815292358,0,0
/home/openssl-openssl-3.1.2/providers/implementations/ciphers/cipher_seed_hw.c,43,80,40,0.161630868912,0.000723123550415,0,0
/home/openssl-openssl-3.1.2/providers/implementations/ciphers/cipher_tdes_common.c,149,80,40,0.229225158691,0.00211477279663,0,0
/home/openssl-openssl-3.1.2/providers/implementations/digests/md4_prov.c,25,80,40,0.128698825836,0.00216197967529,0,0
/home/openssl-openssl-3.1.2/providers/implementations/digests/mdc2_prov.c,62,80,40,0.157232999802,0.00328993797302,0,0
/home/openssl-openssl-3.1.2/providers/implementations/digests/ripemd_prov.c,25,80,40,0.156811952591,0.000718116760254,0,0
/home/openssl-openssl-3.1.2/providers/implementations/digests/wp_prov.c,25,80,40,0.147799015045,0.000933885574341,0,0
/home/openssl-openssl-3.1.2/providers/implementations/kdfs/pbkdf1.c,269,80,40,0.249511003494,0.000738859176636,0,0
/home/openssl-openssl-3.1.2/providers/prov_running.c,23,80,40,0.0442540645599,0.00239109992981,0,0
/home/openssl-openssl-3.1.2/apps/lib/opt.c,1199,80,40,0.938729047775,0.0305938720703,1,1
/home/openssl-openssl-3.1.2/test/testutil/apps_shims.c,57,80,40,0.120204925537,0.00067925453186,0,0
/home/openssl-openssl-3.1.2/test/testutil/basic_output.c,103,80,40,0.206393957138,0.00118112564087,0,0
/home/openssl-openssl-3.1.2/test/testutil/cb.c,17,80,40,0.0380370616913,0.00122594833374,0,0
/home/openssl-openssl-3.1.2/test/testutil/driver.c,474,80,40,0.151694059372,0.000999927520752,0,0
/home/openssl-openssl-3.1.2/test/testutil/fake_random.c,232,80,40,0.153017997742,0.000793218612671,0,0
/home/openssl-openssl-3.1.2/test/testutil/format_output.c,535,80,40,0.12557387352,0.000660181045532,0,0
/home/openssl-openssl-3.1.2/test/testutil/load.c,106,80,40,0.126645088196,0.00115489959717,0,0
/home/openssl-openssl-3.1.2/test/testutil/main.c,41,80,40,0.0453479290009,0.000747919082642,0,0
/home/openssl-openssl-3.1.2/test/testutil/options.c,80,80,40,0.0961420536041,0.00101613998413,0,0
/home/openssl-openssl-3.1.2/test/testutil/output.c,59,80,40,0.0518181324005,0.0016188621521,0,0
/home/openssl-openssl-3.1.2/test/testutil/provider.c,243,80,40,0.123717784882,0.00151705741882,0,0
/home/openssl-openssl-3.1.2/test/testutil/random.c,41,80,40,0.0307021141052,0.00100684165955,0,0
/home/openssl-openssl-3.1.2/test/testutil/stanza.c,160,80,40,0.0936710834503,0.00106883049011,0,0
/home/openssl-openssl-3.1.2/test/testutil/test_cleanup.c,15,80,40,0.0165441036224,0.000791072845459,0,0
/home/openssl-openssl-3.1.2/test/testutil/test_options.c,22,80,40,0.0457792282104,0.000695705413818,0,0
/home/openssl-openssl-3.1.2/test/testutil/tests.c,472,80,40,0.160804986954,0.00113892555237,0,0
/home/openssl-openssl-3.1.2/test/testutil/testutil_init.c,146,80,40,0.0461478233337,0.0154638290405,0,0
/home/openssl-openssl-3.1.2/crypto/aes/aes_cfb.c,50,80,40,0.0148379802704,0.000720024108887,0,0
/home/openssl-openssl-3.1.2/crypto/aes/aes_ecb.c,33,80,40,0.0213160514832,0.00142288208008,0,0
/home/openssl-openssl-3.1.2/crypto/aes/aes_ige.c,302,80,40,0.0282340049744,0.00166201591492,0,0
/home/openssl-openssl-3.1.2/crypto/aes/aes_misc.c,24,80,40,0.036062002182,0.00109720230103,0,0
/home/openssl-openssl-3.1.2/crypto/aes/aes_ofb.c,26,80,40,0.0159380435944,0.000600814819336,0,0
/home/openssl-openssl-3.1.2/crypto/aes/aes_wrap.c,34,80,40,0.0612380504608,0.00108885765076,0,0
/home/openssl-openssl-3.1.2/crypto/aria/aria.c,1213,80,40,0.202934980392,0.000725030899048,0,0
/home/openssl-openssl-3.1.2/crypto/asn1/a_bitstr.c,223,80,40,0.166146993637,0.00114011764526,0,0
/home/openssl-openssl-3.1.2/crypto/asn1/a_d2i_fp.c,254,80,40,0.154944896698,0.000972032546997,0,0
/home/openssl-openssl-3.1.2/crypto/asn1/a_digest.c,95,80,40,0.133193969727,0.000744819641113,0,0
/home/openssl-openssl-3.1.2/crypto/asn1/a_dup.c,98,80,40,0.0577509403229,0.00134992599487,0,0
/home/openssl-openssl-3.1.2/crypto/asn1/a_gentm.c,87,80,40,0.18491601944,0.00160789489746,0,0
/home/openssl-openssl-3.1.2/crypto/asn1/a_i2d_fp.c,130,80,40,0.0925159454346,0.00130081176758,0,0
/home/openssl-openssl-3.1.2/crypto/asn1/a_int.c,644,80,40,0.520086050034,0.000602006912231,0,0
/home/openssl-openssl-3.1.2/crypto/asn1/a_mbstr.c,351,80,40,0.207158088684,0.00168991088867,0,0
/home/openssl-openssl-3.1.2/crypto/asn1/a_object.c,394,80,40,0.264153957367,0.00138902664185,0,0
/home/openssl-openssl-3.1.2/crypto/asn1/a_octet.c,30,80,40,0.099268913269,0.000691890716553,0,0
/home/openssl-openssl-3.1.2/crypto/asn1/a_print.c,97,80,40,0.13250207901,0.000809907913208,0,0
/home/openssl-openssl-3.1.2/crypto/asn1/a_sign.c,302,80,40,0.143296957016,0.000850915908813,0,0
/home/openssl-openssl-3.1.2/crypto/asn1/a_strex.c,629,80,40,0.372980117798,0.000955820083618,0,0
/home/openssl-openssl-3.1.2/crypto/asn1/a_strnid.c,223,80,40,0.311487913132,0.00107884407043,0,0
/home/openssl-openssl-3.1.2/crypto/asn1/a_time.c,592,80,40,0.474897146225,0.000728845596313,0,0
/home/openssl-openssl-3.1.2/crypto/asn1/a_type.c,139,80,40,0.161136865616,0.00116801261902,0,0
/home/openssl-openssl-3.1.2/crypto/asn1/a_utctm.c,102,80,40,0.218561172485,0.00107884407043,0,0
/home/openssl-openssl-3.1.2/crypto/asn1/a_utf8.c,138,80,40,0.269068002701,0.00126910209656,0,0
/home/openssl-openssl-3.1.2/crypto/asn1/a_verify.c,225,80,40,0.142723083496,0.00095796585083,0,0
/home/openssl-openssl-3.1.2/crypto/asn1/ameth_lib.c,438,80,40,0.341032981873,0.00232911109924,0,0
/home/openssl-openssl-3.1.2/crypto/asn1/asn1_err.c,213,80,40,0.0425000190735,0.000878095626831,0,0
/home/openssl-openssl-3.1.2/crypto/asn1/asn1_gen.c,787,80,40,0.519179821014,0.0606181621552,2,2
/home/openssl-openssl-3.1.2/crypto/asn1/asn1_item_list.c,46,80,40,0.079509973526,0.000777006149292,0,0
/home/openssl-openssl-3.1.2/crypto/asn1/asn1_lib.c,471,80,40,0.326102972031,0.000654220581055,0,0
/home/openssl-openssl-3.1.2/crypto/asn1/asn1_parse.c,388,80,40,0.209266901016,0.00209736824036,0,0
/home/openssl-openssl-3.1.2/crypto/asn1/asn_mime.c,1037,80,40,0.334369897842,0.00160908699036,0,0
/home/openssl-openssl-3.1.2/crypto/asn1/asn_moid.c,101,80,40,0.0748190879822,0.00278878211975,0,0
/home/openssl-openssl-3.1.2/crypto/asn1/asn_mstbl.c,114,80,40,0.164551973343,0.0288019180298,2,2
/home/openssl-openssl-3.1.2/crypto/asn1/asn_pack.c,63,80,40,0.090231180191,0.000719785690308,0,0
/home/openssl-openssl-3.1.2/crypto/asn1/bio_asn1.c,450,80,40,0.405420064926,0.00126099586487,0,0
/home/openssl-openssl-3.1.2/crypto/asn1/bio_ndef.c,234,80,40,0.0852839946747,0.00186610221863,0,0
/home/openssl-openssl-3.1.2/crypto/asn1/d2i_param.c,66,80,40,0.0591778755188,0.00060510635376,0,0
/home/openssl-openssl-3.1.2/crypto/asn1/d2i_pr.c,249,80,40,0.173702955246,0.00138711929321,0,0
/home/openssl-openssl-3.1.2/crypto/asn1/d2i_pu.c,99,80,40,0.0683660507202,0.000958919525146,0,0
/home/openssl-openssl-3.1.2/crypto/asn1/evp_asn1.c,188,80,40,0.151237010956,0.000830173492432,0,0
/home/openssl-openssl-3.1.2/crypto/asn1/f_int.c,156,80,40,0.178148984909,0.00117921829224,0,0
/home/openssl-openssl-3.1.2/crypto/asn1/f_string.c,136,80,40,0.10896897316,0.00125432014465,0,0
/home/openssl-openssl-3.1.2/crypto/asn1/i2d_evp.c,150,80,40,0.206620931625,0.000858068466187,0,0
/home/openssl-openssl-3.1.2/crypto/asn1/n_pkey.c,59,80,40,0.164031028748,0.000940084457397,0,0
/home/openssl-openssl-3.1.2/crypto/asn1/nsseq.c,35,80,40,0.16600894928,0.00343704223633,0,0
/home/openssl-openssl-3.1.2/crypto/asn1/p5_pbe.c,114,80,40,0.223217964172,0.00074291229248,0,0
/home/openssl-openssl-3.1.2/crypto/asn1/p5_pbev2.c,247,80,40,0.321175098419,0.00102400779724,0,0
/home/openssl-openssl-3.1.2/crypto/asn1/p5_scrypt.c,287,80,40,0.217970132828,0.000760793685913,0,0
/home/openssl-openssl-3.1.2/crypto/asn1/p8_pkey.c,92,80,40,0.175168037415,0.000763893127441,0,0
/home/openssl-openssl-3.1.2/crypto/asn1/t_bitst.c,57,80,40,0.106312036514,0.000730991363525,0,0
/home/openssl-openssl-3.1.2/crypto/asn1/t_pkey.c,94,80,40,0.0987679958344,0.00109314918518,0,0
/home/openssl-openssl-3.1.2/crypto/asn1/t_spki.c,57,80,40,0.0620441436768,0.00653576850891,0,0
/home/openssl-openssl-3.1.2/crypto/asn1/tasn_dec.c,1223,80,40,0.469702959061,0.000770092010498,0,0
/home/openssl-openssl-3.1.2/crypto/asn1/tasn_enc.c,647,80,40,0.493606090546,0.000679016113281,0,0
/home/openssl-openssl-3.1.2/crypto/asn1/tasn_fre.c,209,80,40,0.0357320308685,0.00143098831177,0,0
/home/openssl-openssl-3.1.2/crypto/asn1/tasn_new.c,349,80,40,0.183480978012,0.00186109542847,0,0
/home/openssl-openssl-3.1.2/crypto/asn1/tasn_prn.c,540,80,40,0.223781108856,0.00215005874634,0,0
/home/openssl-openssl-3.1.2/crypto/asn1/tasn_scn.c,66,80,40,0.0526249408722,0.0012412071228,0,0
/home/openssl-openssl-3.1.2/crypto/asn1/tasn_typ.c,85,80,40,1.3722410202,0.00110697746277,0,0
/home/openssl-openssl-3.1.2/crypto/asn1/tasn_utl.c,287,80,40,0.22691988945,0.000797033309937,0,0
/home/openssl-openssl-3.1.2/crypto/asn1/x_algor.c,191,80,40,0.336823940277,0.000997304916382,0,0
/home/openssl-openssl-3.1.2/crypto/asn1/x_bignum.c,158,80,40,0.14512014389,0.00176501274109,0,0
/home/openssl-openssl-3.1.2/crypto/asn1/x_info.c,40,80,40,0.0469748973846,0.000970125198364,0,0
/home/openssl-openssl-3.1.2/crypto/asn1/x_int64.c,292,80,40,0.263518810272,0.000813961029053,0,0
/home/openssl-openssl-3.1.2/crypto/asn1/x_long.c,197,80,40,0.18679523468,0.000969648361206,0,0
/home/openssl-openssl-3.1.2/crypto/asn1/x_pkey.c,48,80,40,0.0579521656036,0.00155186653137,0,0
/home/openssl-openssl-3.1.2/crypto/asn1/x_sig.c,40,80,40,0.121763944626,0.000693082809448,0,0
/home/openssl-openssl-3.1.2/crypto/asn1/x_spki.c,29,80,40,0.18948507309,0.000833988189697,0,0
/home/openssl-openssl-3.1.2/crypto/asn1/x_val.c,21,80,40,0.133093833923,0.000710010528564,0,0
/home/openssl-openssl-3.1.2/crypto/async/arch/async_null.c,24,80,40,0.000303030014038,0.0014979839325,0,0
/home/openssl-openssl-3.1.2/crypto/async/arch/async_posix.c,61,80,40,0.0738599300385,0.000984907150269,0,0
/home/openssl-openssl-3.1.2/crypto/async/arch/async_win.c,60,80,40,0.000314950942993,0.000753164291382,0,0
/home/openssl-openssl-3.1.2/crypto/async/async.c,488,80,40,0.233391046524,0.000730991363525,0,0
/home/openssl-openssl-3.1.2/crypto/async/async_err.c,38,80,40,0.04390001297,0.00062894821167,0,0
/home/openssl-openssl-3.1.2/crypto/async/async_wait.c,249,80,40,0.113866090775,0.000903844833374,0,0
/home/openssl-openssl-3.1.2/crypto/bf/bf_cfb64.c,81,80,40,0.03235912323,0.000852823257446,0,0
/home/openssl-openssl-3.1.2/crypto/bf/bf_ecb.c,50,80,40,0.0458500385284,0.000766038894653,0,0
/home/openssl-openssl-3.1.2/crypto/bf/bf_enc.c,182,80,40,0.0220580101013,0.000856876373291,0,0
/home/openssl-openssl-3.1.2/crypto/bf/bf_ofb64.c,68,80,40,0.0280108451843,0.000677108764648,0,0
/home/openssl-openssl-3.1.2/crypto/bf/bf_skey.c,74,80,40,0.0261518955231,0.000829219818115,0,0
/home/openssl-openssl-3.1.2/crypto/bio/bf_buff.c,471,80,40,0.224253892899,0.000905752182007,0,0
/home/openssl-openssl-3.1.2/crypto/bio/bf_lbuf.c,320,80,40,0.237205028534,0.000957250595093,0,0
/home/openssl-openssl-3.1.2/crypto/bio/bf_nbio.c,192,80,40,0.232586860657,0.00107598304749,0,0
/home/openssl-openssl-3.1.2/crypto/bio/bf_null.c,114,80,40,0.181156158447,0.00187873840332,0,0
/home/openssl-openssl-3.1.2/crypto/bio/bf_prefix.c,208,80,40,0.262538909912,0.000691175460815,0,0
/home/openssl-openssl-3.1.2/crypto/bio/bf_readbuff.c,289,80,40,0.18067908287,0.000781059265137,0,0
/home/openssl-openssl-3.1.2/crypto/bio/bio_addr.c,940,80,40,0.262042045593,0.00156807899475,0,0
/home/openssl-openssl-3.1.2/crypto/bio/bio_cb.c,115,80,40,0.0433712005615,0.00148892402649,0,0
/home/openssl-openssl-3.1.2/crypto/bio/bio_dump.c,154,80,40,0.262917995453,0.000893831253052,0,0
/home/openssl-openssl-3.1.2/crypto/bio/bio_err.c,87,80,40,0.0401470661163,0.000815868377686,0,0
/home/openssl-openssl-3.1.2/crypto/bio/bio_lib.c,983,80,40,0.455175876617,0.00101613998413,0,0
/home/openssl-openssl-3.1.2/crypto/bio/bio_meth.c,221,80,40,0.147177934647,0.00116920471191,0,0
/home/openssl-openssl-3.1.2/crypto/bio/bio_print.c,961,80,40,0.218121051788,0.000818729400635,0,0
/home/openssl-openssl-3.1.2/crypto/bio/bio_sock.c,416,80,40,0.275104045868,0.00195693969727,0,0
/home/openssl-openssl-3.1.2/crypto/bio/bio_sock2.c,341,80,40,0.289649009705,0.000816106796265,0,0
/home/openssl-openssl-3.1.2/crypto/bio/bss_acpt.c,576,80,40,0.142381906509,0.00248908996582,0,0
/home/openssl-openssl-3.1.2/crypto/bio/bss_bio.c,807,80,40,0.327378988266,0.00136280059814,0,0
/home/openssl-openssl-3.1.2/crypto/bio/bss_conn.c,625,80,40,0.144782066345,0.000770092010498,0,0
/home/openssl-openssl-3.1.2/crypto/bio/bss_core.c,189,80,40,0.315759897232,0.000873804092407,0,0
/home/openssl-openssl-3.1.2/crypto/bio/bss_dgram.c,1926,80,40,0.147542953491,0.000849008560181,0,0
/home/openssl-openssl-3.1.2/crypto/bio/bss_fd.c,284,80,40,0.145555019379,0.00080394744873,0,0
/home/openssl-openssl-3.1.2/crypto/bio/bss_file.c,431,80,40,0.126522064209,0.000936985015869,0,0
/home/openssl-openssl-3.1.2/crypto/bio/bss_log.c,418,80,40,0.11674118042,0.00302696228027,0,0
/home/openssl-openssl-3.1.2/crypto/bio/bss_mem.c,388,80,40,0.243366956711,0.00084114074707,0,0
/home/openssl-openssl-3.1.2/crypto/bio/bss_null.c,86,80,40,0.138581991196,0.00150609016418,0,0
/home/openssl-openssl-3.1.2/crypto/bio/bss_sock.c,288,80,40,0.15324306488,0.000826835632324,0,0
/home/openssl-openssl-3.1.2/crypto/bio/ossl_core_bio.c,125,80,40,0.256713151932,0.000679969787598,0,0
/home/openssl-openssl-3.1.2/crypto/bn/asm/x86_64-gcc.c,643,80,40,0.122587919235,0.000772714614868,0,0
/home/openssl-openssl-3.1.2/crypto/bn/bn_add.c,172,80,40,0.103039979935,0.00100421905518,0,0
/home/openssl-openssl-3.1.2/crypto/bn/bn_blind.c,314,80,40,0.204138040543,0.00152111053467,0,0
/home/openssl-openssl-3.1.2/crypto/bn/bn_const.c,154,80,40,0.218797922134,0.00160312652588,0,0
/home/openssl-openssl-3.1.2/crypto/bn/bn_conv.c,292,80,40,0.157083034515,0.00107216835022,0,0
/home/openssl-openssl-3.1.2/crypto/bn/bn_ctx.c,371,80,40,0.153690099716,0.00154805183411,0,0
/home/openssl-openssl-3.1.2/crypto/bn/bn_depr.c,64,80,40,0.0812430381775,0.0012218952179,0,0
/home/openssl-openssl-3.1.2/crypto/bn/bn_dh.c,1055,80,40,0.00108790397644,0.00159502029419,0,0
/home/openssl-openssl-3.1.2/crypto/bn/bn_div.c,461,80,40,0.116058826447,0.00452494621277,0,0
/home/openssl-openssl-3.1.2/crypto/bn/bn_err.c,57,80,40,0.0487849712372,0.000860929489136,0,0
/home/openssl-openssl-3.1.2/crypto/bn/bn_exp.c,1511,80,40,0.148942947388,0.000921010971069,0,0
/home/openssl-openssl-3.1.2/crypto/bn/bn_exp2.c,202,80,40,0.0887470245361,0.00119614601135,0,0
/home/openssl-openssl-3.1.2/crypto/bn/bn_gcd.c,679,80,40,0.0992379188538,0.00106024742126,0,0
/home/openssl-openssl-3.1.2/crypto/bn/bn_gf2m.c,1192,80,40,0.22040605545,0.00127506256104,0,0
/home/openssl-openssl-3.1.2/crypto/bn/bn_intern.c,200,80,40,0.0830180644989,0.00132203102112,0,0
/home/openssl-openssl-3.1.2/crypto/bn/bn_kron.c,141,80,40,0.0883040428162,0.00186204910278,0,0
/home/openssl-openssl-3.1.2/crypto/bn/bn_lib.c,1061,80,40,0.750571966171,0.0013267993927,0,0
/home/openssl-openssl-3.1.2/crypto/bn/bn_mod.c,326,80,40,0.298558950424,0.000967979431152,0,0
/home/openssl-openssl-3.1.2/crypto/bn/bn_mont.c,470,80,40,0.165250062943,0.00174498558044,0,0
/home/openssl-openssl-3.1.2/crypto/bn/bn_mpi.c,87,80,40,0.0690290927887,0.00115084648132,0,0
/home/openssl-openssl-3.1.2/crypto/bn/bn_mul.c,685,80,40,0.128176927567,0.0015230178833,0,0
/home/openssl-openssl-3.1.2/crypto/bn/bn_nist.c,1216,80,40,0.452140808105,0.000763654708862,0,0
/home/openssl-openssl-3.1.2/crypto/bn/bn_prime.c,620,80,40,0.491459131241,0.000769853591919,0,0
/home/openssl-openssl-3.1.2/crypto/bn/bn_print.c,73,80,40,0.104299068451,0.00180292129517,0,0
/home/openssl-openssl-3.1.2/crypto/bn/bn_rand.c,329,80,40,0.390951156616,0.00147008895874,0,0
/home/openssl-openssl-3.1.2/crypto/bn/bn_recp.c,195,80,40,0.132224798203,0.00133800506592,0,0
/home/openssl-openssl-3.1.2/crypto/bn/bn_rsa_fips186_4.c,407,80,40,0.338660955429,0.00261211395264,0,0
/home/openssl-openssl-3.1.2/crypto/bn/bn_shift.c,217,80,40,0.119711875916,0.000991106033325,0,0
/home/openssl-openssl-3.1.2/crypto/bn/bn_sqr.c,240,80,40,0.0744099617004,0.00132012367249,0,0
/home/openssl-openssl-3.1.2/crypto/bn/bn_sqrt.c,369,80,40,0.0712919235229,0.000917911529541,0,0
/home/openssl-openssl-3.1.2/crypto/bn/bn_srp.c,546,80,40,0.00104904174805,0.00200295448303,0,0
/home/openssl-openssl-3.1.2/crypto/bn/bn_word.c,202,80,40,0.18945980072,0.00141215324402,0,0
/home/openssl-openssl-3.1.2/crypto/bn/bn_x931p.c,249,80,40,0.0885820388794,0.000884056091309,0,0
/home/openssl-openssl-3.1.2/crypto/bn/rsaz_exp.c,324,80,40,0.0349190235138,0.00105404853821,0,0
/home/openssl-openssl-3.1.2/crypto/bn/rsaz_exp_x2.c,657,80,40,0.0962648391724,0.000734090805054,0,0
/home/openssl-openssl-3.1.2/crypto/buffer/buf_err.c,31,80,40,0.0451860427856,0.00255513191223,0,0
/home/openssl-openssl-3.1.2/crypto/buffer/buffer.c,166,80,40,0.110853910446,0.0017409324646,0,0
/home/openssl-openssl-3.1.2/crypto/camellia/cmll_cfb.c,50,80,40,0.0119390487671,0.000818014144897,0,0
/home/openssl-openssl-3.1.2/crypto/camellia/cmll_ctr.c,29,80,40,0.0126531124115,0.000692844390869,0,0
/home/openssl-openssl-3.1.2/crypto/camellia/cmll_ecb.c,27,80,40,0.0293140411377,0.000978946685791,0,0
/home/openssl-openssl-3.1.2/crypto/camellia/cmll_misc.c,42,80,40,0.0905969142914,0.000786066055298,0,0
/home/openssl-openssl-3.1.2/crypto/camellia/cmll_ofb.c,31,80,40,0.0119001865387,0.00150775909424,0,0
/home/openssl-openssl-3.1.2/crypto/cast/c_cfb64.c,81,80,40,0.0264840126038,0.00130796432495,0,0
/home/openssl-openssl-3.1.2/crypto/cast/c_ecb.c,39,80,40,0.0255589485168,0.00112676620483,0,0
/home/openssl-openssl-3.1.2/crypto/cast/c_enc.c,158,80,40,0.0443761348724,0.00066089630127,0,0
/home/openssl-openssl-3.1.2/crypto/cast/c_ofb64.c,68,80,40,0.0272121429443,0.00131797790527,0,0
/home/openssl-openssl-3.1.2/crypto/cast/c_skey.c,125,80,40,0.0751979351044,0.00170803070068,0,0
/home/openssl-openssl-3.1.2/crypto/cmac/cmac.c,250,80,40,0.129079818726,0.0012788772583,0,0
/home/openssl-openssl-3.1.2/crypto/cmp/cmp_asn.c,460,80,40,0.93786406517,0.00184106826782,0,0
/home/openssl-openssl-3.1.2/crypto/cmp/cmp_client.c,919,80,40,0.247273921967,0.000759840011597,0,0
/home/openssl-openssl-3.1.2/crypto/cmp/cmp_ctx.c,1174,80,40,0.38413310051,0.000765085220337,0,0
/home/openssl-openssl-3.1.2/crypto/cmp/cmp_err.c,182,80,40,0.0431230068207,0.00179314613342,0,0
/home/openssl-openssl-3.1.2/crypto/cmp/cmp_hdr.c,370,80,40,0.364187002182,0.000851154327393,0,0
/home/openssl-openssl-3.1.2/crypto/cmp/cmp_http.c,106,80,40,0.0915551185608,0.00300407409668,0,0
/home/openssl-openssl-3.1.2/crypto/cmp/cmp_msg.c,1181,80,40,0.561875104904,0.000933885574341,0,0
/home/openssl-openssl-3.1.2/crypto/cmp/cmp_protect.c,335,80,40,0.101836919785,0.00227999687195,0,0
/home/openssl-openssl-3.1.2/crypto/cmp/cmp_server.c,666,80,40,0.246814012527,0.00253796577454,0,0
/home/openssl-openssl-3.1.2/crypto/cmp/cmp_status.c,315,80,40,0.215219020844,0.00298810005188,0,0
/home/openssl-openssl-3.1.2/crypto/cmp/cmp_util.c,287,80,40,0.215055942535,0.00085186958313,0,0
/home/openssl-openssl-3.1.2/crypto/cmp/cmp_vfy.c,856,80,40,0.187189817429,0.00109195709229,0,0
/home/openssl-openssl-3.1.2/crypto/cms/cms_asn1.c,416,80,40,0.1472260952,0.000771999359131,0,0
/home/openssl-openssl-3.1.2/crypto/cms/cms_att.c,286,80,40,0.449793815613,0.00345897674561,0,0
/home/openssl-openssl-3.1.2/crypto/cms/cms_cd.c,84,80,40,0.00231385231018,0.000676155090332,0,0
/home/openssl-openssl-3.1.2/crypto/cms/cms_dd.c,103,80,40,0.114334106445,0.000960111618042,0,0
/home/openssl-openssl-3.1.2/crypto/cms/cms_dh.c,344,80,40,0.156867027283,0.000807046890259,0,0
/home/openssl-openssl-3.1.2/crypto/cms/cms_ec.c,395,80,40,0.237182855606,0.00174689292908,0,0
/home/openssl-openssl-3.1.2/crypto/cms/cms_enc.c,259,80,40,0.161778211594,0.00086784362793,0,0
/home/openssl-openssl-3.1.2/crypto/cms/cms_env.c,1339,80,40,0.690113782883,0.00198769569397,0,0
/home/openssl-openssl-3.1.2/crypto/cms/cms_err.c,179,80,40,0.0509548187256,0.000895977020264,0,0
/home/openssl-openssl-3.1.2/crypto/cms/cms_ess.c,418,80,40,0.275584220886,0.00122976303101,0,0
/home/openssl-openssl-3.1.2/crypto/cms/cms_io.c,122,80,40,0.321969032288,0.00262975692749,0,0
/home/openssl-openssl-3.1.2/crypto/cms/cms_kari.c,524,80,40,0.262032985687,0.00147771835327,0,0
/home/openssl-openssl-3.1.2/crypto/cms/cms_lib.c,736,80,40,0.495290994644,0.00436305999756,0,0
/home/openssl-openssl-3.1.2/crypto/cms/cms_pwri.c,410,80,40,0.169443845749,0.000932216644287,0,0
/home/openssl-openssl-3.1.2/crypto/cms/cms_rsa.c,276,80,40,0.288053035736,0.000792980194092,0,0
/home/openssl-openssl-3.1.2/crypto/cms/cms_sd.c,1123,80,40,0.46172618866,0.00102591514587,0,0
/home/openssl-openssl-3.1.2/crypto/cms/cms_smime.c,977,80,40,0.402335166931,0.00111675262451,0,0
/home/openssl-openssl-3.1.2/crypto/comp/c_zlib.c,646,80,40,0.0387020111084,0.00121903419495,0,0
/home/openssl-openssl-3.1.2/crypto/comp/comp_err.c,42,80,40,0.0512900352478,0.000572919845581,0,0
/home/openssl-openssl-3.1.2/crypto/comp/comp_lib.c,94,80,40,0.090784072876,0.00108695030212,0,0
/home/openssl-openssl-3.1.2/crypto/conf/conf_api.c,215,80,40,0.273783922195,0.00138711929321,0,0
/home/openssl-openssl-3.1.2/crypto/conf/conf_def.c,1025,80,40,0.265375852585,0.00133395195007,0,0
/home/openssl-openssl-3.1.2/crypto/conf/conf_err.c,73,80,40,0.0450060367584,0.00127410888672,0,0
/home/openssl-openssl-3.1.2/crypto/conf/conf_lib.c,471,80,40,0.560430049896,0.000962018966675,0,0
/home/openssl-openssl-3.1.2/crypto/conf/conf_mall.c,39,80,40,0.0191090106964,0.00313019752502,0,0
/home/openssl-openssl-3.1.2/crypto/conf/conf_mod.c,700,80,40,0.930632829666,0.00174498558044,0,0
/home/openssl-openssl-3.1.2/crypto/conf/conf_sap.c,80,80,40,0.0800549983978,0.000691890716553,0,0
/home/openssl-openssl-3.1.2/crypto/conf/conf_ssl.c,183,80,40,0.104331970215,0.000866889953613,0,0
/home/openssl-openssl-3.1.2/crypto/crmf/crmf_asn.c,236,80,40,1.26916599274,0.00209403038025,0,0
/home/openssl-openssl-3.1.2/crypto/crmf/crmf_err.c,75,80,40,0.0404870510101,0.00113987922668,0,0
/home/openssl-openssl-3.1.2/crypto/crmf/crmf_lib.c,716,80,40,0.293788909912,0.00124311447144,0,0
/home/openssl-openssl-3.1.2/crypto/crmf/crmf_pbm.c,233,80,40,0.0896079540253,0.00330996513367,0,0
/home/openssl-openssl-3.1.2/crypto/ct/ct_b64.c,177,80,40,0.175934076309,0.00131893157959,0,0
/home/openssl-openssl-3.1.2/crypto/ct/ct_err.c,62,80,40,0.0488829612732,0.000859975814819,0,0
/home/openssl-openssl-3.1.2/crypto/ct/ct_log.c,353,80,40,0.296387910843,0.00147604942322,0,0
/home/openssl-openssl-3.1.2/crypto/ct/ct_oct.c,408,80,40,0.163727045059,0.000967025756836,0,0
/home/openssl-openssl-3.1.2/crypto/ct/ct_policy.c,116,80,40,0.111785888672,0.001384973526,0,0
/home/openssl-openssl-3.1.2/crypto/ct/ct_prn.c,128,80,40,0.0501990318298,0.000894069671631,0,0
/home/openssl-openssl-3.1.2/crypto/ct/ct_sct.c,397,80,40,0.151460886002,0.00138115882874,0,0
/home/openssl-openssl-3.1.2/crypto/ct/ct_sct_ctx.c,279,80,40,0.177352905273,0.000701904296875,0,0
/home/openssl-openssl-3.1.2/crypto/ct/ct_vfy.c,142,80,40,0.119646072388,0.000775098800659,0,0
/home/openssl-openssl-3.1.2/crypto/ct/ct_x509v3.c,105,80,40,0.146857023239,0.000984907150269,0,0
/home/openssl-openssl-3.1.2/crypto/des/cbc_cksm.c,60,80,40,0.0478079319,0.0011932849884,0,0
/home/openssl-openssl-3.1.2/crypto/des/cbc_enc.c,19,80,40,9.10758972168e-05,0.000868797302246,0,0
/home/openssl-openssl-3.1.2/crypto/des/cfb64ede.c,196,80,40,0.0453078746796,0.000774145126343,0,0
/home/openssl-openssl-3.1.2/crypto/des/cfb64enc.c,80,80,40,0.0317389965057,0.00112390518188,0,0
/home/openssl-openssl-3.1.2/crypto/des/cfb_enc.c,157,80,40,0.0250549316406,0.00105404853821,0,0
/home/openssl-openssl-3.1.2/crypto/des/des_enc.c,306,80,40,0.0427057743073,0.00384402275085,0,0
/home/openssl-openssl-3.1.2/crypto/des/ecb3_enc.c,40,80,40,0.0398979187012,0.000695943832397,0,0
/home/openssl-openssl-3.1.2/crypto/des/ecb_enc.c,55,80,40,0.0511720180511,0.0010359287262,0,0
/home/openssl-openssl-3.1.2/crypto/des/fcrypt.c,156,80,40,0.0708148479462,0.000655889511108,0,0
/home/openssl-openssl-3.1.2/crypto/des/fcrypt_b.c,79,80,40,0.0261850357056,0.00234198570251,0,0
/home/openssl-openssl-3.1.2/crypto/des/ofb64ede.c,69,80,40,0.0226058959961,0.00100708007812,0,0
/home/openssl-openssl-3.1.2/crypto/des/ofb64enc.c,67,80,40,0.0221040248871,0.000691890716553,0,0
/home/openssl-openssl-3.1.2/crypto/des/ofb_enc.c,89,80,40,0.0278041362762,0.00105381011963,0,0
/home/openssl-openssl-3.1.2/crypto/des/pcbc_enc.c,73,80,40,0.0263757705688,0.000959157943726,0,0
/home/openssl-openssl-3.1.2/crypto/des/qud_cksm.c,84,80,40,0.046334028244,0.000751972198486,0,0
/home/openssl-openssl-3.1.2/crypto/des/rand_key.c,28,80,40,0.076712846756,0.000813007354736,0,0
/home/openssl-openssl-3.1.2/crypto/des/set_key.c,395,80,40,0.1553170681,0.000767946243286,0,0
/home/openssl-openssl-3.1.2/crypto/des/str2key.c,84,80,40,0.0314521789551,0.000796794891357,0,0
/home/openssl-openssl-3.1.2/crypto/des/xcbc_enc.c,110,80,40,0.028235912323,0.000987768173218,0,0
/home/openssl-openssl-3.1.2/crypto/dh/dh_ameth.c,649,80,40,0.441217899323,0.00081992149353,0,0
/home/openssl-openssl-3.1.2/crypto/dh/dh_asn1.c,168,80,40,0.273615837097,0.00113010406494,0,0
/home/openssl-openssl-3.1.2/crypto/dh/dh_backend.c,251,80,40,0.166313171387,0.00216484069824,0,0
/home/openssl-openssl-3.1.2/crypto/dh/dh_check.c,348,80,40,0.149178028107,0.000648021697998,0,0
/home/openssl-openssl-3.1.2/crypto/dh/dh_depr.c,49,80,40,0.0431671142578,0.00244402885437,0,0
/home/openssl-openssl-3.1.2/crypto/dh/dh_err.c,76,80,40,0.0511119365692,0.000759124755859,0,0
/home/openssl-openssl-3.1.2/crypto/dh/dh_gen.c,239,80,40,0.209258794785,0.00276684761047,0,0
/home/openssl-openssl-3.1.2/crypto/dh/dh_group_params.c,100,80,40,0.146377801895,0.000649929046631,0,0
/home/openssl-openssl-3.1.2/crypto/dh/dh_kdf.c,81,80,40,0.117256879807,0.00100421905518,0,0
/home/openssl-openssl-3.1.2/crypto/dh/dh_key.c,443,80,40,0.29715013504,0.000915050506592,0,0
/home/openssl-openssl-3.1.2/crypto/dh/dh_lib.c,331,80,40,0.326597929001,0.00434517860413,0,0
/home/openssl-openssl-3.1.2/crypto/dh/dh_meth.c,180,80,40,0.147071123123,0.000961065292358,0,0
/home/openssl-openssl-3.1.2/crypto/dh/dh_pmeth.c,543,80,40,0.291965961456,0.000725030899048,0,0
/home/openssl-openssl-3.1.2/crypto/dh/dh_prn.c,37,80,40,0.0677630901337,0.000735998153687,0,0
/home/openssl-openssl-3.1.2/crypto/dh/dh_rfc5114.c,48,80,40,0.0477089881897,0.0220460891724,0,0
/home/openssl-openssl-3.1.2/crypto/dsa/dsa_ameth.c,585,80,40,0.373422145844,0.000799894332886,0,0
/home/openssl-openssl-3.1.2/crypto/dsa/dsa_asn1.c,73,80,40,0.289397954941,0.000703096389771,0,0
/home/openssl-openssl-3.1.2/crypto/dsa/dsa_backend.c,196,80,40,0.133161067963,0.00079607963562,0,0
/home/openssl-openssl-3.1.2/crypto/dsa/dsa_check.c,96,80,40,0.193109989166,0.00194096565247,0,0
/home/openssl-openssl-3.1.2/crypto/dsa/dsa_depr.c,58,80,40,0.0567491054535,0.000958919525146,0,0
/home/openssl-openssl-3.1.2/crypto/dsa/dsa_err.c,56,80,40,0.049751996994,0.000823020935059,0,0
/home/openssl-openssl-3.1.2/crypto/dsa/dsa_gen.c,78,80,40,0.121313095093,0.00166392326355,0,0
/home/openssl-openssl-3.1.2/crypto/dsa/dsa_key.c,223,80,40,0.156264066696,0.0028657913208,0,0
/home/openssl-openssl-3.1.2/crypto/dsa/dsa_lib.c,363,80,40,0.329890966415,0.00229930877686,0,0
/home/openssl-openssl-3.1.2/crypto/dsa/dsa_meth.c,225,80,40,0.125987052917,0.00139784812927,0,0
/home/openssl-openssl-3.1.2/crypto/dsa/dsa_ossl.c,482,80,40,0.299689054489,0.00114893913269,0,0
/home/openssl-openssl-3.1.2/crypto/dsa/dsa_pmeth.c,298,80,40,0.220940828323,0.00157809257507,0,0
/home/openssl-openssl-3.1.2/crypto/dsa/dsa_prn.c,80,80,40,0.0843379497528,0.0165638923645,0,0
/home/openssl-openssl-3.1.2/crypto/dsa/dsa_sign.c,210,80,40,0.244284152985,0.000946760177612,0,0
/home/openssl-openssl-3.1.2/crypto/dsa/dsa_vrf.c,24,80,40,0.0307109355927,0.000625848770142,0,0
/home/openssl-openssl-3.1.2/crypto/dso/dso_dl.c,288,80,40,0.000900030136108,0.0018138885498,0,0
/home/openssl-openssl-3.1.2/crypto/dso/dso_dlfcn.c,457,80,40,0.218613862991,0.0023181438446,0,0
/home/openssl-openssl-3.1.2/crypto/dso/dso_err.c,57,80,40,0.0495600700378,0.000621795654297,0,0
/home/openssl-openssl-3.1.2/crypto/dso/dso_lib.c,339,80,40,0.261332988739,0.00262427330017,0,0
/home/openssl-openssl-3.1.2/crypto/dso/dso_openssl.c,23,80,40,0.000771999359131,0.000785112380981,0,0
/home/openssl-openssl-3.1.2/crypto/dso/dso_vms.c,490,80,40,0.000866174697876,0.00143384933472,0,0
/home/openssl-openssl-3.1.2/crypto/dso/dso_win32.c,672,80,40,0.00070595741272,0.000876903533936,0,0
/home/openssl-openssl-3.1.2/crypto/ec/curve448/arch_32/f_impl32.c,106,80,40,0.00028395652771,0.000655174255371,0,0
/home/openssl-openssl-3.1.2/crypto/ec/curve448/arch_64/f_impl64.c,211,80,40,0.0290968418121,0.00130820274353,0,0
/home/openssl-openssl-3.1.2/crypto/ec/curve448/curve448.c,740,80,40,0.142441034317,0.00183892250061,0,0
/home/openssl-openssl-3.1.2/crypto/ec/curve448/curve448_tables.c,1484,80,40,8.70227813721e-05,0.000984191894531,0,0
/home/openssl-openssl-3.1.2/crypto/ec/curve448/eddsa.c,424,80,40,0.193250894547,0.00102400779724,0,0
/home/openssl-openssl-3.1.2/crypto/ec/curve448/f_generic.c,205,80,40,0.0758919715881,0.00120997428894,0,0
/home/openssl-openssl-3.1.2/crypto/ec/curve448/scalar.c,241,80,40,0.0419461727142,0.000692844390869,0,0
/home/openssl-openssl-3.1.2/crypto/ec/curve25519.c,5648,80,40,0.224210977554,0.0025200843811,0,0
/home/openssl-openssl-3.1.2/crypto/ec/ec2_oct.c,391,80,40,0.122354984283,0.000767230987549,0,0
/home/openssl-openssl-3.1.2/crypto/ec/ec2_smpl.c,1004,80,40,0.391493082047,0.0105359554291,0,0
/home/openssl-openssl-3.1.2/crypto/ec/ec_ameth.c,722,80,40,0.572047948837,0.000823020935059,0,0
/home/openssl-openssl-3.1.2/crypto/ec/ec_asn1.c,1341,80,40,0.608716011047,0.00142312049866,0,0
/home/openssl-openssl-3.1.2/crypto/ec/ec_backend.c,844,80,40,0.25127196312,0.00235795974731,0,0
/home/openssl-openssl-3.1.2/crypto/ec/ec_check.c,119,80,40,0.125907897949,0.000665903091431,0,0
/home/openssl-openssl-3.1.2/crypto/ec/ec_curve.c,3441,80,40,0.222705125809,0.00117969512939,0,0
/home/openssl-openssl-3.1.2/crypto/ec/ec_cvt.c,90,80,40,0.0802760124207,0.0014488697052,0,0
/home/openssl-openssl-3.1.2/crypto/ec/ec_deprecated.c,79,80,40,0.0617949962616,0.00144982337952,0,0
/home/openssl-openssl-3.1.2/crypto/ec/ec_err.c,137,80,40,0.0456199645996,0.00157380104065,0,0
/home/openssl-openssl-3.1.2/crypto/ec/ec_key.c,1094,80,40,0.428011894226,0.0037739276886,0,0
/home/openssl-openssl-3.1.2/crypto/ec/ec_kmeth.c,345,80,40,0.25553894043,0.000946283340454,0,0
/home/openssl-openssl-3.1.2/crypto/ec/ec_lib.c,1761,80,40,0.747668027878,0.00095796585083,0,0
/home/openssl-openssl-3.1.2/crypto/ec/ec_mult.c,995,80,40,0.32147693634,0.00962471961975,0,0
/home/openssl-openssl-3.1.2/crypto/ec/ec_oct.c,155,80,40,0.332482814789,0.00117588043213,0,0
/home/openssl-openssl-3.1.2/crypto/ec/ec_pmeth.c,520,80,40,0.262193918228,0.000837802886963,0,0
/home/openssl-openssl-3.1.2/crypto/ec/ec_print.c,86,80,40,0.104326963425,0.00104594230652,0,0
/home/openssl-openssl-3.1.2/crypto/ec/ecdh_kdf.c,66,80,40,0.0606739521027,0.00078296661377,0,0
/home/openssl-openssl-3.1.2/crypto/ec/ecdh_ossl.c,147,80,40,0.121168851852,0.000933885574341,0,0
/home/openssl-openssl-3.1.2/crypto/ec/ecdsa_ossl.c,482,80,40,0.244308948517,0.00110602378845,0,0
/home/openssl-openssl-3.1.2/crypto/ec/ecdsa_sign.c,59,80,40,0.197643995285,0.000978946685791,0,0
/home/openssl-openssl-3.1.2/crypto/ec/ecdsa_vrf.c,50,80,40,0.0883929729462,0.00100207328796,0,0
/home/openssl-openssl-3.1.2/crypto/ec/eck_prn.c,263,80,40,0.109802961349,0.00204825401306,0,0
/home/openssl-openssl-3.1.2/crypto/ec/ecp_mont.c,301,80,40,0.208654880524,0.000717163085938,0,0
/home/openssl-openssl-3.1.2/crypto/ec/ecp_nist.c,177,80,40,0.110301971436,0.000928163528442,0,0
/home/openssl-openssl-3.1.2/crypto/ec/ecp_nistz256.c,1531,80,40,0.252967119217,0.00185298919678,0,0
/home/openssl-openssl-3.1.2/crypto/ec/ecp_oct.c,373,80,40,0.150362968445,0.000851154327393,0,0
/home/openssl-openssl-3.1.2/crypto/ec/ecp_smpl.c,1724,80,40,0.455565929413,0.00098991394043,0,0
/home/openssl-openssl-3.1.2/crypto/ec/ecx_backend.c,261,80,40,0.161098003387,0.000667810440063,0,0
/home/openssl-openssl-3.1.2/crypto/ec/ecx_key.c,99,80,40,0.0973770618439,0.00110507011414,0,0
/home/openssl-openssl-3.1.2/crypto/ec/ecx_meth.c,1425,80,40,0.654851198196,0.00566291809082,0,0
/home/openssl-openssl-3.1.2/crypto/encode_decode/decoder_err.c,37,80,40,0.0547389984131,0.000767230987549,0,0
/home/openssl-openssl-3.1.2/crypto/encode_decode/decoder_lib.c,1008,80,40,0.733020067215,0.000898122787476,0,0
/home/openssl-openssl-3.1.2/crypto/encode_decode/decoder_meth.c,677,80,40,0.443862915039,0.000751256942749,0,0
/home/openssl-openssl-3.1.2/crypto/encode_decode/decoder_pkey.c,512,80,40,0.724555969238,0.00260210037231,0,0
/home/openssl-openssl-3.1.2/crypto/encode_decode/encoder_err.c,37,80,40,0.0558159351349,0.00142002105713,0,0
/home/openssl-openssl-3.1.2/crypto/encode_decode/encoder_lib.c,675,80,40,0.252022981644,0.00115704536438,0,0
/home/openssl-openssl-3.1.2/crypto/encode_decode/encoder_meth.c,658,80,40,0.435832023621,0.00134110450745,0,0
/home/openssl-openssl-3.1.2/crypto/encode_decode/encoder_pkey.c,403,80,40,0.715354919434,0.00257301330566,0,0
/home/openssl-openssl-3.1.2/crypto/engine/eng_all.c,25,80,40,0.0165319442749,0.000896215438843,0,0
/home/openssl-openssl-3.1.2/crypto/engine/eng_cnf.c,186,80,40,0.139584779739,0.00239300727844,0,0
/home/openssl-openssl-3.1.2/crypto/engine/eng_ctrl.c,328,80,40,0.16483092308,0.00117015838623,0,0
/home/openssl-openssl-3.1.2/crypto/engine/eng_dyn.c,539,80,40,0.145245075226,0.0020158290863,0,0
/home/openssl-openssl-3.1.2/crypto/engine/eng_err.c,95,80,40,0.0601398944855,0.000946044921875,0,0
/home/openssl-openssl-3.1.2/crypto/engine/eng_fat.c,122,80,40,0.0767171382904,0.00076699256897,0,0
/home/openssl-openssl-3.1.2/crypto/engine/eng_init.c,116,80,40,0.127388954163,0.000834226608276,0,0
/home/openssl-openssl-3.1.2/crypto/engine/eng_lib.c,302,80,40,0.173069000244,0.0010678768158,0,0
/home/openssl-openssl-3.1.2/crypto/engine/eng_list.c,445,80,40,0.2027759552,0.000746965408325,0,0
/home/openssl-openssl-3.1.2/crypto/engine/eng_openssl.c,669,80,40,0.365615844727,0.00455904006958,0,0
/home/openssl-openssl-3.1.2/crypto/engine/eng_pkey.c,139,80,40,0.137501001358,0.000682830810547,0,0
/home/openssl-openssl-3.1.2/crypto/engine/eng_rdrand.c,110,80,40,0.108844041824,0.00136828422546,0,0
/home/openssl-openssl-3.1.2/crypto/engine/eng_table.c,310,80,40,0.141412973404,0.000705003738403,0,0
/home/openssl-openssl-3.1.2/crypto/engine/tb_asnmth.c,215,80,40,0.1844830513,0.000829219818115,0,0
/home/openssl-openssl-3.1.2/crypto/engine/tb_cipher.c,96,80,40,0.159113883972,0.000730037689209,0,0
/home/openssl-openssl-3.1.2/crypto/engine/tb_dh.c,77,80,40,0.131012201309,0.00125885009766,0,0
/home/openssl-openssl-3.1.2/crypto/engine/tb_digest.c,96,80,40,0.149458169937,0.00215196609497,0,0
/home/openssl-openssl-3.1.2/crypto/engine/tb_dsa.c,77,80,40,0.126107931137,0.00167202949524,0,0
/home/openssl-openssl-3.1.2/crypto/engine/tb_eckey.c,77,80,40,0.13173699379,0.00118708610535,0,0
/home/openssl-openssl-3.1.2/crypto/engine/tb_pkmeth.c,118,80,40,0.122899770737,0.000870943069458,0,0
/home/openssl-openssl-3.1.2/crypto/engine/tb_rand.c,77,80,40,0.134304046631,0.00179600715637,0,0
/home/openssl-openssl-3.1.2/crypto/engine/tb_rsa.c,77,80,40,0.114470005035,0.000801086425781,0,0
/home/openssl-openssl-3.1.2/crypto/err/err.c,952,80,40,0.637403011322,0.000884771347046,0,0
/home/openssl-openssl-3.1.2/crypto/err/err_all.c,114,80,40,0.072988986969,0.00217819213867,0,0
/home/openssl-openssl-3.1.2/crypto/err/err_all_legacy.c,107,80,40,0.44641494751,0.000807762145996,0,0
/home/openssl-openssl-3.1.2/crypto/err/err_blocks.c,118,80,40,0.0236718654633,0.00125885009766,0,0
/home/openssl-openssl-3.1.2/crypto/err/err_prn.c,187,80,40,0.0482931137085,0.00179576873779,0,0
/home/openssl-openssl-3.1.2/crypto/ess/ess_asn1.c,59,80,40,0.504037857056,0.00073504447937,0,0
/home/openssl-openssl-3.1.2/crypto/ess/ess_err.c,49,80,40,0.0536060333252,0.00145411491394,0,0
/home/openssl-openssl-3.1.2/crypto/ess/ess_lib.c,316,80,40,0.171360015869,0.00110006332397,0,0
/home/openssl-openssl-3.1.2/crypto/evp/asymcipher.c,553,80,40,0.517558813095,0.0111739635468,0,0
/home/openssl-openssl-3.1.2/crypto/evp/bio_b64.c,547,80,40,0.303387880325,0.000710964202881,0,0
/home/openssl-openssl-3.1.2/crypto/evp/bio_enc.c,449,80,40,0.25227689743,0.000946998596191,0,0
/home/openssl-openssl-3.1.2/crypto/evp/bio_md.c,223,80,40,0.193339824677,0.000849008560181,0,0
/home/openssl-openssl-3.1.2/crypto/evp/bio_ok.c,602,80,40,0.235769987106,0.00103282928467,0,0
/home/openssl-openssl-3.1.2/crypto/evp/c_allc.c,266,80,40,0.0219931602478,0.00086784362793,0,0
/home/openssl-openssl-3.1.2/crypto/evp/c_alld.c,61,80,40,0.0183529853821,0.000931262969971,0,0
/home/openssl-openssl-3.1.2/crypto/evp/cmeth_lib.c,202,80,40,0.115447044373,0.00088095664978,0,0
/home/openssl-openssl-3.1.2/crypto/evp/ctrl_params_translate.c,2870,80,40,0.917121171951,0.00256109237671,0,0
/home/openssl-openssl-3.1.2/crypto/evp/dh_ctrl.c,347,80,40,0.465172052383,0.00162410736084,0,0
/home/openssl-openssl-3.1.2/crypto/evp/dh_support.c,64,80,40,0.0584199428558,0.00105690956116,0,0
/home/openssl-openssl-3.1.2/crypto/evp/digest.c,1133,80,40,0.70494890213,0.00135016441345,0,0
/home/openssl-openssl-3.1.2/crypto/evp/dsa_ctrl.c,133,80,40,0.280587911606,0.000658988952637,0,0
/home/openssl-openssl-3.1.2/crypto/evp/e_aes.c,4163,80,40,0.787041187286,0.00128769874573,0,0
/home/openssl-openssl-3.1.2/crypto/evp/e_aes_cbc_hmac_sha1.c,977,80,40,0.243243932724,0.00242900848389,0,0
/home/openssl-openssl-3.1.2/crypto/evp/e_aes_cbc_hmac_sha256.c,956,80,40,0.207643032074,0.000707149505615,0,0
/home/openssl-openssl-3.1.2/crypto/evp/e_aria.c,791,80,40,0.740661144257,0.00109004974365,0,0
/home/openssl-openssl-3.1.2/crypto/evp/e_bf.c,50,80,40,0.164099931717,0.00105690956116,0,0
/home/openssl-openssl-3.1.2/crypto/evp/e_camellia.c,350,80,40,0.536366939545,0.000702142715454,0,0
/home/openssl-openssl-3.1.2/crypto/evp/e_cast.c,52,80,40,0.22203207016,0.000825881958008,0,0
/home/openssl-openssl-3.1.2/crypto/evp/e_chacha20_poly1305.c,635,80,40,0.237987995148,0.00752425193787,0,0
/home/openssl-openssl-3.1.2/crypto/evp/e_des.c,247,80,40,0.189842939377,0.00107383728027,0,0
/home/openssl-openssl-3.1.2/crypto/evp/e_des3.c,426,80,40,0.415088891983,0.0060977935791,0,0
/home/openssl-openssl-3.1.2/crypto/evp/e_idea.c,79,80,40,0.146023035049,0.000640153884888,0,0
/home/openssl-openssl-3.1.2/crypto/evp/e_null.c,52,80,40,0.0932328701019,0.00099778175354,0,0
/home/openssl-openssl-3.1.2/crypto/evp/e_old.c,109,80,40,0.259492874146,0.00112628936768,0,0
/home/openssl-openssl-3.1.2/crypto/evp/e_rc2.c,199,80,40,0.383699893951,0.000827074050903,0,0
/home/openssl-openssl-3.1.2/crypto/evp/e_rc4.c,95,80,40,0.153781890869,0.0191400051117,0,0
/home/openssl-openssl-3.1.2/crypto/evp/e_rc4_hmac_md5.c,274,80,40,0.164798974991,0.000771999359131,0,0
/home/openssl-openssl-3.1.2/crypto/evp/e_rc5.c,85,80,40,0.000620126724243,0.000895023345947,0,0
/home/openssl-openssl-3.1.2/crypto/evp/e_seed.c,42,80,40,0.164464950562,0.000723838806152,0,0
/home/openssl-openssl-3.1.2/crypto/evp/e_sm4.c,228,80,40,0.188717126846,0.000673770904541,0,0
/home/openssl-openssl-3.1.2/crypto/evp/e_xcbc_d.c,92,80,40,0.0717949867249,0.000582933425903,0,0
/home/openssl-openssl-3.1.2/crypto/evp/ec_ctrl.c,303,80,40,0.243112802505,0.000911951065063,0,0
/home/openssl-openssl-3.1.2/crypto/evp/ec_support.c,189,80,40,0.0819978713989,0.000751972198486,0,0
/home/openssl-openssl-3.1.2/crypto/evp/encode.c,479,80,40,0.252008914948,0.00106716156006,0,0
/home/openssl-openssl-3.1.2/crypto/evp/evp_cnf.c,75,80,40,0.0939950942993,0.00160694122314,0,0
/home/openssl-openssl-3.1.2/crypto/evp/evp_enc.c,1723,80,40,0.720069885254,0.00110101699829,0,0
/home/openssl-openssl-3.1.2/crypto/evp/evp_err.c,209,80,40,0.0702450275421,0.00133013725281,0,0
/home/openssl-openssl-3.1.2/crypto/evp/evp_fetch.c,632,80,40,0.443124055862,0.00805997848511,0,0
/home/openssl-openssl-3.1.2/crypto/evp/evp_key.c,155,80,40,0.135021209717,0.000960826873779,0,0
/home/openssl-openssl-3.1.2/crypto/evp/evp_lib.c,1231,80,40,0.717228889465,0.000707864761353,0,0
/home/openssl-openssl-3.1.2/crypto/evp/evp_pbe.c,307,80,40,0.211440086365,0.00167798995972,0,0
/home/openssl-openssl-3.1.2/crypto/evp/evp_pkey.c,268,80,40,0.309090852737,0.000818014144897,0,0
/home/openssl-openssl-3.1.2/crypto/evp/evp_rand.c,683,80,40,0.559763908386,0.00893306732178,0,0
/home/openssl-openssl-3.1.2/crypto/evp/evp_utils.c,82,80,40,0.2267370224,0.00101399421692,0,0
/home/openssl-openssl-3.1.2/crypto/evp/exchange.c,598,80,40,0.441091060638,0.00619506835938,0,0
/home/openssl-openssl-3.1.2/crypto/evp/kdf_lib.c,185,80,40,0.260445833206,0.00181221961975,0,0
/home/openssl-openssl-3.1.2/crypto/evp/kdf_meth.c,233,80,40,0.257667779922,0.000588893890381,0,0
/home/openssl-openssl-3.1.2/crypto/evp/kem.c,483,80,40,0.402485847473,0.000669002532959,0,0
/home/openssl-openssl-3.1.2/crypto/evp/keymgmt_lib.c,590,80,40,0.360790014267,0.00112509727478,0,0
/home/openssl-openssl-3.1.2/crypto/evp/keymgmt_meth.c,487,80,40,0.563670873642,0.00089693069458,0,0
/home/openssl-openssl-3.1.2/crypto/evp/legacy_blake2.c,49,80,40,0.20706486702,0.000906944274902,0,0
/home/openssl-openssl-3.1.2/crypto/evp/legacy_md4.c,35,80,40,0.113540887833,0.00163412094116,0,0
/home/openssl-openssl-3.1.2/crypto/evp/legacy_md5.c,35,80,40,0.113500118256,0.00220394134521,0,0
/home/openssl-openssl-3.1.2/crypto/evp/legacy_md5_sha1.c,42,80,40,0.113716125488,0.00254988670349,0,0
/home/openssl-openssl-3.1.2/crypto/evp/legacy_mdc2.c,36,80,40,0.0951850414276,0.00261306762695,0,0
/home/openssl-openssl-3.1.2/crypto/evp/legacy_ripemd.c,36,80,40,0.107831001282,0.000818729400635,0,0
/home/openssl-openssl-3.1.2/crypto/evp/legacy_sha.c,229,80,40,0.895431995392,0.000981092453003,0,0
/home/openssl-openssl-3.1.2/crypto/evp/legacy_wp.c,36,80,40,0.118104934692,0.00083589553833,0,0
/home/openssl-openssl-3.1.2/crypto/evp/m_null.c,51,80,40,0.0706260204315,0.000665903091431,0,0
/home/openssl-openssl-3.1.2/crypto/evp/m_sigver.c,677,80,40,0.43363404274,0.0060441493988,0,0
/home/openssl-openssl-3.1.2/crypto/evp/mac_lib.c,304,80,40,0.423979043961,0.000708103179932,0,0
/home/openssl-openssl-3.1.2/crypto/evp/mac_meth.c,247,80,40,0.207239866257,0.000861883163452,0,0
/home/openssl-openssl-3.1.2/crypto/evp/names.c,255,80,40,0.203768014908,0.00098705291748,0,0
/home/openssl-openssl-3.1.2/crypto/evp/p5_crpt.c,121,80,40,0.0973811149597,0.000581979751587,0,0
/home/openssl-openssl-3.1.2/crypto/evp/p5_crpt2.c,272,80,40,0.169983863831,0.000758171081543,0,0
/home/openssl-openssl-3.1.2/crypto/evp/p_dec.c,41,80,40,0.0498659610748,0.000984191894531,0,0
/home/openssl-openssl-3.1.2/crypto/evp/p_enc.c,41,80,40,0.0550129413605,0.000689029693604,0,0
/home/openssl-openssl-3.1.2/crypto/evp/p_legacy.c,92,80,40,0.184659004211,0.00062894821167,0,0
/home/openssl-openssl-3.1.2/crypto/evp/p_lib.c,2475,80,40,0.909758806229,0.00163292884827,0,0
/home/openssl-openssl-3.1.2/crypto/evp/p_open.c,73,80,40,0.101289987564,0.000733137130737,0,0
/home/openssl-openssl-3.1.2/crypto/evp/p_seal.c,87,80,40,0.124691963196,0.000850915908813,0,0
/home/openssl-openssl-3.1.2/crypto/evp/p_sign.c,70,80,40,0.0982239246368,0.00109219551086,0,0
/home/openssl-openssl-3.1.2/crypto/evp/p_verify.c,64,80,40,0.0967071056366,0.000809907913208,0,0
/home/openssl-openssl-3.1.2/crypto/evp/pbe_scrypt.c,100,80,40,0.100344181061,0.00204181671143,0,0
/home/openssl-openssl-3.1.2/crypto/evp/pmeth_check.c,194,80,40,0.370964050293,0.0025908946991,0,0
/home/openssl-openssl-3.1.2/crypto/evp/pmeth_gn.c,462,80,40,0.444041013718,0.00102496147156,0,0
/home/openssl-openssl-3.1.2/crypto/evp/pmeth_lib.c,2069,80,40,1.1658411026,0.0011088848114,0,0
/home/openssl-openssl-3.1.2/crypto/evp/signature.c,749,80,40,0.409690856934,0.0075409412384,0,0
/home/openssl-openssl-3.1.2/crypto/ffc/ffc_backend.c,131,80,40,0.0883009433746,0.000754117965698,0,0
/home/openssl-openssl-3.1.2/crypto/ffc/ffc_dh.c,174,80,40,0.11091709137,0.00141596794128,0,0
/home/openssl-openssl-3.1.2/crypto/ffc/ffc_key_generate.c,61,80,40,0.0705919265747,0.00110697746277,0,0
/home/openssl-openssl-3.1.2/crypto/ffc/ffc_key_validate.c,131,80,40,0.0862581729889,0.000870704650879,0,0
/home/openssl-openssl-3.1.2/crypto/ffc/ffc_params.c,325,80,40,0.106244802475,0.00124311447144,0,0
/home/openssl-openssl-3.1.2/crypto/ffc/ffc_params_generate.c,1058,80,40,0.311972856522,0.000874996185303,0,0
/home/openssl-openssl-3.1.2/crypto/ffc/ffc_params_validate.c,188,80,40,0.171922922134,0.000659227371216,0,0
/home/openssl-openssl-3.1.2/crypto/hmac/hmac.c,251,80,40,0.212063074112,0.000638008117676,0,0
/home/openssl-openssl-3.1.2/crypto/http/http_client.c,1452,80,40,0.607135057449,0.0661451816559,2,2
/home/openssl-openssl-3.1.2/crypto/http/http_err.c,83,80,40,0.05522108078,0.000960826873779,0,0
/home/openssl-openssl-3.1.2/crypto/http/http_lib.c,294,80,40,0.122262001038,0.00342202186584,0,0
/home/openssl-openssl-3.1.2/crypto/idea/i_cbc.c,130,80,40,0.0490820407867,0.000736951828003,0,0
/home/openssl-openssl-3.1.2/crypto/idea/i_cfb64.c,87,80,40,0.0315680503845,0.00270795822144,0,0
/home/openssl-openssl-3.1.2/crypto/idea/i_ecb.c,42,80,40,0.0516250133514,0.000763893127441,0,0
/home/openssl-openssl-3.1.2/crypto/idea/i_ofb64.c,74,80,40,0.0310549736023,0.000742197036743,0,0
/home/openssl-openssl-3.1.2/crypto/idea/i_skey.c,120,80,40,0.0459640026093,0.00138187408447,0,0
/home/openssl-openssl-3.1.2/crypto/kdf/kdf_err.c,20,80,40,0.0294280052185,0.000618696212769,0,0
/home/openssl-openssl-3.1.2/crypto/lhash/lh_stats.c,128,80,40,0.0284538269043,0.00207877159119,0,0
/home/openssl-openssl-3.1.2/crypto/lhash/lhash.c,407,80,40,0.1450111866,0.000553846359253,0,0
/home/openssl-openssl-3.1.2/crypto/asn1_dsa.c,253,80,40,0.132910966873,0.000838041305542,0,0
/home/openssl-openssl-3.1.2/crypto/bsearch.c,45,80,40,0.044881105423,0.0013279914856,0,0
/home/openssl-openssl-3.1.2/crypto/context.c,617,80,40,0.369496107101,0.000772953033447,0,0
/home/openssl-openssl-3.1.2/crypto/core_algorithm.c,200,80,40,0.136702060699,0.000844240188599,0,0
/home/openssl-openssl-3.1.2/crypto/core_fetch.c,172,80,40,0.143839120865,0.00096607208252,0,0
/home/openssl-openssl-3.1.2/crypto/core_namemap.c,536,80,40,0.422589063644,0.000824928283691,0,0
/home/openssl-openssl-3.1.2/crypto/cpt_err.c,89,80,40,0.0406470298767,0.000677108764648,0,0
/home/openssl-openssl-3.1.2/crypto/cpuid.c,215,80,40,0.0909738540649,0.00169491767883,0,0
/home/openssl-openssl-3.1.2/crypto/cryptlib.c,283,80,40,0.0417671203613,0.000924825668335,0,0
/home/openssl-openssl-3.1.2/crypto/ctype.c,314,80,40,0.0281369686127,0.00208306312561,0,0
/home/openssl-openssl-3.1.2/crypto/cversion.c,87,80,40,0.128107070923,0.00216102600098,0,0
/home/openssl-openssl-3.1.2/crypto/der_writer.c,200,80,40,0.215003013611,0.00117707252502,0,0
/home/openssl-openssl-3.1.2/crypto/ebcdic.c,362,80,40,9.53674316406e-07,0.000540256500244,0,0
/home/openssl-openssl-3.1.2/crypto/ex_data.c,513,80,40,0.287930011749,0.002521276474,0,0
/home/openssl-openssl-3.1.2/crypto/getenv.c,104,80,40,0.0327219963074,0.00105810165405,0,0
/home/openssl-openssl-3.1.2/crypto/info.c,212,80,40,0.0558650493622,0.00123119354248,0,0
/home/openssl-openssl-3.1.2/crypto/init.c,721,80,40,0.122097969055,0.00252914428711,0,0
/home/openssl-openssl-3.1.2/crypto/initthread.c,461,80,40,0.66978597641,0.00145792961121,0,0
/home/openssl-openssl-3.1.2/crypto/mem.c,338,80,40,0.324786186218,0.00137591362,0,0
/home/openssl-openssl-3.1.2/crypto/mem_sec.c,724,80,40,0.35222196579,0.000789880752563,0,0
/home/openssl-openssl-3.1.2/crypto/o_dir.c,38,80,40,0.000181913375854,0.000571250915527,0,0
/home/openssl-openssl-3.1.2/crypto/o_fopen.c,127,80,40,0.105113983154,0.00180387496948,0,0
/home/openssl-openssl-3.1.2/crypto/o_init.c,22,80,40,0.0245141983032,0.00155091285706,0,0
/home/openssl-openssl-3.1.2/crypto/o_str.c,367,80,40,0.348963975906,0.00124406814575,0,0
/home/openssl-openssl-3.1.2/crypto/o_time.c,201,80,40,0.103937864304,0.00106501579285,0,0
/home/openssl-openssl-3.1.2/crypto/packet.c,513,80,40,0.314697027206,0.00180697441101,0,0
/home/openssl-openssl-3.1.2/crypto/param_build.c,392,80,40,0.908769130707,0.00120902061462,0,0
/home/openssl-openssl-3.1.2/crypto/param_build_set.c,124,80,40,0.850874900818,0.000937223434448,0,0
/home/openssl-openssl-3.1.2/crypto/params.c,1536,80,40,0.849442005157,0.00148391723633,0,0
/home/openssl-openssl-3.1.2/crypto/params_dup.c,242,80,40,0.163826942444,0.00139117240906,0,0
/home/openssl-openssl-3.1.2/crypto/params_from_text.c,231,80,40,0.0849010944366,0.000802040100098,0,0
/home/openssl-openssl-3.1.2/crypto/passphrase.c,354,80,40,0.245321035385,0.000736951828003,0,0
/home/openssl-openssl-3.1.2/crypto/provider.c,150,80,40,0.322580814362,0.000718355178833,0,0
/home/openssl-openssl-3.1.2/crypto/provider_child.c,317,80,40,0.680319070816,0.000823974609375,0,0
/home/openssl-openssl-3.1.2/crypto/provider_conf.c,320,80,40,0.622349977493,0.000696182250977,0,0
/home/openssl-openssl-3.1.2/crypto/provider_core.c,2154,80,40,1.002835989,0.001060962677,0,0
/home/openssl-openssl-3.1.2/crypto/provider_predefined.c,33,80,40,1.59740447998e-05,0.000514984130859,0,0
/home/openssl-openssl-3.1.2/crypto/punycode.c,333,80,40,0.215358972549,0.00356483459473,0,0
/home/openssl-openssl-3.1.2/crypto/self_test_core.c,167,80,40,0.157543897629,0.00178027153015,0,0
/home/openssl-openssl-3.1.2/crypto/sparse_array.c,217,80,40,0.133608102798,0.000685930252075,0,0
/home/openssl-openssl-3.1.2/crypto/threads_lib.c,28,80,40,0.0128350257874,0.00186896324158,0,0
/home/openssl-openssl-3.1.2/crypto/threads_none.c,166,80,40,0.00263500213623,0.00100898742676,0,0
/home/openssl-openssl-3.1.2/crypto/threads_pthread.c,287,80,40,0.185683965683,0.00212907791138,0,0
/home/openssl-openssl-3.1.2/crypto/threads_win.c,264,80,40,0.00110507011414,0.00167202949524,0,0
/home/openssl-openssl-3.1.2/crypto/trace.c,533,80,40,0.107845067978,0.00215697288513,0,0
/home/openssl-openssl-3.1.2/crypto/uid.c,56,80,40,0.0290930271149,0.000926733016968,0,0
/home/openssl-openssl-3.1.2/crypto/md4/md4_dgst.c,154,80,40,0.0603108406067,0.000698804855347,0,0
/home/openssl-openssl-3.1.2/crypto/md4/md4_one.c,54,80,40,0.0542640686035,0.000755786895752,0,0
/home/openssl-openssl-3.1.2/crypto/md5/md5_dgst.c,171,80,40,0.0431189537048,0.00248503684998,0,0
/home/openssl-openssl-3.1.2/crypto/md5/md5_one.c,54,80,40,0.0453810691833,0.00198817253113,0,0
/home/openssl-openssl-3.1.2/crypto/md5/md5_sha1.c,109,80,40,0.205500841141,0.00122928619385,0,0
/home/openssl-openssl-3.1.2/crypto/mdc2/mdc2_one.c,34,80,40,0.0639758110046,0.000648736953735,0,0
/home/openssl-openssl-3.1.2/crypto/mdc2/mdc2dgst.c,133,80,40,0.0524749755859,0.000697135925293,0,0
/home/openssl-openssl-3.1.2/crypto/modes/cbc128.c,173,80,40,0.0251290798187,0.000639915466309,0,0
/home/openssl-openssl-3.1.2/crypto/modes/ccm128.c,443,80,40,0.115343809128,0.000792741775513,0,0
/home/openssl-openssl-3.1.2/crypto/modes/cfb128.c,212,80,40,0.0218729972839,0.000916004180908,0,0
/home/openssl-openssl-3.1.2/crypto/modes/ctr128.c,213,80,40,0.0254120826721,0.00124502182007,0,0
/home/openssl-openssl-3.1.2/crypto/modes/cts128.c,331,80,40,0.0822639465332,0.000672101974487,0,0
/home/openssl-openssl-3.1.2/crypto/modes/gcm128.c,1542,80,40,0.157402992249,0.00250887870789,0,0
/home/openssl-openssl-3.1.2/crypto/modes/ocb128.c,563,80,40,0.255619049072,0.000734090805054,0,0
/home/openssl-openssl-3.1.2/crypto/modes/ofb128.c,87,80,40,0.0347058773041,0.000779151916504,0,0
/home/openssl-openssl-3.1.2/crypto/modes/siv128.c,394,80,40,0.221747875214,0.00104904174805,0,0
/home/openssl-openssl-3.1.2/crypto/modes/wrap128.c,332,80,40,0.144268035889,0.000977039337158,0,0
/home/openssl-openssl-3.1.2/crypto/modes/xts128.c,162,80,40,0.0709929466248,0.0011739730835,0,0
/home/openssl-openssl-3.1.2/crypto/objects/o_names.c,390,80,40,0.198426961899,0.00112724304199,0,0
/home/openssl-openssl-3.1.2/crypto/objects/obj_dat.c,824,80,40,0.829824924469,0.000742197036743,0,0
/home/openssl-openssl-3.1.2/crypto/objects/obj_err.c,35,80,40,0.0446197986603,0.000654220581055,0,0
/home/openssl-openssl-3.1.2/crypto/objects/obj_lib.c,66,80,40,0.123246192932,0.000711679458618,0,0
/home/openssl-openssl-3.1.2/crypto/objects/obj_xref.c,225,80,40,0.252359867096,0.00148391723633,0,0
/home/openssl-openssl-3.1.2/crypto/ocsp/ocsp_asn.c,136,80,40,1.07244801521,0.000592231750488,0,0
/home/openssl-openssl-3.1.2/crypto/ocsp/ocsp_cl.c,369,80,40,0.381644010544,0.000979900360107,0,0
/home/openssl-openssl-3.1.2/crypto/ocsp/ocsp_err.c,76,80,40,0.0434241294861,0.000797033309937,0,0
/home/openssl-openssl-3.1.2/crypto/ocsp/ocsp_ext.c,473,80,40,1.23431611061,0.00265502929688,0,0
/home/openssl-openssl-3.1.2/crypto/ocsp/ocsp_http.c,69,80,40,0.0691230297089,0.000792026519775,0,0
/home/openssl-openssl-3.1.2/crypto/ocsp/ocsp_lib.c,114,80,40,0.181402206421,0.000999689102173,0,0
/home/openssl-openssl-3.1.2/crypto/ocsp/ocsp_prn.c,247,80,40,0.228635072708,0.000747919082642,0,0
/home/openssl-openssl-3.1.2/crypto/ocsp/ocsp_srv.c,328,80,40,0.274480819702,0.000753164291382,0,0
/home/openssl-openssl-3.1.2/crypto/ocsp/ocsp_vfy.c,441,80,40,0.245263814926,0.00122499465942,0,0
/home/openssl-openssl-3.1.2/crypto/ocsp/v3_ocsp.c,265,80,40,0.163785219193,0.00353288650513,0,0
/home/openssl-openssl-3.1.2/crypto/pem/pem_all.c,227,80,40,1.70836091042,0.000869274139404,0,0
/home/openssl-openssl-3.1.2/crypto/pem/pem_err.c,75,80,40,0.0589001178741,0.000787973403931,0,0
/home/openssl-openssl-3.1.2/crypto/pem/pem_info.c,312,80,40,0.137022018433,0.000630855560303,0,0
/home/openssl-openssl-3.1.2/crypto/pem/pem_lib.c,1030,80,40,0.417191982269,0.00225210189819,0,0
/home/openssl-openssl-3.1.2/crypto/pem/pem_oth.c,37,80,40,0.063462972641,0.00144910812378,0,0
/home/openssl-openssl-3.1.2/crypto/pem/pem_pk8.c,274,80,40,0.415909051895,0.000756740570068,0,0
/home/openssl-openssl-3.1.2/crypto/pem/pem_pkey.c,441,80,40,0.437319993973,0.00138711929321,0,0
/home/openssl-openssl-3.1.2/crypto/pem/pem_sign.c,52,80,40,0.0891928672791,0.00233626365662,0,0
/home/openssl-openssl-3.1.2/crypto/pem/pem_x509.c,19,80,40,0.102775812149,0.00131607055664,0,0
/home/openssl-openssl-3.1.2/crypto/pem/pem_xaux.c,19,80,40,0.10390496254,0.00090503692627,0,0
/home/openssl-openssl-3.1.2/crypto/pem/pvkfmt.c,1126,80,40,0.410495042801,0.00271511077881,0,0
/home/openssl-openssl-3.1.2/crypto/pkcs12/p12_add.c,205,80,40,0.254544019699,0.000634908676147,0,0
/home/openssl-openssl-3.1.2/crypto/pkcs12/p12_asn.c,77,80,40,0.360558986664,0.00271081924438,0,0
/home/openssl-openssl-3.1.2/crypto/pkcs12/p12_attr.c,122,80,40,0.146713972092,0.000592947006226,0,0
/home/openssl-openssl-3.1.2/crypto/pkcs12/p12_crpt.c,86,80,40,0.103167057037,0.000646114349365,0,0
/home/openssl-openssl-3.1.2/crypto/pkcs12/p12_crt.c,338,80,40,0.225914001465,0.00162982940674,0,0
/home/openssl-openssl-3.1.2/crypto/pkcs12/p12_decr.c,213,80,40,0.145353794098,0.000733852386475,0,0
/home/openssl-openssl-3.1.2/crypto/pkcs12/p12_init.c,59,80,40,0.0639700889587,0.000997066497803,0,0
/home/openssl-openssl-3.1.2/crypto/pkcs12/p12_key.c,139,80,40,0.1519780159,0.00143122673035,0,0
/home/openssl-openssl-3.1.2/crypto/pkcs12/p12_kiss.c,260,80,40,0.101334810257,0.000609159469604,0,0
/home/openssl-openssl-3.1.2/crypto/pkcs12/p12_mutl.c,282,80,40,0.107266902924,0.00064492225647,0,0
/home/openssl-openssl-3.1.2/crypto/pkcs12/p12_npas.c,187,80,40,0.126549959183,0.00113105773926,0,0
/home/openssl-openssl-3.1.2/crypto/pkcs12/p12_p8d.c,33,80,40,0.0873630046844,0.000761747360229,0,0
/home/openssl-openssl-3.1.2/crypto/pkcs12/p12_p8e.c,102,80,40,0.113873958588,0.00110912322998,0,0
/home/openssl-openssl-3.1.2/crypto/pkcs12/p12_sbag.c,249,80,40,0.323003053665,0.000660181045532,0,0
/home/openssl-openssl-3.1.2/crypto/pkcs12/p12_utl.c,250,80,40,0.329890012741,0.000648736953735,0,0
/home/openssl-openssl-3.1.2/crypto/pkcs12/pk12err.c,62,80,40,0.0424509048462,0.00156497955322,0,0
/home/openssl-openssl-3.1.2/crypto/pkcs7/bio_pk7.c,20,80,40,0.0410091876984,0.00237989425659,0,0
/home/openssl-openssl-3.1.2/crypto/pkcs7/pk7_asn1.c,258,80,40,0.930881023407,0.000750780105591,0,0
/home/openssl-openssl-3.1.2/crypto/pkcs7/pk7_attr.c,121,80,40,0.185672044754,0.000710010528564,0,0
/home/openssl-openssl-3.1.2/crypto/pkcs7/pk7_doit.c,1275,80,40,0.387552976608,0.000861883163452,0,0
/home/openssl-openssl-3.1.2/crypto/pkcs7/pk7_lib.c,754,80,40,0.371119976044,0.000698089599609,0,0
/home/openssl-openssl-3.1.2/crypto/pkcs7/pk7_mime.c,71,80,40,0.148827075958,0.000595092773438,0,0
/home/openssl-openssl-3.1.2/crypto/pkcs7/pk7_smime.c,568,80,40,0.325659036636,0.000993013381958,0,0
/home/openssl-openssl-3.1.2/crypto/pkcs7/pkcs7err.c,99,80,40,0.0591847896576,0.00120210647583,0,0
/home/openssl-openssl-3.1.2/crypto/poly1305/poly1305.c,530,80,40,0.0464508533478,0.00130605697632,0,0
/home/openssl-openssl-3.1.2/crypto/property/defn_cache.c,137,80,40,0.301681041718,0.00199699401855,0,0
/home/openssl-openssl-3.1.2/crypto/property/property.c,763,80,40,1.19678211212,0.0010027885437,0,0
/home/openssl-openssl-3.1.2/crypto/property/property_err.c,47,80,40,0.0463991165161,0.00158309936523,0,0
/home/openssl-openssl-3.1.2/crypto/property/property_parse.c,707,80,40,0.856057882309,0.00082540512085,0,0
/home/openssl-openssl-3.1.2/crypto/property/property_query.c,83,80,40,0.121104001999,0.00104784965515,0,0
/home/openssl-openssl-3.1.2/crypto/property/property_string.c,272,80,40,0.485038995743,0.00135016441345,0,0
/home/openssl-openssl-3.1.2/crypto/rand/prov_seed.c,77,80,40,0.0725648403168,0.0150790214539,0,0
/home/openssl-openssl-3.1.2/crypto/rand/rand_deprecated.c,36,80,40,0.00118088722229,0.000838279724121,0,0
/home/openssl-openssl-3.1.2/crypto/rand/rand_err.c,108,80,40,0.0518939495087,0.000818252563477,0,0
/home/openssl-openssl-3.1.2/crypto/rand/rand_lib.c,873,80,40,0.500640869141,0.00290536880493,0,0
/home/openssl-openssl-3.1.2/crypto/rand/rand_meth.c,66,80,40,0.155072927475,0.000945329666138,0,0
/home/openssl-openssl-3.1.2/crypto/rand/rand_pool.c,413,80,40,0.162050008774,0.00132703781128,0,0
/home/openssl-openssl-3.1.2/crypto/rand/randfile.c,322,80,40,0.595913887024,0.101686954498,2,2
/home/openssl-openssl-3.1.2/crypto/rc2/rc2_cbc.c,186,80,40,0.0361471176147,0.000905990600586,0,0
/home/openssl-openssl-3.1.2/crypto/rc2/rc2_ecb.c,47,80,40,0.0256659984589,0.00114107131958,0,0
/home/openssl-openssl-3.1.2/crypto/rc2/rc2_skey.c,105,80,40,0.0290620326996,0.00158405303955,0,0
/home/openssl-openssl-3.1.2/crypto/rc2/rc2cfb64.c,81,80,40,0.0218100547791,0.0010199546814,0,0
/home/openssl-openssl-3.1.2/crypto/rc2/rc2ofb64.c,68,80,40,0.0291969776154,0.00623083114624,0,0
/home/openssl-openssl-3.1.2/crypto/ripemd/rmd_dgst.c,289,80,40,0.0758910179138,0.000989198684692,0,0
/home/openssl-openssl-3.1.2/crypto/ripemd/rmd_one.c,35,80,40,0.0392580032349,0.00104212760925,0,0
/home/openssl-openssl-3.1.2/crypto/rsa/rsa_ameth.c,1044,80,40,0.582188129425,0.00216484069824,0,0
/home/openssl-openssl-3.1.2/crypto/rsa/rsa_asn1.c,129,80,40,0.377501010895,0.00134897232056,0,0
/home/openssl-openssl-3.1.2/crypto/rsa/rsa_backend.c,596,80,40,0.9143679142,0.000802993774414,0,0
/home/openssl-openssl-3.1.2/crypto/rsa/rsa_chk.c,271,80,40,0.1774289608,0.00164222717285,0,0
/home/openssl-openssl-3.1.2/crypto/rsa/rsa_crpt.c,176,80,40,0.184577941895,0.00150012969971,0,0
/home/openssl-openssl-3.1.2/crypto/rsa/rsa_depr.c,63,80,40,0.0645229816437,0.00141477584839,0,0
/home/openssl-openssl-3.1.2/crypto/rsa/rsa_err.c,167,80,40,0.0562381744385,0.000876903533936,0,0
/home/openssl-openssl-3.1.2/crypto/rsa/rsa_gen.c,530,80,40,0.272776126862,0.00115299224854,0,0
/home/openssl-openssl-3.1.2/crypto/rsa/rsa_lib.c,1283,80,40,0.827342033386,0.000880002975464,0,0
/home/openssl-openssl-3.1.2/crypto/rsa/rsa_meth.c,294,80,40,0.126684904099,0.000943899154663,0,0
/home/openssl-openssl-3.1.2/crypto/rsa/rsa_mp.c,116,80,40,0.0955610275269,0.00132513046265,0,0
/home/openssl-openssl-3.1.2/crypto/rsa/rsa_mp_names.c,77,80,40,0.000826835632324,0.000818252563477,0,0
/home/openssl-openssl-3.1.2/crypto/rsa/rsa_none.c,50,80,40,0.116919994354,0.00135898590088,0,0
/home/openssl-openssl-3.1.2/crypto/rsa/rsa_oaep.c,376,80,40,0.352411985397,0.000898838043213,0,0
/home/openssl-openssl-3.1.2/crypto/rsa/rsa_ossl.c,1001,80,40,0.265424013138,0.0016610622406,0,0
/home/openssl-openssl-3.1.2/crypto/rsa/rsa_pk1.c,397,80,40,0.178920984268,0.000861167907715,0,0
/home/openssl-openssl-3.1.2/crypto/rsa/rsa_pmeth.c,901,80,40,0.409999847412,0.000710010528564,0,0
/home/openssl-openssl-3.1.2/crypto/rsa/rsa_prn.c,51,80,40,0.081563949585,0.000672101974487,0,0
/home/openssl-openssl-3.1.2/crypto/rsa/rsa_pss.c,415,80,40,0.167078971863,0.000661849975586,0,0
/home/openssl-openssl-3.1.2/crypto/rsa/rsa_saos.c,100,80,40,0.0831191539764,0.00163507461548,0,0
/home/openssl-openssl-3.1.2/crypto/rsa/rsa_schemes.c,87,80,40,0.160799980164,0.00162601470947,0,0
/home/openssl-openssl-3.1.2/crypto/rsa/rsa_sign.c,458,80,40,0.626209020615,0.000609874725342,0,0
/home/openssl-openssl-3.1.2/crypto/rsa/rsa_sp800_56b_check.c,438,80,40,0.140714168549,0.00268387794495,0,0
/home/openssl-openssl-3.1.2/crypto/rsa/rsa_sp800_56b_gen.c,450,80,40,0.149247169495,0.00126791000366,0,0
/home/openssl-openssl-3.1.2/crypto/rsa/rsa_x931.c,124,80,40,0.0940549373627,0.00228381156921,0,0
/home/openssl-openssl-3.1.2/crypto/rsa/rsa_x931g.c,207,80,40,0.140887022018,0.00105714797974,0,0
/home/openssl-openssl-3.1.2/crypto/seed/seed.c,597,80,40,0.033595085144,0.00121092796326,0,0
/home/openssl-openssl-3.1.2/crypto/seed/seed_cbc.c,30,80,40,0.0222477912903,0.000724792480469,0,0
/home/openssl-openssl-3.1.2/crypto/seed/seed_cfb.c,27,80,40,0.014445066452,0.000756978988647,0,0
/home/openssl-openssl-3.1.2/crypto/seed/seed_ecb.c,26,80,40,0.0210330486298,0.00100803375244,0,0
/home/openssl-openssl-3.1.2/crypto/seed/seed_ofb.c,26,80,40,0.0173099040985,0.00179600715637,0,0
/home/openssl-openssl-3.1.2/crypto/sha/sha1_one.c,82,80,40,0.0542001724243,0.00108480453491,0,0
/home/openssl-openssl-3.1.2/crypto/sha/sha1dgst.c,81,80,40,0.0882720947266,0.000741958618164,0,0
/home/openssl-openssl-3.1.2/crypto/sha/sha256.c,406,80,40,0.110099077225,0.000698089599609,0,0
/home/openssl-openssl-3.1.2/crypto/sha/sha3.c,110,80,40,0.119563102722,0.000976800918579,0,0
/home/openssl-openssl-3.1.2/crypto/sha/sha512.c,862,80,40,0.138337850571,0.0014750957489,0,0
/home/openssl-openssl-3.1.2/crypto/siphash/siphash.c,256,80,40,0.144322156906,0.000632047653198,0,0
/home/openssl-openssl-3.1.2/crypto/sm2/sm2_crypt.c,407,80,40,0.213506937027,0.000818014144897,0,0
/home/openssl-openssl-3.1.2/crypto/sm2/sm2_err.c,51,80,40,0.0528960227966,0.000710964202881,0,0
/home/openssl-openssl-3.1.2/crypto/sm2/sm2_key.c,52,80,40,0.0893709659576,0.00119209289551,0,0
/home/openssl-openssl-3.1.2/crypto/sm2/sm2_sign.c,512,80,40,0.152465105057,0.00177097320557,0,0
/home/openssl-openssl-3.1.2/crypto/sm3/legacy_sm3.c,32,80,40,0.107055187225,0.000885009765625,0,0
/home/openssl-openssl-3.1.2/crypto/sm3/sm3.c,196,80,40,0.1182949543,0.000771284103394,0,0
/home/openssl-openssl-3.1.2/crypto/sm4/sm4.c,380,80,40,0.0758271217346,0.00663709640503,0,0
/home/openssl-openssl-3.1.2/crypto/srp/srp_lib.c,335,80,40,0.388863801956,0.000863075256348,0,0
/home/openssl-openssl-3.1.2/crypto/srp/srp_vfy.c,774,80,40,0.42585515976,0.00523781776428,0,0
/home/openssl-openssl-3.1.2/crypto/stack/stack.c,479,80,40,0.509634017944,0.00112009048462,0,0
/home/openssl-openssl-3.1.2/crypto/store/store_err.c,76,80,40,0.0489327907562,0.000623941421509,0,0
/home/openssl-openssl-3.1.2/crypto/store/store_init.c,17,80,40,0.0238521099091,0.00084400177002,0,0
/home/openssl-openssl-3.1.2/crypto/store/store_lib.c,1044,80,40,0.235207080841,0.000830173492432,0,0
/home/openssl-openssl-3.1.2/crypto/store/store_meth.c,495,80,40,0.357586860657,0.00104331970215,0,0
/home/openssl-openssl-3.1.2/crypto/store/store_register.c,300,80,40,0.233448982239,0.000704765319824,0,0
/home/openssl-openssl-3.1.2/crypto/store/store_result.c,651,80,40,0.144600868225,0.00155329704285,0,0
/home/openssl-openssl-3.1.2/crypto/store/store_strings.c,30,80,40,0.0238139629364,0.00125074386597,0,0
/home/openssl-openssl-3.1.2/crypto/ts/ts_asn1.c,235,80,40,0.878319978714,0.000590085983276,0,0
/home/openssl-openssl-3.1.2/crypto/ts/ts_conf.c,499,80,40,0.251202821732,0.00168895721436,0,0
/home/openssl-openssl-3.1.2/crypto/ts/ts_err.c,92,80,40,0.0553750991821,0.000936985015869,0,0
/home/openssl-openssl-3.1.2/crypto/ts/ts_lib.c,93,80,40,0.169501066208,0.000682830810547,0,0
/home/openssl-openssl-3.1.2/crypto/ts/ts_req_print.c,52,80,40,0.0980410575867,0.00257587432861,0,0
/home/openssl-openssl-3.1.2/crypto/ts/ts_req_utils.c,184,80,40,0.295549869537,0.000652074813843,0,0
/home/openssl-openssl-3.1.2/crypto/ts/ts_rsp_print.c,196,80,40,0.117755889893,0.000858068466187,0,0
/home/openssl-openssl-3.1.2/crypto/ts/ts_rsp_sign.c,890,80,40,0.80842089653,0.000848293304443,0,0
/home/openssl-openssl-3.1.2/crypto/ts/ts_rsp_utils.c,366,80,40,0.274619102478,0.00148606300354,0,0
/home/openssl-openssl-3.1.2/crypto/ts/ts_rsp_verify.c,574,80,40,0.224426031113,0.00223708152771,0,0
/home/openssl-openssl-3.1.2/crypto/ts/ts_verify_ctx.c,150,80,40,0.101151943207,0.00101494789124,0,0
/home/openssl-openssl-3.1.2/crypto/txt_db/txt_db.c,316,80,40,0.112322807312,0.00197386741638,0,0
/home/openssl-openssl-3.1.2/crypto/ui/ui_err.c,48,80,40,0.0438899993896,0.000700950622559,0,0
/home/openssl-openssl-3.1.2/crypto/ui/ui_lib.c,941,80,40,0.677636861801,0.00264310836792,0,0
/home/openssl-openssl-3.1.2/crypto/ui/ui_null.c,27,80,40,0.0359179973602,0.00178194046021,0,0
/home/openssl-openssl-3.1.2/crypto/ui/ui_openssl.c,733,80,40,0.231905937195,0.0022029876709,0,0
/home/openssl-openssl-3.1.2/crypto/ui/ui_util.c,164,80,40,0.163084983826,0.00181913375854,0,0
/home/openssl-openssl-3.1.2/crypto/whrlpool/wp_dgst.c,265,80,40,0.0997309684753,0.00105595588684,0,0
/home/openssl-openssl-3.1.2/crypto/x509/by_dir.c,434,80,40,0.22346496582,0.00199103355408,0,0
/home/openssl-openssl-3.1.2/crypto/x509/by_file.c,262,80,40,0.22177696228,0.000970125198364,0,0
/home/openssl-openssl-3.1.2/crypto/x509/by_store.c,250,80,40,0.134531974792,0.00120615959167,0,0
/home/openssl-openssl-3.1.2/crypto/x509/pcy_cache.c,226,80,40,0.175679206848,0.00114488601685,0,0
/home/openssl-openssl-3.1.2/crypto/x509/pcy_data.c,83,80,40,0.0593011379242,0.000715017318726,0,0
/home/openssl-openssl-3.1.2/crypto/x509/pcy_lib.c,109,80,40,0.112020969391,0.00170993804932,0,0
/home/openssl-openssl-3.1.2/crypto/x509/pcy_map.c,80,80,40,0.0637559890747,0.000961065292358,0,0
/home/openssl-openssl-3.1.2/crypto/x509/pcy_node.c,162,80,40,0.193222045898,0.000838994979858,0,0
/home/openssl-openssl-3.1.2/crypto/x509/pcy_tree.c,724,80,40,0.219195842743,0.000716924667358,0,0
/home/openssl-openssl-3.1.2/crypto/x509/t_crl.c,95,80,40,0.130650043488,0.00091290473938,0,0
/home/openssl-openssl-3.1.2/crypto/x509/t_req.c,215,80,40,0.141486883163,0.000994920730591,0,0
/home/openssl-openssl-3.1.2/crypto/x509/t_x509.c,529,80,40,0.252312898636,0.00251603126526,0,0
/home/openssl-openssl-3.1.2/crypto/x509/v3_addr.c,1358,80,40,1.01391100883,0.0265781879425,1,1
/home/openssl-openssl-3.1.2/crypto/x509/v3_admis.c,356,80,40,0.389420986176,0.000827074050903,0,0
/home/openssl-openssl-3.1.2/crypto/x509/v3_akeya.c,24,80,40,0.0981049537659,0.000874042510986,0,0
/home/openssl-openssl-3.1.2/crypto/x509/v3_akid.c,219,80,40,0.0946340560913,0.000751972198486,0,0
/home/openssl-openssl-3.1.2/crypto/x509/v3_asid.c,897,80,40,0.660502910614,0.00113129615784,0,0
/home/openssl-openssl-3.1.2/crypto/x509/v3_bcons.c,86,80,40,0.161158084869,0.00087308883667,0,0
/home/openssl-openssl-3.1.2/crypto/x509/v3_bitst.c,92,80,40,0.077152967453,0.000799179077148,0,0
/home/openssl-openssl-3.1.2/crypto/x509/v3_conf.c,585,80,40,0.48446893692,0.00092887878418,0,0
/home/openssl-openssl-3.1.2/crypto/x509/v3_cpols.c,501,80,40,0.61790895462,0.000941753387451,0,0
/home/openssl-openssl-3.1.2/crypto/x509/v3_crld.c,509,80,40,0.520146131516,0.00179576873779,0,0
/home/openssl-openssl-3.1.2/crypto/x509/v3_enum.c,54,80,40,0.0950689315796,0.00100374221802,0,0
/home/openssl-openssl-3.1.2/crypto/x509/v3_extku.c,103,80,40,0.166115999222,0.000680923461914,0,0
/home/openssl-openssl-3.1.2/crypto/x509/v3_genn.c,242,80,40,0.53088092804,0.000944137573242,0,0
/home/openssl-openssl-3.1.2/crypto/x509/v3_ia5.c,65,80,40,0.0902080535889,0.000944137573242,0,0
/home/openssl-openssl-3.1.2/crypto/x509/v3_info.c,157,80,40,0.32004404068,0.00129103660583,0,0
/home/openssl-openssl-3.1.2/crypto/x509/v3_int.c,44,80,40,0.0401759147644,0.000838756561279,0,0
/home/openssl-openssl-3.1.2/crypto/x509/v3_ist.c,145,80,40,0.17062997818,0.0160119533539,0,0
/home/openssl-openssl-3.1.2/crypto/x509/v3_lib.c,305,80,40,0.304160118103,0.000874042510986,0,0
/home/openssl-openssl-3.1.2/crypto/x509/v3_ncons.c,833,80,40,0.471690893173,0.00296926498413,0,0
/home/openssl-openssl-3.1.2/crypto/x509/v3_pci.c,322,80,40,0.134516000748,0.00169205665588,0,0
/home/openssl-openssl-3.1.2/crypto/x509/v3_pcia.c,65,80,40,0.202573060989,0.000984191894531,0,0
/home/openssl-openssl-3.1.2/crypto/x509/v3_pcons.c,92,80,40,0.123039960861,0.000677824020386,0,0
/home/openssl-openssl-3.1.2/crypto/x509/v3_pku.c,53,80,40,0.132134914398,0.000761032104492,0,0
/home/openssl-openssl-3.1.2/crypto/x509/v3_pmaps.c,111,80,40,0.109738111496,0.00145292282104,0,0
/home/openssl-openssl-3.1.2/crypto/x509/v3_prn.c,217,80,40,0.163743972778,0.00124096870422,0,0
/home/openssl-openssl-3.1.2/crypto/x509/v3_purp.c,1067,80,40,0.727174043655,0.00201106071472,0,0
/home/openssl-openssl-3.1.2/crypto/x509/v3_san.c,692,80,40,0.216859102249,0.00358486175537,0,0
/home/openssl-openssl-3.1.2/crypto/x509/v3_skid.c,112,80,40,0.172738790512,0.000569105148315,0,0
/home/openssl-openssl-3.1.2/crypto/x509/v3_sxnet.c,241,80,40,0.315788984299,0.000914096832275,0,0
/home/openssl-openssl-3.1.2/crypto/x509/v3_tlsf.c,141,80,40,0.14338517189,0.00275993347168,0,0
/home/openssl-openssl-3.1.2/crypto/x509/v3_utf8.c,69,80,40,0.0818090438843,0.000612020492554,0,0
/home/openssl-openssl-3.1.2/crypto/x509/v3_utl.c,1359,80,40,0.468775987625,0.000930786132812,0,0
/home/openssl-openssl-3.1.2/crypto/x509/v3err.c,148,80,40,0.0428049564362,0.000749111175537,0,0
/home/openssl-openssl-3.1.2/crypto/x509/x509_att.c,355,80,40,0.368280887604,0.000694990158081,0,0
/home/openssl-openssl-3.1.2/crypto/x509/x509_cmp.c,586,80,40,0.626101970673,0.00207614898682,0,0
/home/openssl-openssl-3.1.2/crypto/x509/x509_d2.c,112,80,40,0.179757118225,0.000841856002808,0,0
/home/openssl-openssl-3.1.2/crypto/x509/x509_def.c,44,80,40,0.0324320793152,0.00085711479187,0,0
/home/openssl-openssl-3.1.2/crypto/x509/x509_err.c,97,80,40,0.0563480854034,0.000700950622559,0,0
/home/openssl-openssl-3.1.2/crypto/x509/x509_ext.c,160,80,40,0.534114122391,0.000805854797363,0,0
/home/openssl-openssl-3.1.2/crypto/x509/x509_lu.c,992,80,40,0.746393918991,0.000781059265137,0,0
/home/openssl-openssl-3.1.2/crypto/x509/x509_meth.c,167,80,40,0.100851774216,0.000594854354858,0,0
/home/openssl-openssl-3.1.2/crypto/x509/x509_obj.c,188,80,40,0.134532213211,0.00101065635681,0,0
/home/openssl-openssl-3.1.2/crypto/x509/x509_r2x.c,68,80,40,0.0450270175934,0.0027551651001,0,0
/home/openssl-openssl-3.1.2/crypto/x509/x509_req.c,332,80,40,0.511229038239,0.000839233398438,0,0
/home/openssl-openssl-3.1.2/crypto/x509/x509_set.c,277,80,40,0.395492076874,0.00319004058838,0,0
/home/openssl-openssl-3.1.2/crypto/x509/x509_trust.c,301,80,40,0.32966709137,0.000777006149292,0,0
/home/openssl-openssl-3.1.2/crypto/x509/x509_txt.c,226,80,40,0.0145320892334,0.000880002975464,0,0
/home/openssl-openssl-3.1.2/crypto/x509/x509_v3.c,238,80,40,0.272103071213,0.0013120174408,0,0
/home/openssl-openssl-3.1.2/crypto/x509/x509_vfy.c,3452,80,40,1.40908002853,0.00575399398804,0,0
/home/openssl-openssl-3.1.2/crypto/x509/x509_vpm.c,641,80,40,0.46509885788,0.00270628929138,0,0
/home/openssl-openssl-3.1.2/crypto/x509/x509cset.c,184,80,40,0.255258083344,0.00069522857666,0,0
/home/openssl-openssl-3.1.2/crypto/x509/x509name.c,360,80,40,0.303931951523,0.000973224639893,0,0
/home/openssl-openssl-3.1.2/crypto/x509/x509rset.c,41,80,40,0.13259100914,0.00170111656189,0,0
/home/openssl-openssl-3.1.2/crypto/x509/x509spki.c,79,80,40,0.132261037827,0.00503420829773,0,0
/home/openssl-openssl-3.1.2/crypto/x509/x509type.c,85,80,40,0.0912179946899,0.000940084457397,0,0
/home/openssl-openssl-3.1.2/crypto/x509/x_all.c,779,80,40,1.14534497261,0.00332570075989,0,0
/home/openssl-openssl-3.1.2/crypto/x509/x_attrib.c,59,80,40,0.176213979721,0.000814914703369,0,0
/home/openssl-openssl-3.1.2/crypto/x509/x_crl.c,535,80,40,0.498667001724,0.00322794914246,0,0
/home/openssl-openssl-3.1.2/crypto/x509/x_exten.c,29,80,40,0.185570955276,0.000777006149292,0,0
/home/openssl-openssl-3.1.2/crypto/x509/x_name.c,554,80,40,0.428325891495,0.00176906585693,0,0
/home/openssl-openssl-3.1.2/crypto/x509/x_pubkey.c,1073,80,40,0.336159944534,0.000788927078247,0,0
/home/openssl-openssl-3.1.2/crypto/x509/x_req.c,174,80,40,0.261149168015,0.00128293037415,0,0
/home/openssl-openssl-3.1.2/crypto/x509/x_x509.c,319,80,40,0.520211935043,0.00161528587341,0,0
/home/openssl-openssl-3.1.2/crypto/x509/x_x509a.c,175,80,40,0.226076126099,0.000576972961426,0,0
/home/openssl-openssl-3.1.2/providers/baseprov.c,178,80,40,0.0888700485229,0.000778913497925,0,0
/home/openssl-openssl-3.1.2/providers/defltprov.c,599,80,40,0.107342004776,0.00101709365845,0,0
/home/openssl-openssl-3.1.2/providers/nullprov.c,81,80,40,0.105340957642,0.00100994110107,0,0
/home/openssl-openssl-3.1.2/providers/prov_running.c,23,80,40,0.0307679176331,0.00091814994812,0,0
/home/openssl-openssl-3.1.2/crypto/packet.c,513,80,40,0.309179067612,0.000783920288086,0,0
/home/openssl-openssl-3.1.2/crypto/sparse_array.c,217,80,40,0.147824048996,0.000937938690186,0,0
/home/openssl-openssl-3.1.2/ssl/bio_ssl.c,507,80,40,0.164760112762,0.00081992149353,0,0
/home/openssl-openssl-3.1.2/ssl/d1_lib.c,966,80,40,0.247544050217,0.00082802772522,0,0
/home/openssl-openssl-3.1.2/ssl/d1_msg.c,72,80,40,0.122546195984,0.000836849212646,0,0
/home/openssl-openssl-3.1.2/ssl/d1_srtp.c,136,80,40,0.13204407692,0.00180792808533,0,0
/home/openssl-openssl-3.1.2/ssl/methods.c,280,80,40,0.888571977615,0.000773668289185,0,0
/home/openssl-openssl-3.1.2/ssl/pqueue.c,159,80,40,0.16214299202,0.000786066055298,0,0
/home/openssl-openssl-3.1.2/ssl/s3_cbc.c,514,80,40,0.0932970046997,0.00127506256104,0,0
/home/openssl-openssl-3.1.2/ssl/s3_enc.c,597,80,40,0.132375955582,0.000845193862915,0,0
/home/openssl-openssl-3.1.2/ssl/s3_lib.c,4968,80,40,0.702723026276,0.00275421142578,0,0
/home/openssl-openssl-3.1.2/ssl/s3_msg.c,111,80,40,0.128664970398,0.000813961029053,0,0
/home/openssl-openssl-3.1.2/ssl/ssl_asn1.c,401,80,40,0.274299860001,0.00142407417297,0,0
/home/openssl-openssl-3.1.2/ssl/ssl_cert.c,1149,80,40,0.425812959671,0.00471687316895,0,0
/home/openssl-openssl-3.1.2/ssl/ssl_ciph.c,2247,80,40,0.584080934525,0.00575709342957,0,0
/home/openssl-openssl-3.1.2/ssl/ssl_conf.c,1082,80,40,0.729811906815,0.000864028930664,0,0
/home/openssl-openssl-3.1.2/ssl/ssl_err.c,572,80,40,0.0606300830841,0.00122809410095,0,0
/home/openssl-openssl-3.1.2/ssl/ssl_err_legacy.c,22,80,40,0.0370228290558,0.00075101852417,0,0
/home/openssl-openssl-3.1.2/ssl/ssl_init.c,132,80,40,0.0611040592194,0.000910997390747,0,0
/home/openssl-openssl-3.1.2/ssl/ssl_lib.c,6039,80,40,2.8271510601,0.00154709815979,0,0
/home/openssl-openssl-3.1.2/ssl/ssl_mcnf.c,103,80,40,0.118928909302,0.00066614151001,0,0
/home/openssl-openssl-3.1.2/ssl/ssl_rsa.c,1032,80,40,0.399933099747,0.00501608848572,0,0
/home/openssl-openssl-3.1.2/ssl/ssl_rsa_legacy.c,181,80,40,0.0680508613586,0.000723123550415,0,0
/home/openssl-openssl-3.1.2/ssl/ssl_sess.c,1398,80,40,1.04332590103,0.00129723548889,0,0
/home/openssl-openssl-3.1.2/ssl/ssl_stat.c,389,80,40,0.0436689853668,0.00266718864441,0,0
/home/openssl-openssl-3.1.2/ssl/ssl_txt.c,203,80,40,0.122652053833,0.000680208206177,0,0
/home/openssl-openssl-3.1.2/ssl/ssl_utst.c,25,80,40,0.00298690795898,0.000718832015991,0,0
/home/openssl-openssl-3.1.2/ssl/t1_enc.c,858,80,40,0.251237154007,0.00130200386047,0,0
/home/openssl-openssl-3.1.2/ssl/t1_lib.c,3531,80,40,0.791196107864,0.00176191329956,0,0
/home/openssl-openssl-3.1.2/ssl/t1_trce.c,1601,80,40,0.528098106384,0.0011899471283,0,0
/home/openssl-openssl-3.1.2/ssl/tls13_enc.c,897,80,40,0.332015037537,0.000824928283691,0,0
/home/openssl-openssl-3.1.2/ssl/tls_depr.c,208,80,40,0.241940975189,0.000783205032349,0,0
/home/openssl-openssl-3.1.2/ssl/tls_srp.c,513,80,40,0.38049697876,0.00079607963562,0,0
/home/openssl-openssl-3.1.2/ssl/record/dtls1_bitmap.c,79,80,40,0.173575878143,0.00219488143921,0,0
/home/openssl-openssl-3.1.2/ssl/record/rec_layer_d1.c,1052,80,40,0.24960899353,0.00172114372253,0,0
/home/openssl-openssl-3.1.2/ssl/record/rec_layer_s3.c,1816,80,40,0.218055963516,0.00142312049866,0,0
/home/openssl-openssl-3.1.2/ssl/record/ssl3_buffer.c,196,80,40,0.11094212532,0.00150609016418,0,0
/home/openssl-openssl-3.1.2/ssl/record/ssl3_record.c,1934,80,40,0.279474973679,0.00453877449036,0,0
/home/openssl-openssl-3.1.2/ssl/record/ssl3_record_tls13.c,194,80,40,0.115676879883,0.00103211402893,0,0
/home/openssl-openssl-3.1.2/ssl/record/tls_pad.c,326,80,40,0.152168035507,0.000820636749268,0,0
/home/openssl-openssl-3.1.2/ssl/statem/extensions.c,1727,80,40,0.315333843231,0.00114989280701,0,0
/home/openssl-openssl-3.1.2/ssl/statem/extensions_clnt.c,1984,80,40,0.321843147278,0.00102686882019,0,0
/home/openssl-openssl-3.1.2/ssl/statem/extensions_cust.c,530,80,40,0.228630065918,0.000734090805054,0,0
/home/openssl-openssl-3.1.2/ssl/statem/extensions_srvr.c,1917,80,40,0.21475315094,0.00092601776123,0,0
/home/openssl-openssl-3.1.2/ssl/statem/statem.c,994,80,40,0.282830953598,0.000741958618164,0,0
/home/openssl-openssl-3.1.2/ssl/statem/statem_clnt.c,3786,80,40,0.493932008743,0.00136804580688,0,0
/home/openssl-openssl-3.1.2/ssl/statem/statem_dtls.c,1367,80,40,0.343789815903,0.000877141952515,0,0
/home/openssl-openssl-3.1.2/ssl/statem/statem_lib.c,2407,80,40,0.514591932297,0.00114727020264,0,0
/home/openssl-openssl-3.1.2/ssl/statem/statem_srvr.c,4139,80,40,0.723719120026,0.00139904022217,0,0
/home/openssl-openssl-3.1.2/engines/e_afalg.c,934,80,40,0.909096002579,0.00253105163574,0,0
/home/openssl-openssl-3.1.2/engines/e_capi.c,1928,80,40,0.0705289840698,0.00202417373657,0,0
/home/openssl-openssl-3.1.2/engines/e_dasync.c,1011,80,40,0.76687002182,0.000932931900024,0,0
/home/openssl-openssl-3.1.2/crypto/pem/pvkfmt.c,1126,80,40,0.489879846573,0.00476098060608,0,0
/home/openssl-openssl-3.1.2/engines/e_loader_attic.c,1774,80,40,0.910446166992,0.00189590454102,0,0
/home/openssl-openssl-3.1.2/engines/e_ossltest.c,927,80,40,0.736911058426,0.00239396095276,0,0
/home/openssl-openssl-3.1.2/engines/e_padlock.c,764,80,40,0.395877838135,0.000762224197388,0,0
/home/openssl-openssl-3.1.2/crypto/cpuid.c,215,80,40,0.125976085663,0.00110197067261,0,0
/home/openssl-openssl-3.1.2/crypto/ctype.c,314,80,40,0.0229978561401,0.00163793563843,0,0
/home/openssl-openssl-3.1.2/providers/legacyprov.c,202,80,40,0.0958271026611,0.00122690200806,0,0
/home/openssl-openssl-3.1.2/test/p_test.c,321,80,40,0.320955038071,0.000974893569946,0,0
/home/openssl-openssl-3.1.2/apps/lib/cmp_mock_srv.c,453,80,40,0.226667165756,0.00166082382202,0,0
/home/openssl-openssl-3.1.2/apps/asn1parse.c,363,80,40,0.110629081726,0.00125503540039,0,0
/home/openssl-openssl-3.1.2/apps/ca.c,2674,80,40,0.26128578186,0.00120711326599,0,0
/home/openssl-openssl-3.1.2/apps/ciphers.c,286,80,40,0.115739107132,0.000766754150391,0,0
/home/openssl-openssl-3.1.2/apps/cmp.c,3085,80,40,0.602869987488,0.00167798995972,0,0
/home/openssl-openssl-3.1.2/apps/cms.c,1451,80,40,0.143681049347,0.0130019187927,0,0
/home/openssl-openssl-3.1.2/apps/crl.c,397,80,40,0.0600991249084,0.00294709205627,0,0
/home/openssl-openssl-3.1.2/apps/crl2pkcs7.c,234,80,40,0.0556490421295,0.00114989280701,0,0
/home/openssl-openssl-3.1.2/apps/dgst.c,656,80,40,0.0800981521606,0.000719785690308,0,0
/home/openssl-openssl-3.1.2/apps/dhparam.c,417,80,40,0.0997581481934,0.00102591514587,0,0
/home/openssl-openssl-3.1.2/apps/dsa.c,312,80,40,0.0740909576416,0.00104594230652,0,0
/home/openssl-openssl-3.1.2/apps/dsaparam.c,257,80,40,0.0868580341339,0.000797033309937,0,0
/home/openssl-openssl-3.1.2/apps/ec.c,295,80,40,0.0719349384308,0.00213003158569,0,0
/home/openssl-openssl-3.1.2/apps/ecparam.c,353,80,40,0.0709609985352,0.00112104415894,0,0
/home/openssl-openssl-3.1.2/apps/enc.c,706,80,40,0.078075170517,0.000882863998413,0,0
/home/openssl-openssl-3.1.2/apps/engine.c,494,80,40,0.133831977844,0.000658273696899,0,0
/home/openssl-openssl-3.1.2/apps/errstr.c,75,80,40,0.052050113678,0.000686883926392,0,0
/home/openssl-openssl-3.1.2/apps/fipsinstall.c,671,80,40,0.174426794052,0.000750064849854,0,0
/home/openssl-openssl-3.1.2/apps/gendsa.c,169,80,40,0.0690021514893,0.000915050506592,0,0
/home/openssl-openssl-3.1.2/apps/genpkey.c,343,80,40,0.126996040344,0.000686883926392,0,0
/home/openssl-openssl-3.1.2/apps/genrsa.c,270,80,40,0.0899329185486,0.000787019729614,0,0
/home/openssl-openssl-3.1.2/apps/info.c,105,80,40,0.060898065567,0.0158998966217,0,0
/home/openssl-openssl-3.1.2/apps/kdf.c,212,80,40,0.0924921035767,0.000823974609375,0,0
/home/openssl-openssl-3.1.2/apps/list.c,1707,80,40,1.7195289135,0.000969171524048,0,0
/home/openssl-openssl-3.1.2/apps/mac.c,238,80,40,0.0913619995117,0.000903844833374,0,0
/home/openssl-openssl-3.1.2/apps/nseq.c,131,80,40,0.0824229717255,0.00127196311951,0,0
/home/openssl-openssl-3.1.2/apps/ocsp.c,1263,80,40,0.21456694603,0.000826835632324,0,0
/home/openssl-openssl-3.1.2/apps/openssl.c,483,80,40,0.215525150299,0.00100302696228,0,0
/home/openssl-openssl-3.1.2/apps/passwd.c,848,80,40,1.29220318794,0.875831604004,1,1
/home/openssl-openssl-3.1.2/apps/pkcs12.c,1232,80,40,0.110497951508,0.00494194030762,0,0
/home/openssl-openssl-3.1.2/apps/pkcs7.c,221,80,40,0.0533449649811,0.000704050064087,0,0
/home/openssl-openssl-3.1.2/apps/pkcs8.c,382,80,40,0.0491998195648,0.00242972373962,0,0
/home/openssl-openssl-3.1.2/apps/pkey.c,333,80,40,0.0816700458527,0.000692844390869,0,0
/home/openssl-openssl-3.1.2/apps/pkeyparam.c,155,80,40,0.0525131225586,0.000934839248657,0,0
/home/openssl-openssl-3.1.2/apps/pkeyutl.c,802,80,40,0.131114006042,0.00209379196167,0,0
/home/openssl-openssl-3.1.2/apps/prime.c,145,80,40,0.0653209686279,0.000586032867432,0,0
/home/openssl-openssl-3.1.2/apps/progs.c,398,80,40,0.000301837921143,0.00190711021423,0,0
/home/openssl-openssl-3.1.2/apps/rand.c,150,80,40,0.0718319416046,0.00211095809937,0,0
/home/openssl-openssl-3.1.2/apps/rehash.c,579,80,40,0.257884025574,0.0226562023163,1,1
/home/openssl-openssl-3.1.2/apps/req.c,1685,80,40,0.264219045639,0.0059962272644,0,0
/home/openssl-openssl-3.1.2/apps/rsa.c,416,80,40,0.067193031311,0.00102305412292,0,0
/home/openssl-openssl-3.1.2/apps/rsautl.c,294,80,40,0.0979559421539,0.000922918319702,0,0
/home/openssl-openssl-3.1.2/apps/s_client.c,3542,80,40,0.228394031525,0.00425124168396,0,0
/home/openssl-openssl-3.1.2/apps/s_server.c,3789,80,40,0.261976003647,0.0106389522552,0,0
/home/openssl-openssl-3.1.2/apps/s_time.c,474,80,40,0.118348121643,0.000968933105469,0,0
/home/openssl-openssl-3.1.2/apps/sess_id.c,199,80,40,0.0748870372772,0.000969886779785,0,0
/home/openssl-openssl-3.1.2/apps/smime.c,710,80,40,0.106504917145,0.00112915039062,0,0
/home/openssl-openssl-3.1.2/apps/speed.c,3797,80,40,0.605819940567,0.00130414962769,0,0
/home/openssl-openssl-3.1.2/apps/spkac.c,234,80,40,0.0550060272217,0.00541186332703,0,0
/home/openssl-openssl-3.1.2/apps/srp.c,632,80,40,0.260436058044,0.00116086006165,0,0
/home/openssl-openssl-3.1.2/apps/storeutl.c,499,80,40,0.0697529315948,0.00169825553894,0,0
/home/openssl-openssl-3.1.2/apps/ts.c,1035,80,40,0.246042013168,0.00062894821167,0,0
/home/openssl-openssl-3.1.2/apps/verify.c,394,80,40,0.136254072189,0.000728130340576,0,0
/home/openssl-openssl-3.1.2/apps/version.c,152,80,40,0.0552871227264,0.000922918319702,0,0
/home/openssl-openssl-3.1.2/apps/x509.c,1268,80,40,0.18697309494,0.000905752182007,0,0
/home/openssl-openssl-3.1.2/fuzz/asn1.c,376,80,40,0.100655078888,0.000805139541626,0,0
/home/openssl-openssl-3.1.2/fuzz/fuzz_rand.c,169,80,40,0.120846986771,0.000938892364502,0,0
/home/openssl-openssl-3.1.2/fuzz/test-corpus.c,105,80,40,0.697975158691,0.000771999359131,1,1
/home/openssl-openssl-3.1.2/fuzz/asn1parse.c,46,80,40,0.0938470363617,0.00119805335999,0,0
/home/openssl-openssl-3.1.2/fuzz/test-corpus.c,105,80,40,0.632174015045,0.000739097595215,1,1
/home/openssl-openssl-3.1.2/fuzz/bignum.c,110,80,40,0.0748779773712,0.00160002708435,0,0
/home/openssl-openssl-3.1.2/fuzz/test-corpus.c,105,80,40,0.645448923111,0.000817775726318,1,1
/home/openssl-openssl-3.1.2/fuzz/bndiv.c,132,80,40,0.0597679615021,0.000762939453125,0,0
/home/openssl-openssl-3.1.2/fuzz/test-corpus.c,105,80,40,0.643101215363,0.00123190879822,1,1
/home/openssl-openssl-3.1.2/fuzz/client.c,109,80,40,0.103317975998,0.00100612640381,0,0
/home/openssl-openssl-3.1.2/fuzz/fuzz_rand.c,169,80,40,0.121016025543,0.00115919113159,0,0
/home/openssl-openssl-3.1.2/fuzz/test-corpus.c,105,80,40,0.563622951508,0.000872850418091,1,1
/home/openssl-openssl-3.1.2/fuzz/cmp.c,204,80,40,0.104580163956,0.00173997879028,0,0
/home/openssl-openssl-3.1.2/fuzz/fuzz_rand.c,169,80,40,0.155966997147,0.000723838806152,0,0
/home/openssl-openssl-3.1.2/fuzz/test-corpus.c,105,80,40,0.663056850433,0.000988006591797,1,1
/home/openssl-openssl-3.1.2/fuzz/cms.c,56,80,40,0.068480014801,0.000737905502319,0,0
/home/openssl-openssl-3.1.2/fuzz/test-corpus.c,105,80,40,0.59103679657,0.000754117965698,1,1
/home/openssl-openssl-3.1.2/fuzz/conf.c,49,80,40,0.0683958530426,0.000657081604004,0,0
/home/openssl-openssl-3.1.2/fuzz/test-corpus.c,105,80,40,0.723343133926,0.000586748123169,1,1
/home/openssl-openssl-3.1.2/fuzz/crl.c,48,80,40,0.0973079204559,0.00161099433899,0,0
/home/openssl-openssl-3.1.2/fuzz/test-corpus.c,105,80,40,0.72128200531,0.000783920288086,1,1
/home/openssl-openssl-3.1.2/fuzz/ct.c,52,80,40,0.0692520141602,0.00159692764282,0,0
/home/openssl-openssl-3.1.2/fuzz/test-corpus.c,105,80,40,0.656727790833,0.00209975242615,1,1
/home/openssl-openssl-3.1.2/fuzz/punycode.c,43,80,40,0.0742769241333,0.000786066055298,0,0
/home/openssl-openssl-3.1.2/fuzz/test-corpus.c,105,80,40,0.691149950027,0.00170493125916,1,1
/home/openssl-openssl-3.1.2/fuzz/fuzz_rand.c,169,80,40,0.110517024994,0.00107908248901,0,0
/home/openssl-openssl-3.1.2/fuzz/server.c,660,80,40,0.120989084244,0.000653028488159,0,0
/home/openssl-openssl-3.1.2/fuzz/test-corpus.c,105,80,40,0.666425943375,0.00106692314148,1,1
/home/openssl-openssl-3.1.2/fuzz/fuzz_rand.c,169,80,40,0.112057924271,0.000796318054199,0,0
/home/openssl-openssl-3.1.2/fuzz/test-corpus.c,105,80,40,0.676274061203,0.000954151153564,1,1
/home/openssl-openssl-3.1.2/fuzz/x509.c,53,80,40,0.0806708335876,0.000668048858643,0,0
/home/openssl-openssl-3.1.2/test/aborttest.c,17,80,40,0.0357351303101,0.00126504898071,0,0
/home/openssl-openssl-3.1.2/test/aesgcmtest.c,137,80,40,0.0835819244385,0.00134611129761,0,0
/home/openssl-openssl-3.1.2/test/afalgtest.c,161,80,40,0.115658044815,0.000939130783081,0,0
/home/openssl-openssl-3.1.2/test/algorithmid_test.c,329,80,40,0.141433954239,0.00090503692627,0,0
/home/openssl-openssl-3.1.2/test/asn1_decode_test.c,236,80,40,0.498714208603,0.000829935073853,0,0
/home/openssl-openssl-3.1.2/test/asn1_dsa_internal_test.c,185,80,40,0.0882811546326,0.00111293792725,0,0
/home/openssl-openssl-3.1.2/test/asn1_encode_test.c,909,80,40,0.731209993362,0.00223612785339,0,0
/home/openssl-openssl-3.1.2/test/asn1_internal_test.c,212,80,40,0.117537021637,0.00124192237854,0,0
/home/openssl-openssl-3.1.2/test/asn1_string_table_test.c,78,80,40,0.0906550884247,0.00158286094666,0,0
/home/openssl-openssl-3.1.2/test/asn1_time_test.c,419,80,40,0.258805990219,0.001629114151,0,0
/home/openssl-openssl-3.1.2/test/asynciotest.c,418,80,40,0.224769115448,0.000737905502319,0,0
/home/openssl-openssl-3.1.2/test/helpers/ssltestlib.c,1185,80,40,0.339888095856,0.00100588798523,0,0
/home/openssl-openssl-3.1.2/test/asynctest.c,436,80,40,0.148084163666,0.00095796585083,0,0
/home/openssl-openssl-3.1.2/test/bad_dtls_test.c,609,80,40,0.170179843903,0.00102305412292,0,0
/home/openssl-openssl-3.1.2/test/bftest.c,488,80,40,0.143410921097,0.00165510177612,0,0
/home/openssl-openssl-3.1.2/test/bio_callback_test.c,361,80,40,0.133141040802,0.00110197067261,0,0
/home/openssl-openssl-3.1.2/test/bio_core_test.c,120,80,40,0.239974021912,0.000906944274902,0,0
/home/openssl-openssl-3.1.2/test/bio_enc_test.c,267,80,40,0.207363128662,0.00071907043457,0,0
/home/openssl-openssl-3.1.2/test/bio_memleak_test.c,292,80,40,0.0982189178467,0.000875949859619,0,0
/home/openssl-openssl-3.1.2/test/bio_prefix_text.c,268,80,40,0.627998828888,0.0199422836304,3,3
/home/openssl-openssl-3.1.2/test/bio_readbuffer_test.c,132,80,40,0.102735996246,0.000927686691284,0,0
/home/openssl-openssl-3.1.2/test/bioprinttest.c,363,80,40,0.220165014267,0.00114917755127,0,0
/home/openssl-openssl-3.1.2/test/bn_internal_test.c,106,80,40,0.09725522995,0.00063681602478,0,0
/home/openssl-openssl-3.1.2/test/bntest.c,3121,80,40,0.279609918594,0.00144386291504,0,0
/home/openssl-openssl-3.1.2/test/build_wincrypt_test.c,43,80,40,0.0441880226135,0.0039050579071,0,0
/home/openssl-openssl-3.1.2/test/buildtest_aes.c,17,80,40,0.0372109413147,0.00080680847168,0,0
/home/openssl-openssl-3.1.2/test/buildtest_async.c,17,80,40,0.0554859638214,0.000906705856323,0,0
/home/openssl-openssl-3.1.2/test/buildtest_blowfish.c,17,80,40,0.043112039566,0.0010039806366,0,0
/home/openssl-openssl-3.1.2/test/buildtest_bn.c,17,80,40,0.0300080776215,0.000894069671631,0,0
/home/openssl-openssl-3.1.2/test/buildtest_buffer.c,17,80,40,0.031238079071,0.0010199546814,0,0
/home/openssl-openssl-3.1.2/test/buildtest_camellia.c,17,80,40,0.0309400558472,0.000623941421509,0,0
/home/openssl-openssl-3.1.2/test/buildtest_cast.c,17,80,40,0.0391180515289,0.00115394592285,0,0
/home/openssl-openssl-3.1.2/test/buildtest_cmac.c,17,80,40,0.0554840564728,0.00119805335999,0,0
/home/openssl-openssl-3.1.2/test/buildtest_cmp_util.c,17,80,40,0.0433299541473,0.000669956207275,0,0
/home/openssl-openssl-3.1.2/test/buildtest_comp.c,17,80,40,0.0366220474243,0.00118803977966,0,0
/home/openssl-openssl-3.1.2/test/buildtest_conf_api.c,17,80,40,0.0396378040314,0.000863313674927,0,0
/home/openssl-openssl-3.1.2/test/buildtest_conftypes.c,17,80,40,0.043301820755,0.00161099433899,0,0
/home/openssl-openssl-3.1.2/test/buildtest_core.c,17,80,40,0.043380022049,0.00333404541016,0,0
/home/openssl-openssl-3.1.2/test/buildtest_core_dispatch.c,17,80,40,0.0397090911865,0.000861883163452,0,0
/home/openssl-openssl-3.1.2/test/buildtest_core_names.c,17,80,40,0.0370478630066,0.000871896743774,0,0
/home/openssl-openssl-3.1.2/test/buildtest_core_object.c,17,80,40,0.0399460792542,0.00121402740479,0,0
/home/openssl-openssl-3.1.2/test/buildtest_cryptoerr_legacy.c,17,80,40,0.0597109794617,0.00163006782532,0,0
/home/openssl-openssl-3.1.2/test/buildtest_decoder.c,17,80,40,0.0377612113953,0.000828981399536,0,0
/home/openssl-openssl-3.1.2/test/buildtest_des.c,17,80,40,0.0323219299316,0.000916957855225,0,0
/home/openssl-openssl-3.1.2/test/buildtest_dh.c,17,80,40,0.0313501358032,0.000830888748169,0,0
/home/openssl-openssl-3.1.2/test/buildtest_dsa.c,17,80,40,0.0308299064636,0.000719308853149,0,0
/home/openssl-openssl-3.1.2/test/buildtest_dtls1.c,17,80,40,0.0329749584198,0.00162696838379,0,0
/home/openssl-openssl-3.1.2/test/buildtest_e_os2.c,17,80,40,0.0447587966919,0.00102496147156,0,0
/home/openssl-openssl-3.1.2/test/buildtest_ebcdic.c,17,80,40,0.0329909324646,0.00110507011414,0,0
/home/openssl-openssl-3.1.2/test/buildtest_ec.c,17,80,40,0.0421981811523,0.00100183486938,0,0
/home/openssl-openssl-3.1.2/test/buildtest_ecdh.c,17,80,40,0.0381851196289,0.000880002975464,0,0
/home/openssl-openssl-3.1.2/test/buildtest_ecdsa.c,17,80,40,0.0428900718689,0.00102090835571,0,0
/home/openssl-openssl-3.1.2/test/buildtest_encoder.c,17,80,40,0.0364181995392,0.000770807266235,0,0
/home/openssl-openssl-3.1.2/test/buildtest_engine.c,17,80,40,0.0391659736633,0.00157499313354,0,0
/home/openssl-openssl-3.1.2/test/buildtest_evp.c,17,80,40,0.0329570770264,0.000708103179932,0,0
/home/openssl-openssl-3.1.2/test/buildtest_fips_names.c,17,80,40,0.0418331623077,0.000901699066162,0,0
/home/openssl-openssl-3.1.2/test/buildtest_hmac.c,17,80,40,0.0494019985199,0.00195384025574,0,0
/home/openssl-openssl-3.1.2/test/buildtest_http.c,17,80,40,0.0362391471863,0.00121188163757,0,0
/home/openssl-openssl-3.1.2/test/buildtest_idea.c,17,80,40,0.0402059555054,0.000813245773315,0,0
/home/openssl-openssl-3.1.2/test/buildtest_kdf.c,17,80,40,0.0387449264526,0.00101208686829,0,0
/home/openssl-openssl-3.1.2/test/buildtest_macros.c,17,80,40,0.0577020645142,0.0010199546814,0,0
/home/openssl-openssl-3.1.2/test/buildtest_md4.c,17,80,40,0.042781829834,0.00205683708191,0,0
/home/openssl-openssl-3.1.2/test/buildtest_md5.c,17,80,40,0.0348870754242,0.00137805938721,0,0
/home/openssl-openssl-3.1.2/test/buildtest_mdc2.c,17,80,40,0.0331349372864,0.00114035606384,0,0
/home/openssl-openssl-3.1.2/test/buildtest_modes.c,17,80,40,0.0441539287567,0.00122022628784,0,0
/home/openssl-openssl-3.1.2/test/buildtest_obj_mac.c,17,80,40,0.0469000339508,0.00222206115723,0,0
/home/openssl-openssl-3.1.2/test/buildtest_objects.c,17,80,40,0.0352358818054,0.000899791717529,0,0
/home/openssl-openssl-3.1.2/test/buildtest_ossl_typ.c,17,80,40,0.0382759571075,0.00100708007812,0,0
/home/openssl-openssl-3.1.2/test/buildtest_param_build.c,17,80,40,0.0524690151215,0.000961065292358,0,0
/home/openssl-openssl-3.1.2/test/buildtest_params.c,17,80,40,0.0361649990082,0.00225877761841,0,0
/home/openssl-openssl-3.1.2/test/buildtest_pem.c,17,80,40,0.0383939743042,0.00106191635132,0,0
/home/openssl-openssl-3.1.2/test/buildtest_pem2.c,17,80,40,0.0410301685333,0.000783920288086,0,0
/home/openssl-openssl-3.1.2/test/buildtest_prov_ssl.c,17,80,40,0.0415139198303,0.000901222229004,0,0
/home/openssl-openssl-3.1.2/test/buildtest_provider.c,17,80,40,0.0298500061035,0.00101709365845,0,0
/home/openssl-openssl-3.1.2/test/buildtest_rand.c,17,80,40,0.0503070354462,0.00144910812378,0,0
/home/openssl-openssl-3.1.2/test/buildtest_rc2.c,17,80,40,0.031534910202,0.00157594680786,0,0
/home/openssl-openssl-3.1.2/test/buildtest_rc4.c,17,80,40,0.0460300445557,0.000792026519775,0,0
/home/openssl-openssl-3.1.2/test/buildtest_ripemd.c,17,80,40,0.0339140892029,0.00174283981323,0,0
/home/openssl-openssl-3.1.2/test/buildtest_rsa.c,17,80,40,0.0501911640167,0.00127577781677,0,0
/home/openssl-openssl-3.1.2/test/buildtest_seed.c,17,80,40,0.031170129776,0.000849962234497,0,0
/home/openssl-openssl-3.1.2/test/buildtest_self_test.c,17,80,40,0.0362050533295,0.00122094154358,0,0
/home/openssl-openssl-3.1.2/test/buildtest_sha.c,17,80,40,0.0567710399628,0.00152802467346,0,0
/home/openssl-openssl-3.1.2/test/buildtest_srtp.c,17,80,40,0.0449161529541,0.00115275382996,0,0
/home/openssl-openssl-3.1.2/test/buildtest_ssl2.c,17,80,40,0.0337059497833,0.000928163528442,0,0
/home/openssl-openssl-3.1.2/test/buildtest_sslerr_legacy.c,17,80,40,0.0415589809418,0.00155305862427,0,0
/home/openssl-openssl-3.1.2/test/buildtest_stack.c,17,80,40,0.0569090843201,0.00305700302124,0,0
/home/openssl-openssl-3.1.2/test/buildtest_store.c,17,80,40,0.0360398292542,0.00079083442688,0,0
/home/openssl-openssl-3.1.2/test/buildtest_symhacks.c,17,80,40,0.0489518642426,0.000799179077148,0,0
/home/openssl-openssl-3.1.2/test/buildtest_tls1.c,17,80,40,0.0420620441437,0.0011420249939,0,0
/home/openssl-openssl-3.1.2/test/buildtest_ts.c,17,80,40,0.0346260070801,0.000972986221313,0,0
/home/openssl-openssl-3.1.2/test/buildtest_txt_db.c,17,80,40,0.0457198619843,0.00138926506042,0,0
/home/openssl-openssl-3.1.2/test/buildtest_types.c,17,80,40,0.0372579097748,0.00102615356445,0,0
/home/openssl-openssl-3.1.2/test/buildtest_whrlpool.c,17,80,40,0.0418429374695,0.000782251358032,0,0
/home/openssl-openssl-3.1.2/test/casttest.c,119,80,40,0.0842728614807,0.000694036483765,0,0
/home/openssl-openssl-3.1.2/test/chacha_internal_test.c,191,80,40,0.0736858844757,0.0020911693573,0,0
/home/openssl-openssl-3.1.2/test/cipher_overhead_test.c,63,80,40,0.115514993668,0.000671148300171,0,0
/home/openssl-openssl-3.1.2/test/cipherbytes_test.c,150,80,40,0.0995399951935,0.00223588943481,0,0
/home/openssl-openssl-3.1.2/test/cipherlist_test.c,254,80,40,0.121304988861,0.00203800201416,0,0
/home/openssl-openssl-3.1.2/test/ciphername_test.c,471,80,40,0.0608348846436,0.00215816497803,0,0
/home/openssl-openssl-3.1.2/test/clienthellotest.c,270,80,40,0.119792938232,0.000722169876099,0,0
/home/openssl-openssl-3.1.2/test/cmactest.c,217,80,40,0.0941829681396,0.0015070438385,0,0
/home/openssl-openssl-3.1.2/test/cmp_asn_test.c,125,80,40,0.158818006516,0.00079870223999,0,0
/home/openssl-openssl-3.1.2/test/helpers/cmp_testlib.c,82,80,40,0.171138048172,0.00168013572693,0,0
/home/openssl-openssl-3.1.2/apps/lib/cmp_mock_srv.c,453,80,40,0.227241039276,0.000993967056274,0,0
/home/openssl-openssl-3.1.2/test/cmp_client_test.c,556,80,40,0.0432109832764,0.000795841217041,0,0
/home/openssl-openssl-3.1.2/test/helpers/cmp_testlib.c,82,80,40,0.183388948441,0.000825881958008,0,0
/home/openssl-openssl-3.1.2/test/cmp_ctx_test.c,894,80,40,2.16801905632,0.000991106033325,0,0
/home/openssl-openssl-3.1.2/test/helpers/cmp_testlib.c,82,80,40,0.177953958511,0.0054042339325,0,0
/home/openssl-openssl-3.1.2/test/cmp_hdr_test.c,495,80,40,0.167778968811,0.000635147094727,0,0
/home/openssl-openssl-3.1.2/test/helpers/cmp_testlib.c,82,80,40,0.199617862701,0.000840187072754,0,0
/home/openssl-openssl-3.1.2/test/cmp_msg_test.c,599,80,40,0.171591043472,0.000678062438965,0,0
/home/openssl-openssl-3.1.2/test/helpers/cmp_testlib.c,82,80,40,0.20286989212,0.000845193862915,0,0
/home/openssl-openssl-3.1.2/test/cmp_protect_test.c,620,80,40,0.304504156113,0.000802755355835,0,0
/home/openssl-openssl-3.1.2/test/helpers/cmp_testlib.c,82,80,40,0.168660163879,0.000742673873901,0,0
/home/openssl-openssl-3.1.2/test/cmp_server_test.c,173,80,40,0.178855895996,0.00102710723877,0,0
/home/openssl-openssl-3.1.2/test/helpers/cmp_testlib.c,82,80,40,0.184698104858,0.000887870788574,0,0
/home/openssl-openssl-3.1.2/test/cmp_status_test.c,113,80,40,0.156479120255,0.00127792358398,0,0
/home/openssl-openssl-3.1.2/test/helpers/cmp_testlib.c,82,80,40,0.193470954895,0.000995874404907,0,0
/home/openssl-openssl-3.1.2/test/cmp_vfy_test.c,707,80,40,0.595113039017,0.000795125961304,0,0
/home/openssl-openssl-3.1.2/test/helpers/cmp_testlib.c,82,80,40,0.17123913765,0.00119495391846,0,0
/home/openssl-openssl-3.1.2/test/cmsapitest.c,413,80,40,0.222915172577,0.00215196609497,0,0
/home/openssl-openssl-3.1.2/test/conf_include_test.c,239,80,40,0.199897050858,0.00068998336792,0,0
/home/openssl-openssl-3.1.2/test/confdump.c,52,80,40,0.0488259792328,0.00320410728455,0,0
/home/openssl-openssl-3.1.2/test/constant_time_test.c,415,80,40,0.101656913757,0.000794887542725,0,0
/home/openssl-openssl-3.1.2/test/context_internal_test.c,56,80,40,0.0650789737701,0.00107097625732,0,0
/home/openssl-openssl-3.1.2/test/crltest.c,414,80,40,0.21429681778,0.00067400932312,0,0
/home/openssl-openssl-3.1.2/test/ct_test.c,528,80,40,0.229130983353,0.0013427734375,0,0
/home/openssl-openssl-3.1.2/test/ctype_internal_test.c,91,80,40,0.0982480049133,0.000828981399536,0,0
/home/openssl-openssl-3.1.2/test/curve448_internal_test.c,738,80,40,0.145557880402,0.00214886665344,0,0
/home/openssl-openssl-3.1.2/test/d2i_test.c,170,80,40,0.132421016693,0.00071907043457,0,0
/home/openssl-openssl-3.1.2/test/danetest.c,431,80,40,0.171459197998,0.000703811645508,0,0
/home/openssl-openssl-3.1.2/test/defltfips_test.c,109,80,40,0.0650708675385,0.000732183456421,0,0
/home/openssl-openssl-3.1.2/test/destest.c,896,80,40,0.406663179398,0.00132083892822,0,0
/home/openssl-openssl-3.1.2/test/dhtest.c,955,80,40,0.113401889801,0.00226211547852,0,0
/home/openssl-openssl-3.1.2/test/drbgtest.c,907,80,40,0.59712100029,0.00079083442688,0,0
/home/openssl-openssl-3.1.2/test/dsa_no_digest_size_test.c,252,80,40,0.132322072983,0.000826120376587,0,0
/home/openssl-openssl-3.1.2/test/dsatest.c,502,80,40,0.107892036438,0.000756978988647,0,0
/home/openssl-openssl-3.1.2/test/dtls_mtu_test.c,243,80,40,0.144165039062,0.000728845596313,0,0
/home/openssl-openssl-3.1.2/test/helpers/ssltestlib.c,1185,80,40,0.319241046906,0.000767946243286,0,0
/home/openssl-openssl-3.1.2/test/dtlstest.c,619,80,40,0.180688142776,0.000881910324097,0,0
/home/openssl-openssl-3.1.2/test/helpers/ssltestlib.c,1185,80,40,0.283241033554,0.0031270980835,0,0
/home/openssl-openssl-3.1.2/test/dtlsv1listentest.c,358,80,40,0.0810971260071,0.00219988822937,0,0
/home/openssl-openssl-3.1.2/test/ec_internal_test.c,463,80,40,0.189329862595,0.000924110412598,0,0
/home/openssl-openssl-3.1.2/test/ecdsatest.c,400,80,40,0.141480207443,0.000910043716431,0,0
/home/openssl-openssl-3.1.2/test/ecstresstest.c,157,80,40,0.14616394043,0.00152277946472,0,0
/home/openssl-openssl-3.1.2/test/ectest.c,3045,80,40,0.200344085693,0.00131988525391,0,0
/home/openssl-openssl-3.1.2/providers/legacyprov.c,202,80,40,0.0925900936127,0.000886917114258,0,0
/home/openssl-openssl-3.1.2/test/endecode_test.c,1505,80,40,1.76483082771,0.00084114074707,0,0
/home/openssl-openssl-3.1.2/test/helpers/predefined_dhparams.c,195,80,40,0.122256040573,0.000790119171143,0,0
/home/openssl-openssl-3.1.2/test/endecoder_legacy_test.c,732,80,40,0.151391029358,0.00278401374817,0,0
/home/openssl-openssl-3.1.2/test/enginetest.c,466,80,40,0.187003850937,0.000602960586548,0,0
/home/openssl-openssl-3.1.2/test/errtest.c,349,80,40,0.16646194458,0.0250720977783,0,0
/home/openssl-openssl-3.1.2/test/evp_extra_test.c,4895,80,40,1.03268408775,0.00354385375977,0,0
/home/openssl-openssl-3.1.2/test/evp_extra_test2.c,1293,80,40,0.154423952103,0.00177216529846,0,0
/home/openssl-openssl-3.1.2/test/evp_fetch_prov_test.c,393,80,40,0.196352958679,0.000671863555908,0,0
/home/openssl-openssl-3.1.2/test/evp_kdf_test.c,1874,80,40,0.281304121017,0.00116801261902,0,0
/home/openssl-openssl-3.1.2/test/evp_libctx_test.c,767,80,40,0.227782964706,0.00265574455261,0,0
/home/openssl-openssl-3.1.2/test/evp_pkey_ctx_new_from_name.c,15,80,40,0.0395748615265,0.00068998336792,0,0
/home/openssl-openssl-3.1.2/test/evp_pkey_dparams_test.c,325,80,40,0.122339010239,0.00228023529053,0,0
/home/openssl-openssl-3.1.2/test/evp_pkey_provided_test.c,1782,80,40,0.162907838821,0.00747013092041,0,0
/home/openssl-openssl-3.1.2/test/evp_test.c,4179,80,40,1.68547511101,0.0073127746582,1,1
/home/openssl-openssl-3.1.2/test/exdatatest.c,320,80,40,0.149491071701,0.00140976905823,0,0
/home/openssl-openssl-3.1.2/test/exptest.c,339,80,40,0.0975520610809,0.00131893157959,0,0
/home/openssl-openssl-3.1.2/test/ext_internal_test.c,106,80,40,0.0864808559418,0.0100562572479,0,0
/home/openssl-openssl-3.1.2/test/fatalerrtest.c,102,80,40,0.132258892059,0.00244402885437,0,0
/home/openssl-openssl-3.1.2/test/helpers/ssltestlib.c,1185,80,40,0.287312030792,0.00162291526794,0,0
/home/openssl-openssl-3.1.2/test/ffc_internal_test.c,714,80,40,0.0901720523834,0.000889778137207,0,0
/home/openssl-openssl-3.1.2/test/fips_version_test.c,79,80,40,0.14109992981,0.00174593925476,0,0
/home/openssl-openssl-3.1.2/test/gmdifftest.c,68,80,40,0.0722680091858,0.00103616714478,0,0
/home/openssl-openssl-3.1.2/test/hexstr_test.c,135,80,40,0.0821440219879,0.00115203857422,0,0
/home/openssl-openssl-3.1.2/test/hmactest.c,303,80,40,0.142987966537,0.000596284866333,0,0
/home/openssl-openssl-3.1.2/test/http_test.c,395,80,40,0.577437877655,0.00229787826538,0,0
/home/openssl-openssl-3.1.2/test/ideatest.c,127,80,40,0.128731966019,0.00113797187805,0,0
/home/openssl-openssl-3.1.2/test/igetest.c,463,80,40,0.234194993973,0.000709056854248,0,0
/home/openssl-openssl-3.1.2/test/keymgmt_internal_test.c,359,80,40,0.165404081345,0.000804901123047,0,0
/home/openssl-openssl-3.1.2/test/lhash_test.c,240,80,40,0.303592920303,0.00105977058411,0,0
/home/openssl-openssl-3.1.2/test/localetest.c,137,80,40,0.0870308876038,0.00089693069458,0,0
/home/openssl-openssl-3.1.2/test/mdc2_internal_test.c,78,80,40,0.0684130191803,0.00108289718628,0,0
/home/openssl-openssl-3.1.2/test/mdc2test.c,95,80,40,0.0643038749695,0.000669956207275,0,0
/home/openssl-openssl-3.1.2/test/memleaktest.c,63,80,40,0.0805809497833,0.00138807296753,0,0
/home/openssl-openssl-3.1.2/test/modes_internal_test.c,900,80,40,0.177008867264,0.00206017494202,0,0
/home/openssl-openssl-3.1.2/test/moduleloadtest.c,54,80,40,0.103429079056,0.00167202949524,0,0
/home/openssl-openssl-3.1.2/test/simpledynamic.c,79,80,40,0.0542478561401,0.000949144363403,0,0
/home/openssl-openssl-3.1.2/test/namemap_internal_test.c,184,80,40,0.116059064865,0.000732183456421,0,0
/home/openssl-openssl-3.1.2/test/nodefltctxtest.c,61,80,40,0.0959770679474,0.00126504898071,0,0
/home/openssl-openssl-3.1.2/test/ocspapitest.c,237,80,40,0.159315109253,0.000739812850952,0,0
/home/openssl-openssl-3.1.2/test/ossl_store_test.c,239,80,40,0.135600090027,0.000871896743774,0,0
/home/openssl-openssl-3.1.2/test/packettest.c,500,80,40,0.135494947433,0.00126481056213,0,0
/home/openssl-openssl-3.1.2/test/param_build_test.c,536,80,40,0.0938501358032,0.000605821609497,0,0
/home/openssl-openssl-3.1.2/test/params_api_test.c,716,80,40,0.298434019089,0.000805854797363,0,0
/home/openssl-openssl-3.1.2/test/params_conversion_test.c,374,80,40,0.142022132874,0.000646829605103,0,0
/home/openssl-openssl-3.1.2/test/params_test.c,669,80,40,0.190400838852,0.000718116760254,0,0
/home/openssl-openssl-3.1.2/test/pbelutest.c,51,80,40,0.0652389526367,0.000939130783081,0,0
/home/openssl-openssl-3.1.2/test/pbetest.c,137,80,40,0.126649856567,0.00254392623901,0,0
/home/openssl-openssl-3.1.2/test/pem_read_depr_test.c,217,80,40,0.131890058517,0.000802040100098,0,0
/home/openssl-openssl-3.1.2/test/pemtest.c,138,80,40,0.100940942764,0.000749111175537,0,0
/home/openssl-openssl-3.1.2/test/helpers/pkcs12.c,790,80,40,0.303925991058,0.00084400177002,0,0
/home/openssl-openssl-3.1.2/test/pkcs12_format_test.c,894,80,40,0.573869943619,0.000672101974487,0,0
/home/openssl-openssl-3.1.2/test/pkcs7_test.c,104,80,40,0.0732188224792,0.00259780883789,0,0
/home/openssl-openssl-3.1.2/test/pkey_meth_kdf_test.c,205,80,40,0.0831370353699,0.00073504447937,0,0
/home/openssl-openssl-3.1.2/test/pkey_meth_test.c,91,80,40,0.0666770935059,0.000608921051025,0,0
/home/openssl-openssl-3.1.2/test/poly1305_internal_test.c,1576,80,40,0.0724668502808,0.000846147537231,0,0
/home/openssl-openssl-3.1.2/test/property_test.c,696,80,40,0.128646850586,0.000922203063965,0,0
/home/openssl-openssl-3.1.2/test/prov_config_test.c,62,80,40,0.106163978577,0.000712871551514,0,0
/home/openssl-openssl-3.1.2/test/provfetchtest.c,298,80,40,0.134822130203,0.000685930252075,0,0
/home/openssl-openssl-3.1.2/test/provider_fallback_test.c,58,80,40,0.087070941925,0.000710964202881,0,0
/home/openssl-openssl-3.1.2/test/p_test.c,321,80,40,0.421038150787,0.0137748718262,2,2
/home/openssl-openssl-3.1.2/test/provider_internal_test.c,148,80,40,0.117239952087,0.000580072402954,0,0
/home/openssl-openssl-3.1.2/test/fake_rsaprov.c,532,80,40,0.47256398201,0.00167798995972,0,0
/home/openssl-openssl-3.1.2/test/provider_pkey_test.c,309,80,40,0.122434854507,0.00100612640381,0,0
/home/openssl-openssl-3.1.2/test/provider_status_test.c,246,80,40,0.166206121445,0.000629901885986,0,0
/home/openssl-openssl-3.1.2/test/p_test.c,321,80,40,0.412378072739,0.00977301597595,2,2
/home/openssl-openssl-3.1.2/test/provider_test.c,271,80,40,0.180774927139,0.00190711021423,0,0
/home/openssl-openssl-3.1.2/test/punycode_test.c,258,80,40,0.110642194748,0.00128293037415,0,0
/home/openssl-openssl-3.1.2/test/rand_status_test.c,28,80,40,0.0944149494171,0.000802040100098,0,0
/home/openssl-openssl-3.1.2/test/rand_test.c,54,80,40,0.0762388706207,0.00184392929077,0,0
/home/openssl-openssl-3.1.2/test/rc2test.c,75,80,40,0.0930061340332,0.000698089599609,0,0
/home/openssl-openssl-3.1.2/test/rc4test.c,135,80,40,0.184610128403,0.00190997123718,0,0
/home/openssl-openssl-3.1.2/test/rc5test.c,244,80,40,0.0512609481812,0.00134515762329,0,0
/home/openssl-openssl-3.1.2/test/rdcpu_sanitytest.c,151,80,40,0.0482988357544,0.00101900100708,0,0
/home/openssl-openssl-3.1.2/test/helpers/ssltestlib.c,1185,80,40,0.308491945267,0.00093412399292,0,0
/home/openssl-openssl-3.1.2/test/recordlentest.c,205,80,40,0.116173028946,0.00213193893433,0,0
/home/openssl-openssl-3.1.2/test/rsa_complex.c,33,80,40,0.0370399951935,0.00103783607483,0,0
/home/openssl-openssl-3.1.2/test/rsa_mp_test.c,297,80,40,0.687925815582,0.00075888633728,0,0
/home/openssl-openssl-3.1.2/test/rsa_sp800_56b_test.c,549,80,40,0.0869488716125,0.000956058502197,0,0
/home/openssl-openssl-3.1.2/test/rsa_test.c,401,80,40,0.166208028793,0.000667095184326,0,0
/home/openssl-openssl-3.1.2/test/sanitytest.c,144,80,40,0.134615898132,0.000877857208252,0,0
/home/openssl-openssl-3.1.2/test/secmemtest.c,184,80,40,0.124089002609,0.00101089477539,0,0
/home/openssl-openssl-3.1.2/test/helpers/ssltestlib.c,1185,80,40,0.285091876984,0.00164985656738,0,0
/home/openssl-openssl-3.1.2/test/servername_test.c,269,80,40,0.147791862488,0.000718832015991,0,0
/home/openssl-openssl-3.1.2/test/sha_test.c,111,80,40,0.186774015427,0.000803709030151,0,0
/home/openssl-openssl-3.1.2/test/shlibloadtest.c,293,80,40,0.265459060669,0.000694036483765,0,0
/home/openssl-openssl-3.1.2/test/simpledynamic.c,79,80,40,0.0719909667969,0.000759124755859,0,0
/home/openssl-openssl-3.1.2/test/siphash_internal_test.c,292,80,40,0.0890700817108,0.00165390968323,0,0
/home/openssl-openssl-3.1.2/test/sm2_internal_test.c,429,80,40,0.252478837967,0.00107622146606,0,0
/home/openssl-openssl-3.1.2/test/sm3_internal_test.c,85,80,40,0.0662620067596,0.0011670589447,0,0
/home/openssl-openssl-3.1.2/test/sm4_internal_test.c,87,80,40,0.0743820667267,0.000450849533081,0,0
/home/openssl-openssl-3.1.2/test/sparse_array_test.c,198,80,40,0.176213979721,0.000802040100098,0,0
/home/openssl-openssl-3.1.2/test/srptest.c,283,80,40,0.218798160553,0.000937938690186,0,0
/home/openssl-openssl-3.1.2/test/ssl_cert_table_internal_test.c,66,80,40,0.0770709514618,0.00101685523987,0,0
/home/openssl-openssl-3.1.2/test/ssl_ctx_test.c,77,80,40,0.0856139659882,0.00189518928528,0,0
/home/openssl-openssl-3.1.2/test/helpers/predefined_dhparams.c,195,80,40,0.16846203804,0.00175476074219,0,0
/home/openssl-openssl-3.1.2/test/ssl_old_test.c,3000,80,40,0.582402944565,0.0218381881714,0,0
/home/openssl-openssl-3.1.2/test/helpers/handshake.c,1755,80,40,5.59394216537,0.0250289440155,0,0
/home/openssl-openssl-3.1.2/test/helpers/handshake_srp.c,88,80,40,0.2728099823,0.00614786148071,0,0
/home/openssl-openssl-3.1.2/test/helpers/ssl_test_ctx.c,909,80,40,2.87974190712,0.00729894638062,0,0
/home/openssl-openssl-3.1.2/test/ssl_test.c,578,80,40,1.37335109711,0.00209903717041,0,0
/home/openssl-openssl-3.1.2/test/helpers/ssl_test_ctx.c,909,80,40,2.85881209373,0.00273299217224,0,0
/home/openssl-openssl-3.1.2/test/ssl_test_ctx_test.c,265,80,40,0.619809865952,0.00899195671082,0,0
/home/openssl-openssl-3.1.2/test/helpers/ssltestlib.c,1185,80,40,1.05853199959,0.00318717956543,0,0
/home/openssl-openssl-3.1.2/test/filterprov.c,239,80,40,0.561700105667,0.0018138885498,0,0
/home/openssl-openssl-3.1.2/test/sslapitest.c,10937,80,40,4.82167887688,0.0109632015228,0,0
/home/openssl-openssl-3.1.2/test/tls-provider.c,858,80,40,1.55505299568,0.00508403778076,0,0
/home/openssl-openssl-3.1.2/test/helpers/ssltestlib.c,1185,80,40,1.11191892624,0.00394129753113,0,0
/home/openssl-openssl-3.1.2/test/sslbuffertest.c,184,80,40,0.41861987114,0.00233817100525,0,0
/home/openssl-openssl-3.1.2/test/helpers/ssltestlib.c,1185,80,40,0.928390979767,0.00403523445129,0,0
/home/openssl-openssl-3.1.2/test/sslcorrupttest.c,281,80,40,0.802775144577,0.00589108467102,0,0
/home/openssl-openssl-3.1.2/test/stack_test.c,389,80,40,3.31693387032,0.00254392623901,0,0
/home/openssl-openssl-3.1.2/test/sysdefaulttest.c,51,80,40,0.242613077164,0.00409412384033,0,0
/home/openssl-openssl-3.1.2/test/test_test.c,580,80,40,0.502398014069,0.00871801376343,0,0
/home/openssl-openssl-3.1.2/test/threadstest.c,726,80,40,1.27233695984,0.00299906730652,0,0
/home/openssl-openssl-3.1.2/test/threadstest_fips.c,50,80,40,0.351316928864,0.00210690498352,0,0
/home/openssl-openssl-3.1.2/test/time_offset_test.c,114,80,40,0.223462104797,0.0076789855957,0,0
/home/openssl-openssl-3.1.2/test/timing_load_creds.c,216,80,40,0.587641954422,0.239439964294,1,1
/home/openssl-openssl-3.1.2/test/helpers/ssltestlib.c,1185,80,40,1.13259792328,0.00475811958313,0,0
/home/openssl-openssl-3.1.2/test/tls13ccstest.c,513,80,40,0.694960832596,0.00390076637268,0,0
/home/openssl-openssl-3.1.2/test/tls13encryptiontest.c,418,80,40,0.427353858948,0.0020797252655,0,0
/home/openssl-openssl-3.1.2/crypto/packet.c,513,80,40,1.23281121254,0.00260186195374,0,0
/home/openssl-openssl-3.1.2/ssl/tls13_enc.c,897,80,40,1.24550890923,0.00185084342957,0,0
/home/openssl-openssl-3.1.2/test/tls13secretstest.c,409,80,40,0.585521936417,0.00213813781738,0,0
/home/openssl-openssl-3.1.2/test/trace_api_test.c,165,80,40,0.264193058014,0.00211095809937,0,0
/home/openssl-openssl-3.1.2/apps/lib/apps_ui.c,224,80,40,0.848959922791,0.00269222259521,0,0
/home/openssl-openssl-3.1.2/test/uitest.c,95,80,40,0.278200149536,0.00355887413025,0,0
/home/openssl-openssl-3.1.2/test/upcallstest.c,167,80,40,0.279269933701,0.0065131187439,0,0
/home/openssl-openssl-3.1.2/test/user_property_test.c,133,80,40,0.355376005173,0.00236892700195,0,0
/home/openssl-openssl-3.1.2/test/v3ext.c,479,80,40,0.527500867844,0.00203704833984,0,0
/home/openssl-openssl-3.1.2/test/v3nametest.c,717,80,40,1.3494489193,0.00240921974182,0,0
/home/openssl-openssl-3.1.2/test/verify_extra_test.c,342,80,40,1.11099600792,0.00781488418579,0,0
/home/openssl-openssl-3.1.2/test/versions.c,22,80,40,0.146682024002,0.00698208808899,0,0
/home/openssl-openssl-3.1.2/test/wpackettest.c,446,80,40,2.50212311745,0.00312113761902,0,0
/home/openssl-openssl-3.1.2/test/x509_check_cert_pkey_test.c,180,80,40,0.44109082222,0.00321006774902,0,0
/home/openssl-openssl-3.1.2/test/x509_dup_cert_test.c,54,80,40,0.370656967163,0.0128190517426,0,0
/home/openssl-openssl-3.1.2/test/x509_internal_test.c,111,80,40,0.296926021576,0.00535893440247,0,0
/home/openssl-openssl-3.1.2/test/x509_time_test.c,605,80,40,0.455956935883,0.00261330604553,0,0
/home/openssl-openssl-3.1.2/test/x509aux.c,186,80,40,0.295300960541,0.00384020805359,0,0
