Filename, Loc, LoS,  #protocols, Analysis Time(s), Repair Time(s), Failed Assertion, Succeed
/home/openssl-openssl-3.0.0/apps/lib/app_libctx.c,49,80,40,0.111610889435,0.00222826004028,0,0
/home/openssl-openssl-3.0.0/apps/lib/app_params.c,133,80,40,0.0580468177795,0.00107622146606,0,0
/home/openssl-openssl-3.0.0/apps/lib/app_provider.c,93,80,40,0.552006959915,0.00103306770325,0,0
/home/openssl-openssl-3.0.0/apps/lib/app_rand.c,117,80,40,0.0946450233459,0.000895977020264,0,0
/home/openssl-openssl-3.0.0/apps/lib/app_x509.c,138,80,40,0.163043022156,0.0011899471283,0,0
/home/openssl-openssl-3.0.0/apps/lib/apps.c,3338,80,40,1.96855711937,0.00111699104309,0,0
/home/openssl-openssl-3.0.0/apps/lib/apps_ui.c,224,80,40,0.257281780243,0.00361704826355,0,0
/home/openssl-openssl-3.0.0/apps/lib/columns.c,28,80,40,0.0249321460724,0.000960111618042,0,0
/home/openssl-openssl-3.0.0/apps/lib/engine.c,194,80,40,0.191082000732,0.00134992599487,0,0
/home/openssl-openssl-3.0.0/apps/lib/engine_loader.c,204,80,40,0.128696918488,0.000933885574341,0,0
/home/openssl-openssl-3.0.0/apps/lib/fmt.c,16,80,40,0.0246381759644,0.000718832015991,0,0
/home/openssl-openssl-3.0.0/apps/lib/http_server.c,533,80,40,0.183403968811,0.000651121139526,0,0
/home/openssl-openssl-3.0.0/apps/lib/names.c,49,80,40,0.0425760746002,0.000592947006226,0,0
/home/openssl-openssl-3.0.0/apps/lib/opt.c,1199,80,40,0.777509212494,0.0374648571014,1,1
/home/openssl-openssl-3.0.0/apps/lib/s_cb.c,1546,80,40,0.260475158691,0.000759840011597,0,0
/home/openssl-openssl-3.0.0/apps/lib/s_socket.c,456,80,40,0.116351127625,0.00135374069214,0,0
/home/openssl-openssl-3.0.0/apps/lib/tlssrp_depr.c,232,80,40,0.180130004883,0.000669240951538,0,0
/home/openssl-openssl-3.0.0/crypto/aes/aes_cfb.c,50,80,40,0.0129859447479,0.000851154327393,0,0
/home/openssl-openssl-3.0.0/crypto/aes/aes_ecb.c,33,80,40,0.022912979126,0.000935792922974,0,0
/home/openssl-openssl-3.0.0/crypto/aes/aes_ige.c,302,80,40,0.0310230255127,0.00272917747498,0,0
/home/openssl-openssl-3.0.0/crypto/aes/aes_misc.c,24,80,40,0.040198802948,0.000854015350342,0,0
/home/openssl-openssl-3.0.0/crypto/aes/aes_ofb.c,26,80,40,0.012277841568,0.000785112380981,0,0
/home/openssl-openssl-3.0.0/crypto/aes/aes_wrap.c,34,80,40,0.0589680671692,0.001060962677,0,0
/home/openssl-openssl-3.0.0/crypto/aria/aria.c,1213,80,40,0.215185880661,0.00209307670593,0,0
/home/openssl-openssl-3.0.0/crypto/asn1/a_bitstr.c,217,80,40,0.15934920311,0.00120091438293,0,0
/home/openssl-openssl-3.0.0/crypto/asn1/a_d2i_fp.c,254,80,40,0.147857904434,0.00106883049011,0,0
/home/openssl-openssl-3.0.0/crypto/asn1/a_digest.c,95,80,40,0.127552032471,0.00120306015015,0,0
/home/openssl-openssl-3.0.0/crypto/asn1/a_dup.c,98,80,40,0.0537338256836,0.00246906280518,0,0
/home/openssl-openssl-3.0.0/crypto/asn1/a_gentm.c,87,80,40,0.206635951996,0.00154709815979,0,0
/home/openssl-openssl-3.0.0/crypto/asn1/a_i2d_fp.c,130,80,40,0.0863819122314,0.00168800354004,0,0
/home/openssl-openssl-3.0.0/crypto/asn1/a_int.c,644,80,40,0.589687108994,0.000678062438965,0,0
/home/openssl-openssl-3.0.0/crypto/asn1/a_mbstr.c,351,80,40,0.205003023148,0.000837802886963,0,0
/home/openssl-openssl-3.0.0/crypto/asn1/a_object.c,394,80,40,0.234290838242,0.00253081321716,0,0
/home/openssl-openssl-3.0.0/crypto/asn1/a_octet.c,30,80,40,0.0976898670197,0.00106024742126,0,0
/home/openssl-openssl-3.0.0/crypto/asn1/a_print.c,97,80,40,0.149831056595,0.00120997428894,0,0
/home/openssl-openssl-3.0.0/crypto/asn1/a_sign.c,302,80,40,0.136015176773,0.000805854797363,0,0
/home/openssl-openssl-3.0.0/crypto/asn1/a_strex.c,629,80,40,0.33466386795,0.00192189216614,0,0
/home/openssl-openssl-3.0.0/crypto/asn1/a_strnid.c,223,80,40,0.301591157913,0.00141787528992,0,0
/home/openssl-openssl-3.0.0/crypto/asn1/a_time.c,592,80,40,0.504409074783,0.000846147537231,0,0
/home/openssl-openssl-3.0.0/crypto/asn1/a_type.c,139,80,40,0.163289785385,0.00218200683594,0,0
/home/openssl-openssl-3.0.0/crypto/asn1/a_utctm.c,102,80,40,0.223664999008,0.00210309028625,0,0
/home/openssl-openssl-3.0.0/crypto/asn1/a_utf8.c,138,80,40,0.233735084534,0.00367879867554,0,0
/home/openssl-openssl-3.0.0/crypto/asn1/a_verify.c,225,80,40,0.121402978897,0.000683069229126,0,0
/home/openssl-openssl-3.0.0/crypto/asn1/ameth_lib.c,439,80,40,0.332273960114,0.00217199325562,0,0
/home/openssl-openssl-3.0.0/crypto/asn1/asn1_err.c,213,80,40,0.0537991523743,0.00147581100464,0,0
/home/openssl-openssl-3.0.0/crypto/asn1/asn1_gen.c,787,80,40,0.442384958267,0.0271763801575,2,2
/home/openssl-openssl-3.0.0/crypto/asn1/asn1_item_list.c,46,80,40,0.0764129161835,0.000680208206177,0,0
/home/openssl-openssl-3.0.0/crypto/asn1/asn1_lib.c,471,80,40,0.290889978409,0.00155305862427,0,0
/home/openssl-openssl-3.0.0/crypto/asn1/asn1_parse.c,388,80,40,0.167784929276,0.00165700912476,0,0
/home/openssl-openssl-3.0.0/crypto/asn1/asn_mime.c,1020,80,40,0.457192897797,0.000890970230103,0,0
/home/openssl-openssl-3.0.0/crypto/asn1/asn_moid.c,101,80,40,0.0635058879852,0.000791072845459,0,0
/home/openssl-openssl-3.0.0/crypto/asn1/asn_mstbl.c,114,80,40,0.157871007919,0.0186200141907,2,2
/home/openssl-openssl-3.0.0/crypto/asn1/asn_pack.c,63,80,40,0.0883340835571,0.000958919525146,0,0
/home/openssl-openssl-3.0.0/crypto/asn1/bio_asn1.c,450,80,40,0.360614061356,0.003751039505,0,0
/home/openssl-openssl-3.0.0/crypto/asn1/bio_ndef.c,210,80,40,0.0864329338074,0.000809907913208,0,0
/home/openssl-openssl-3.0.0/crypto/asn1/d2i_param.c,66,80,40,0.048663854599,0.00145626068115,0,0
/home/openssl-openssl-3.0.0/crypto/asn1/d2i_pr.c,236,80,40,0.177659988403,0.00850820541382,0,0
/home/openssl-openssl-3.0.0/crypto/asn1/d2i_pu.c,82,80,40,0.0632140636444,0.00177717208862,0,0
/home/openssl-openssl-3.0.0/crypto/asn1/evp_asn1.c,188,80,40,0.161622047424,0.00159883499146,0,0
/home/openssl-openssl-3.0.0/crypto/asn1/f_int.c,156,80,40,0.161142110825,0.00135183334351,0,0
/home/openssl-openssl-3.0.0/crypto/asn1/f_string.c,136,80,40,0.130079984665,0.00139188766479,0,0
/home/openssl-openssl-3.0.0/crypto/asn1/i2d_evp.c,150,80,40,0.233026027679,0.000810861587524,0,0
/home/openssl-openssl-3.0.0/crypto/asn1/n_pkey.c,59,80,40,0.210750102997,0.00105500221252,0,0
/home/openssl-openssl-3.0.0/crypto/asn1/nsseq.c,35,80,40,0.146957874298,0.000813007354736,0,0
/home/openssl-openssl-3.0.0/crypto/asn1/p5_pbe.c,114,80,40,0.235673189163,0.00181579589844,0,0
/home/openssl-openssl-3.0.0/crypto/asn1/p5_pbev2.c,247,80,40,0.3414311409,0.000811100006104,0,0
/home/openssl-openssl-3.0.0/crypto/asn1/p5_scrypt.c,287,80,40,0.219272851944,0.00120615959167,0,0
/home/openssl-openssl-3.0.0/crypto/asn1/p8_pkey.c,92,80,40,0.157338857651,0.00374484062195,0,0
/home/openssl-openssl-3.0.0/crypto/asn1/t_bitst.c,57,80,40,0.104272842407,0.000948429107666,0,0
/home/openssl-openssl-3.0.0/crypto/asn1/t_pkey.c,94,80,40,0.0995309352875,0.00193405151367,0,0
/home/openssl-openssl-3.0.0/crypto/asn1/t_spki.c,57,80,40,0.0429961681366,0.000730752944946,0,0
/home/openssl-openssl-3.0.0/crypto/asn1/tasn_dec.c,1223,80,40,0.475994825363,0.00103902816772,0,0
/home/openssl-openssl-3.0.0/crypto/asn1/tasn_enc.c,647,80,40,0.490350961685,0.000689029693604,0,0
/home/openssl-openssl-3.0.0/crypto/asn1/tasn_fre.c,209,80,40,0.030690908432,0.0029399394989,0,0
/home/openssl-openssl-3.0.0/crypto/asn1/tasn_new.c,349,80,40,0.179665803909,0.00217294692993,0,0
/home/openssl-openssl-3.0.0/crypto/asn1/tasn_prn.c,540,80,40,0.20655798912,0.000877857208252,0,0
/home/openssl-openssl-3.0.0/crypto/asn1/tasn_scn.c,66,80,40,0.0485949516296,0.000922203063965,0,0
/home/openssl-openssl-3.0.0/crypto/asn1/tasn_typ.c,85,80,40,1.26590013504,0.000869989395142,0,0
/home/openssl-openssl-3.0.0/crypto/asn1/tasn_utl.c,287,80,40,0.249644041061,0.000827074050903,0,0
/home/openssl-openssl-3.0.0/crypto/asn1/x_algor.c,191,80,40,0.386193037033,0.00208592414856,0,0
/home/openssl-openssl-3.0.0/crypto/asn1/x_bignum.c,158,80,40,0.134641170502,0.000916957855225,0,0
/home/openssl-openssl-3.0.0/crypto/asn1/x_info.c,40,80,40,0.0449819564819,0.00115299224854,0,0
/home/openssl-openssl-3.0.0/crypto/asn1/x_int64.c,292,80,40,0.297424077988,0.00191307067871,0,0
/home/openssl-openssl-3.0.0/crypto/asn1/x_long.c,197,80,40,0.216755867004,0.00107622146606,0,0
/home/openssl-openssl-3.0.0/crypto/asn1/x_pkey.c,48,80,40,0.0502729415894,0.00180721282959,0,0
/home/openssl-openssl-3.0.0/crypto/asn1/x_sig.c,40,80,40,0.13657617569,0.000986814498901,0,0
/home/openssl-openssl-3.0.0/crypto/asn1/x_spki.c,29,80,40,0.180795907974,0.000621318817139,0,0
/home/openssl-openssl-3.0.0/crypto/asn1/x_val.c,21,80,40,0.114681959152,0.00251126289368,0,0
/home/openssl-openssl-3.0.0/crypto/async/arch/async_null.c,24,80,40,0.000507116317749,0.000714778900146,0,0
/home/openssl-openssl-3.0.0/crypto/async/arch/async_posix.c,61,80,40,0.0688369274139,0.000715017318726,0,0
/home/openssl-openssl-3.0.0/crypto/async/arch/async_win.c,60,80,40,0.000864028930664,0.00107574462891,0,0
/home/openssl-openssl-3.0.0/crypto/async/async.c,480,80,40,0.207339048386,0.00218200683594,0,0
/home/openssl-openssl-3.0.0/crypto/async/async_err.c,38,80,40,0.0528841018677,0.00127696990967,0,0
/home/openssl-openssl-3.0.0/crypto/async/async_wait.c,249,80,40,0.106115102768,0.00135397911072,0,0
/home/openssl-openssl-3.0.0/crypto/bf/bf_cfb64.c,81,80,40,0.0207870006561,0.00136613845825,0,0
/home/openssl-openssl-3.0.0/crypto/bf/bf_ecb.c,50,80,40,0.0524599552155,0.0021870136261,0,0
/home/openssl-openssl-3.0.0/crypto/bf/bf_enc.c,182,80,40,0.0283989906311,0.000720977783203,0,0
/home/openssl-openssl-3.0.0/crypto/bf/bf_ofb64.c,68,80,40,0.0245499610901,0.00061297416687,0,0
/home/openssl-openssl-3.0.0/crypto/bf/bf_skey.c,74,80,40,0.0210869312286,0.00171494483948,0,0
/home/openssl-openssl-3.0.0/crypto/bio/bf_buff.c,471,80,40,0.225342035294,0.00267291069031,0,0
/home/openssl-openssl-3.0.0/crypto/bio/bf_lbuf.c,320,80,40,0.258397102356,0.00119113922119,0,0
/home/openssl-openssl-3.0.0/crypto/bio/bf_nbio.c,192,80,40,0.226003170013,0.00576186180115,0,0
/home/openssl-openssl-3.0.0/crypto/bio/bf_null.c,114,80,40,0.152776002884,0.00213479995728,0,0
/home/openssl-openssl-3.0.0/crypto/bio/bf_prefix.c,208,80,40,0.264652967453,0.000784873962402,0,0
/home/openssl-openssl-3.0.0/crypto/bio/bf_readbuff.c,289,80,40,0.172195911407,0.000596284866333,0,0
/home/openssl-openssl-3.0.0/crypto/bio/bio_addr.c,940,80,40,0.264295816422,0.000914096832275,0,0
/home/openssl-openssl-3.0.0/crypto/bio/bio_cb.c,115,80,40,0.0414838790894,0.00278496742249,0,0
/home/openssl-openssl-3.0.0/crypto/bio/bio_dump.c,154,80,40,0.27144908905,0.00149703025818,0,0
/home/openssl-openssl-3.0.0/crypto/bio/bio_err.c,87,80,40,0.0478708744049,0.00169706344604,0,0
/home/openssl-openssl-3.0.0/crypto/bio/bio_lib.c,974,80,40,0.466412067413,0.000964164733887,0,0
/home/openssl-openssl-3.0.0/crypto/bio/bio_meth.c,221,80,40,0.155104160309,0.000772953033447,0,0
/home/openssl-openssl-3.0.0/crypto/bio/bio_print.c,941,80,40,0.231513023376,0.000861167907715,0,0
/home/openssl-openssl-3.0.0/crypto/bio/bio_sock.c,414,80,40,0.279309988022,0.000756025314331,0,0
/home/openssl-openssl-3.0.0/crypto/bio/bio_sock2.c,343,80,40,0.306997060776,0.00208306312561,0,0
/home/openssl-openssl-3.0.0/crypto/bio/bss_acpt.c,576,80,40,0.135843038559,0.0012640953064,0,0
/home/openssl-openssl-3.0.0/crypto/bio/bss_bio.c,807,80,40,0.369345903397,0.00166583061218,0,0
/home/openssl-openssl-3.0.0/crypto/bio/bss_conn.c,612,80,40,0.128515005112,0.00075101852417,0,0
/home/openssl-openssl-3.0.0/crypto/bio/bss_core.c,189,80,40,0.348871946335,0.00251698493958,0,0
/home/openssl-openssl-3.0.0/crypto/bio/bss_dgram.c,1941,80,40,0.1549949646,0.00267004966736,0,0
/home/openssl-openssl-3.0.0/crypto/bio/bss_fd.c,284,80,40,0.139898061752,0.00374412536621,0,0
/home/openssl-openssl-3.0.0/crypto/bio/bss_file.c,431,80,40,0.124203920364,0.00100088119507,0,0
/home/openssl-openssl-3.0.0/crypto/bio/bss_log.c,418,80,40,0.107982873917,0.001868724823,0,0
/home/openssl-openssl-3.0.0/crypto/bio/bss_mem.c,388,80,40,0.24937415123,0.0022599697113,0,0
/home/openssl-openssl-3.0.0/crypto/bio/bss_null.c,86,80,40,0.136181116104,0.00134992599487,0,0
/home/openssl-openssl-3.0.0/crypto/bio/bss_sock.c,288,80,40,0.145243883133,0.000906229019165,0,0
/home/openssl-openssl-3.0.0/crypto/bio/ossl_core_bio.c,125,80,40,0.266292095184,0.00178194046021,0,0
/home/openssl-openssl-3.0.0/crypto/bn/asm/x86_64-gcc.c,643,80,40,0.109643936157,0.000980138778687,0,0
/home/openssl-openssl-3.0.0/crypto/bn/bn_add.c,172,80,40,0.099555015564,0.0011842250824,0,0
/home/openssl-openssl-3.0.0/crypto/bn/bn_blind.c,313,80,40,0.231112957001,0.000924110412598,0,0
/home/openssl-openssl-3.0.0/crypto/bn/bn_const.c,154,80,40,0.209776878357,0.00167298316956,0,0
/home/openssl-openssl-3.0.0/crypto/bn/bn_conv.c,288,80,40,0.147999048233,0.00126791000366,0,0
/home/openssl-openssl-3.0.0/crypto/bn/bn_ctx.c,371,80,40,0.148461103439,0.00107479095459,0,0
/home/openssl-openssl-3.0.0/crypto/bn/bn_depr.c,64,80,40,0.097128868103,0.00306391716003,0,0
/home/openssl-openssl-3.0.0/crypto/bn/bn_dh.c,1055,80,40,0.000932216644287,0.000805854797363,0,0
/home/openssl-openssl-3.0.0/crypto/bn/bn_div.c,459,80,40,0.153570175171,0.00183272361755,0,0
/home/openssl-openssl-3.0.0/crypto/bn/bn_err.c,56,80,40,0.0397689342499,0.000932931900024,0,0
/home/openssl-openssl-3.0.0/crypto/bn/bn_exp.c,1474,80,40,0.166383981705,0.00143909454346,0,0
/home/openssl-openssl-3.0.0/crypto/bn/bn_exp2.c,202,80,40,0.082309961319,0.00124001502991,0,0
/home/openssl-openssl-3.0.0/crypto/bn/bn_gcd.c,646,80,40,0.11535692215,0.00158190727234,0,0
/home/openssl-openssl-3.0.0/crypto/bn/bn_gf2m.c,1192,80,40,0.202958106995,0.00091290473938,0,0
/home/openssl-openssl-3.0.0/crypto/bn/bn_intern.c,200,80,40,0.107559204102,0.00195693969727,0,0
/home/openssl-openssl-3.0.0/crypto/bn/bn_kron.c,141,80,40,0.0853250026703,0.00120902061462,0,0
/home/openssl-openssl-3.0.0/crypto/bn/bn_lib.c,1041,80,40,0.720880031586,0.000923156738281,0,0
/home/openssl-openssl-3.0.0/crypto/bn/bn_mod.c,326,80,40,0.280043840408,0.000968217849731,0,0
/home/openssl-openssl-3.0.0/crypto/bn/bn_mont.c,470,80,40,0.196336984634,0.001296043396,0,0
/home/openssl-openssl-3.0.0/crypto/bn/bn_mpi.c,87,80,40,0.0578770637512,0.00102782249451,0,0
/home/openssl-openssl-3.0.0/crypto/bn/bn_mul.c,685,80,40,0.120810985565,0.00233221054077,0,0
/home/openssl-openssl-3.0.0/crypto/bn/bn_nist.c,1240,80,40,0.455950021744,0.00203919410706,0,0
/home/openssl-openssl-3.0.0/crypto/bn/bn_prime.c,608,80,40,0.440002918243,0.00510811805725,0,0
/home/openssl-openssl-3.0.0/crypto/bn/bn_print.c,73,80,40,0.113485097885,0.0018458366394,0,0
/home/openssl-openssl-3.0.0/crypto/bn/bn_rand.c,322,80,40,0.367136001587,0.000771045684814,0,0
/home/openssl-openssl-3.0.0/crypto/bn/bn_recp.c,195,80,40,0.114920854568,0.000965118408203,0,0
/home/openssl-openssl-3.0.0/crypto/bn/bn_rsa_fips186_4.c,347,80,40,0.278820037842,0.00286507606506,0,0
/home/openssl-openssl-3.0.0/crypto/bn/bn_shift.c,217,80,40,0.130753040314,0.00102305412292,0,0
/home/openssl-openssl-3.0.0/crypto/bn/bn_sqr.c,240,80,40,0.0749409198761,0.00176787376404,0,0
/home/openssl-openssl-3.0.0/crypto/bn/bn_sqrt.c,363,80,40,0.078742980957,0.00115323066711,0,0
/home/openssl-openssl-3.0.0/crypto/bn/bn_srp.c,546,80,40,0.000756978988647,0.00072169303894,0,0
/home/openssl-openssl-3.0.0/crypto/bn/bn_word.c,202,80,40,0.168651819229,0.00129818916321,0,0
/home/openssl-openssl-3.0.0/crypto/bn/bn_x931p.c,249,80,40,0.0926280021667,0.00140500068665,0,0
/home/openssl-openssl-3.0.0/crypto/bn/rsaz_exp.c,316,80,40,0.0269048213959,0.00199580192566,0,0
/home/openssl-openssl-3.0.0/crypto/bn/rsaz_exp_x2.c,549,80,40,0.076728105545,0.00107192993164,0,0
/home/openssl-openssl-3.0.0/crypto/buffer/buf_err.c,31,80,40,0.0568079948425,0.00192093849182,0,0
/home/openssl-openssl-3.0.0/crypto/buffer/buffer.c,166,80,40,0.0956308841705,0.0011830329895,0,0
/home/openssl-openssl-3.0.0/crypto/camellia/cmll_cfb.c,50,80,40,0.0126669406891,0.0036141872406,0,0
/home/openssl-openssl-3.0.0/crypto/camellia/cmll_ctr.c,29,80,40,0.0127160549164,0.0011100769043,0,0
/home/openssl-openssl-3.0.0/crypto/camellia/cmll_ecb.c,27,80,40,0.0254590511322,0.00118613243103,0,0
/home/openssl-openssl-3.0.0/crypto/camellia/cmll_misc.c,42,80,40,0.0878109931946,0.000861883163452,0,0
/home/openssl-openssl-3.0.0/crypto/camellia/cmll_ofb.c,31,80,40,0.0140509605408,0.00158286094666,0,0
/home/openssl-openssl-3.0.0/crypto/cast/c_cfb64.c,81,80,40,0.0215840339661,0.0011739730835,0,0
/home/openssl-openssl-3.0.0/crypto/cast/c_ecb.c,39,80,40,0.0252139568329,0.00170302391052,0,0
/home/openssl-openssl-3.0.0/crypto/cast/c_enc.c,158,80,40,0.0600271224976,0.00196981430054,0,0
/home/openssl-openssl-3.0.0/crypto/cast/c_ofb64.c,68,80,40,0.0273458957672,0.000864028930664,0,0
/home/openssl-openssl-3.0.0/crypto/cast/c_skey.c,125,80,40,0.0530052185059,0.000746965408325,0,0
/home/openssl-openssl-3.0.0/crypto/cmac/cmac.c,250,80,40,0.140608787537,0.00154709815979,0,0
/home/openssl-openssl-3.0.0/crypto/cmp/cmp_asn.c,460,80,40,1.21044898033,0.00167179107666,0,0
/home/openssl-openssl-3.0.0/crypto/cmp/cmp_client.c,888,80,40,0.238919973373,0.00295686721802,0,0
/home/openssl-openssl-3.0.0/crypto/cmp/cmp_ctx.c,1137,80,40,0.377840042114,0.00143504142761,0,0
/home/openssl-openssl-3.0.0/crypto/cmp/cmp_err.c,176,80,40,0.0411458015442,0.000813007354736,0,0
/home/openssl-openssl-3.0.0/crypto/cmp/cmp_hdr.c,370,80,40,0.419990062714,0.00114393234253,0,0
/home/openssl-openssl-3.0.0/crypto/cmp/cmp_http.c,104,80,40,0.0825028419495,0.00149631500244,0,0
/home/openssl-openssl-3.0.0/crypto/cmp/cmp_msg.c,1171,80,40,0.561741113663,0.00240397453308,0,0
/home/openssl-openssl-3.0.0/crypto/cmp/cmp_protect.c,333,80,40,0.136084079742,0.00311994552612,0,0
/home/openssl-openssl-3.0.0/crypto/cmp/cmp_server.c,645,80,40,0.25559592247,0.00147485733032,0,0
/home/openssl-openssl-3.0.0/crypto/cmp/cmp_status.c,311,80,40,0.227217912674,0.000669002532959,0,0
/home/openssl-openssl-3.0.0/crypto/cmp/cmp_util.c,287,80,40,0.195151090622,0.00249695777893,0,0
/home/openssl-openssl-3.0.0/crypto/cmp/cmp_vfy.c,853,80,40,0.222074985504,0.00168609619141,0,0
/home/openssl-openssl-3.0.0/crypto/cms/cms_asn1.c,416,80,40,0.160351991653,0.00990223884583,0,0
/home/openssl-openssl-3.0.0/crypto/cms/cms_att.c,286,80,40,0.390869855881,0.000733137130737,0,0
/home/openssl-openssl-3.0.0/crypto/cms/cms_cd.c,84,80,40,0.00512003898621,0.00202512741089,0,0
/home/openssl-openssl-3.0.0/crypto/cms/cms_dd.c,103,80,40,0.116465806961,0.00171065330505,0,0
/home/openssl-openssl-3.0.0/crypto/cms/cms_dh.c,344,80,40,0.174022912979,0.0014066696167,0,0
/home/openssl-openssl-3.0.0/crypto/cms/cms_ec.c,414,80,40,0.210355997086,0.00114679336548,0,0
/home/openssl-openssl-3.0.0/crypto/cms/cms_enc.c,250,80,40,0.168781995773,0.000957012176514,0,0
/home/openssl-openssl-3.0.0/crypto/cms/cms_env.c,1337,80,40,0.689951181412,0.000836849212646,0,0
/home/openssl-openssl-3.0.0/crypto/cms/cms_err.c,177,80,40,0.0426459312439,0.00122404098511,0,0
/home/openssl-openssl-3.0.0/crypto/cms/cms_ess.c,418,80,40,0.327562093735,0.00168180465698,0,0
/home/openssl-openssl-3.0.0/crypto/cms/cms_io.c,116,80,40,0.341089963913,0.000863075256348,0,0
/home/openssl-openssl-3.0.0/crypto/cms/cms_kari.c,524,80,40,0.226589202881,0.000804901123047,0,0
/home/openssl-openssl-3.0.0/crypto/cms/cms_lib.c,729,80,40,0.509895086288,0.000741958618164,0,0
/home/openssl-openssl-3.0.0/crypto/cms/cms_pwri.c,402,80,40,0.179338216782,0.000917673110962,0,0
/home/openssl-openssl-3.0.0/crypto/cms/cms_rsa.c,254,80,40,0.255836009979,0.00904297828674,0,0
/home/openssl-openssl-3.0.0/crypto/cms/cms_sd.c,1092,80,40,0.41418504715,0.00084400177002,0,0
/home/openssl-openssl-3.0.0/crypto/cms/cms_smime.c,958,80,40,0.259551048279,0.000725030899048,0,0
/home/openssl-openssl-3.0.0/crypto/comp/c_zlib.c,638,80,40,0.0595481395721,0.00248599052429,0,0
/home/openssl-openssl-3.0.0/crypto/comp/comp_err.c,42,80,40,0.0515909194946,0.00122499465942,0,0
/home/openssl-openssl-3.0.0/crypto/comp/comp_lib.c,94,80,40,0.104385137558,0.000635862350464,0,0
/home/openssl-openssl-3.0.0/crypto/conf/conf_api.c,212,80,40,0.255471944809,0.00269722938538,0,0
/home/openssl-openssl-3.0.0/crypto/conf/conf_def.c,1004,80,40,0.336687803268,0.00187873840332,0,0
/home/openssl-openssl-3.0.0/crypto/conf/conf_err.c,73,80,40,0.0396227836609,0.00187873840332,0,0
/home/openssl-openssl-3.0.0/crypto/conf/conf_lib.c,471,80,40,0.575807094574,0.000802040100098,0,0
/home/openssl-openssl-3.0.0/crypto/conf/conf_mall.c,39,80,40,0.0135700702667,0.00216698646545,0,0
/home/openssl-openssl-3.0.0/crypto/conf/conf_mod.c,612,80,40,0.883150815964,0.00127005577087,0,0
/home/openssl-openssl-3.0.0/crypto/conf/conf_sap.c,74,80,40,0.0927259922028,0.000554084777832,0,0
/home/openssl-openssl-3.0.0/crypto/conf/conf_ssl.c,183,80,40,0.111514091492,0.000747919082642,0,0
/home/openssl-openssl-3.0.0/crypto/crmf/crmf_asn.c,236,80,40,1.22241091728,0.000663757324219,0,0
/home/openssl-openssl-3.0.0/crypto/crmf/crmf_err.c,75,80,40,0.0507810115814,0.00304508209229,0,0
/home/openssl-openssl-3.0.0/crypto/crmf/crmf_lib.c,710,80,40,0.335175991058,0.000955104827881,0,0
/home/openssl-openssl-3.0.0/crypto/crmf/crmf_pbm.c,234,80,40,0.133284091949,0.00231909751892,0,0
/home/openssl-openssl-3.0.0/crypto/ct/ct_b64.c,177,80,40,0.171670913696,0.00221014022827,0,0
/home/openssl-openssl-3.0.0/crypto/ct/ct_err.c,62,80,40,0.0486090183258,0.00337409973145,0,0
/home/openssl-openssl-3.0.0/crypto/ct/ct_log.c,353,80,40,0.251435995102,0.00207996368408,0,0
/home/openssl-openssl-3.0.0/crypto/ct/ct_oct.c,408,80,40,0.162419080734,0.000706911087036,0,0
/home/openssl-openssl-3.0.0/crypto/ct/ct_policy.c,116,80,40,0.117848873138,0.00146389007568,0,0
/home/openssl-openssl-3.0.0/crypto/ct/ct_prn.c,128,80,40,0.0592710971832,0.00295782089233,0,0
/home/openssl-openssl-3.0.0/crypto/ct/ct_sct.c,397,80,40,0.136521100998,0.000773906707764,0,0
/home/openssl-openssl-3.0.0/crypto/ct/ct_sct_ctx.c,279,80,40,0.191303014755,0.00082802772522,0,0
/home/openssl-openssl-3.0.0/crypto/ct/ct_vfy.c,142,80,40,0.116587162018,0.000759840011597,0,0
/home/openssl-openssl-3.0.0/crypto/ct/ct_x509v3.c,105,80,40,0.179983139038,0.00113296508789,0,0
/home/openssl-openssl-3.0.0/crypto/des/cbc_cksm.c,60,80,40,0.0458829402924,0.000908136367798,0,0
/home/openssl-openssl-3.0.0/crypto/des/cbc_enc.c,19,80,40,7.41481781006e-05,0.000542879104614,0,0
/home/openssl-openssl-3.0.0/crypto/des/cfb64ede.c,196,80,40,0.0369141101837,0.000778198242188,0,0
/home/openssl-openssl-3.0.0/crypto/des/cfb64enc.c,80,80,40,0.0266079902649,0.00138783454895,0,0
/home/openssl-openssl-3.0.0/crypto/des/cfb_enc.c,157,80,40,0.0334899425507,0.00139570236206,0,0
/home/openssl-openssl-3.0.0/crypto/des/des_enc.c,306,80,40,0.0650081634521,0.00192904472351,0,0
/home/openssl-openssl-3.0.0/crypto/des/ecb3_enc.c,40,80,40,0.030021905899,0.0079140663147,0,0
/home/openssl-openssl-3.0.0/crypto/des/ecb_enc.c,55,80,40,0.0528512001038,0.00417494773865,0,0
/home/openssl-openssl-3.0.0/crypto/des/fcrypt.c,156,80,40,0.0626718997955,0.00123405456543,0,0
/home/openssl-openssl-3.0.0/crypto/des/fcrypt_b.c,79,80,40,0.0233559608459,0.000632286071777,0,0
/home/openssl-openssl-3.0.0/crypto/des/ofb64ede.c,69,80,40,0.0213770866394,0.00231289863586,0,0
/home/openssl-openssl-3.0.0/crypto/des/ofb64enc.c,67,80,40,0.0227420330048,0.00236511230469,0,0
/home/openssl-openssl-3.0.0/crypto/des/ofb_enc.c,89,80,40,0.0217070579529,0.000741004943848,0,0
/home/openssl-openssl-3.0.0/crypto/des/pcbc_enc.c,73,80,40,0.027764081955,0.000882148742676,0,0
/home/openssl-openssl-3.0.0/crypto/des/qud_cksm.c,84,80,40,0.0507869720459,0.00342202186584,0,0
/home/openssl-openssl-3.0.0/crypto/des/rand_key.c,28,80,40,0.0959210395813,0.000921964645386,0,0
/home/openssl-openssl-3.0.0/crypto/des/set_key.c,372,80,40,0.150140047073,0.000838994979858,0,0
/home/openssl-openssl-3.0.0/crypto/des/str2key.c,84,80,40,0.0256240367889,0.003573179245,0,0
/home/openssl-openssl-3.0.0/crypto/des/xcbc_enc.c,110,80,40,0.0280530452728,0.000668048858643,0,0
/home/openssl-openssl-3.0.0/crypto/dh/dh_ameth.c,639,80,40,0.48486495018,0.000683069229126,0,0
/home/openssl-openssl-3.0.0/crypto/dh/dh_asn1.c,168,80,40,0.297140836716,0.000877141952515,0,0
/home/openssl-openssl-3.0.0/crypto/dh/dh_backend.c,246,80,40,0.182598829269,0.00241494178772,0,0
/home/openssl-openssl-3.0.0/crypto/dh/dh_check.c,313,80,40,0.184464931488,0.00114512443542,0,0
/home/openssl-openssl-3.0.0/crypto/dh/dh_depr.c,49,80,40,0.0598340034485,0.000927209854126,0,0
/home/openssl-openssl-3.0.0/crypto/dh/dh_err.c,76,80,40,0.0419828891754,0.00158882141113,0,0
/home/openssl-openssl-3.0.0/crypto/dh/dh_gen.c,235,80,40,0.196161985397,0.00136399269104,0,0
/home/openssl-openssl-3.0.0/crypto/dh/dh_group_params.c,100,80,40,0.143607139587,0.00110387802124,0,0
/home/openssl-openssl-3.0.0/crypto/dh/dh_kdf.c,80,80,40,0.0931749343872,0.0167589187622,0,0
/home/openssl-openssl-3.0.0/crypto/dh/dh_key.c,446,80,40,0.312420129776,0.00549697875977,0,0
/home/openssl-openssl-3.0.0/crypto/dh/dh_lib.c,331,80,40,0.298084020615,0.00288009643555,0,0
/home/openssl-openssl-3.0.0/crypto/dh/dh_meth.c,180,80,40,0.126018047333,0.00098705291748,0,0
/home/openssl-openssl-3.0.0/crypto/dh/dh_pmeth.c,542,80,40,0.29697394371,0.00071907043457,0,0
/home/openssl-openssl-3.0.0/crypto/dh/dh_prn.c,37,80,40,0.0784778594971,0.00181818008423,0,0
/home/openssl-openssl-3.0.0/crypto/dh/dh_rfc5114.c,48,80,40,0.0706028938293,0.000767946243286,0,0
/home/openssl-openssl-3.0.0/crypto/dsa/dsa_ameth.c,582,80,40,0.381072044373,0.00793790817261,0,0
/home/openssl-openssl-3.0.0/crypto/dsa/dsa_asn1.c,73,80,40,0.2954890728,0.00137114524841,0,0
/home/openssl-openssl-3.0.0/crypto/dsa/dsa_backend.c,190,80,40,0.132463932037,0.000957250595093,0,0
/home/openssl-openssl-3.0.0/crypto/dsa/dsa_check.c,96,80,40,0.185712099075,0.00229287147522,0,0
/home/openssl-openssl-3.0.0/crypto/dsa/dsa_depr.c,58,80,40,0.0440192222595,0.00128674507141,0,0
/home/openssl-openssl-3.0.0/crypto/dsa/dsa_err.c,55,80,40,0.0468330383301,0.00256991386414,0,0
/home/openssl-openssl-3.0.0/crypto/dsa/dsa_gen.c,78,80,40,0.1412961483,0.000619888305664,0,0
/home/openssl-openssl-3.0.0/crypto/dsa/dsa_key.c,174,80,40,0.157701969147,0.000808000564575,0,0
/home/openssl-openssl-3.0.0/crypto/dsa/dsa_lib.c,363,80,40,0.331969976425,0.00260210037231,0,0
/home/openssl-openssl-3.0.0/crypto/dsa/dsa_meth.c,225,80,40,0.137602090836,0.000636100769043,0,0
/home/openssl-openssl-3.0.0/crypto/dsa/dsa_ossl.c,467,80,40,0.256772041321,0.0039119720459,0,0
/home/openssl-openssl-3.0.0/crypto/dsa/dsa_pmeth.c,298,80,40,0.229086875916,0.00561594963074,0,0
/home/openssl-openssl-3.0.0/crypto/dsa/dsa_prn.c,80,80,40,0.0611400604248,0.0243728160858,0,0
/home/openssl-openssl-3.0.0/crypto/dsa/dsa_sign.c,209,80,40,0.233633995056,0.00439524650574,0,0
/home/openssl-openssl-3.0.0/crypto/dsa/dsa_vrf.c,24,80,40,0.0322601795197,0.000888824462891,0,0
/home/openssl-openssl-3.0.0/crypto/dso/dso_dl.c,288,80,40,0.000533103942871,0.00114989280701,0,0
/home/openssl-openssl-3.0.0/crypto/dso/dso_dlfcn.c,457,80,40,0.246838092804,0.00129103660583,0,0
/home/openssl-openssl-3.0.0/crypto/dso/dso_err.c,57,80,40,0.0516269207001,0.00126791000366,0,0
/home/openssl-openssl-3.0.0/crypto/dso/dso_lib.c,351,80,40,0.287866830826,0.00104999542236,0,0
/home/openssl-openssl-3.0.0/crypto/dso/dso_openssl.c,23,80,40,0.00146889686584,0.000888109207153,0,0
/home/openssl-openssl-3.0.0/crypto/dso/dso_vms.c,490,80,40,0.000880002975464,0.00148606300354,0,0
/home/openssl-openssl-3.0.0/crypto/dso/dso_win32.c,672,80,40,0.00105404853821,0.00189518928528,0,0
/home/openssl-openssl-3.0.0/crypto/ec/curve448/arch_32/f_impl32.c,106,80,40,0.00021505355835,0.00111198425293,0,0
/home/openssl-openssl-3.0.0/crypto/ec/curve448/arch_64/f_impl64.c,211,80,40,0.0275120735168,0.000724077224731,0,0
/home/openssl-openssl-3.0.0/crypto/ec/curve448/curve448.c,739,80,40,0.141085863113,0.000972032546997,0,0
/home/openssl-openssl-3.0.0/crypto/ec/curve448/curve448_tables.c,1484,80,40,0.000108957290649,0.0010359287262,0,0
/home/openssl-openssl-3.0.0/crypto/ec/curve448/eddsa.c,424,80,40,0.221078157425,0.0010769367218,0,0
/home/openssl-openssl-3.0.0/crypto/ec/curve448/f_generic.c,205,80,40,0.0606889724731,0.000948190689087,0,0
/home/openssl-openssl-3.0.0/crypto/ec/curve448/scalar.c,241,80,40,0.0427670478821,0.00126194953918,0,0
/home/openssl-openssl-3.0.0/crypto/ec/curve25519.c,5653,80,40,0.228641986847,0.00166201591492,0,0
/home/openssl-openssl-3.0.0/crypto/ec/ec2_oct.c,391,80,40,0.136886119843,0.000865936279297,0,0
/home/openssl-openssl-3.0.0/crypto/ec/ec2_smpl.c,1004,80,40,0.354219913483,0.0119781494141,0,0
/home/openssl-openssl-3.0.0/crypto/ec/ec_ameth.c,728,80,40,0.450451135635,0.000921964645386,0,0
/home/openssl-openssl-3.0.0/crypto/ec/ec_asn1.c,1330,80,40,0.634602069855,0.001384973526,0,0
/home/openssl-openssl-3.0.0/crypto/ec/ec_backend.c,838,80,40,0.264948129654,0.00092601776123,0,0
/home/openssl-openssl-3.0.0/crypto/ec/ec_check.c,119,80,40,0.133986949921,0.00100493431091,0,0
/home/openssl-openssl-3.0.0/crypto/ec/ec_curve.c,3441,80,40,0.192137002945,0.00202894210815,0,0
/home/openssl-openssl-3.0.0/crypto/ec/ec_cvt.c,90,80,40,0.0582208633423,0.000730037689209,0,0
/home/openssl-openssl-3.0.0/crypto/ec/ec_deprecated.c,79,80,40,0.0388970375061,0.00139999389648,0,0
/home/openssl-openssl-3.0.0/crypto/ec/ec_err.c,134,80,40,0.0409898757935,0.00377321243286,0,0
/home/openssl-openssl-3.0.0/crypto/ec/ec_key.c,1029,80,40,0.485939025879,0.00250720977783,0,0
/home/openssl-openssl-3.0.0/crypto/ec/ec_kmeth.c,345,80,40,0.248329877853,0.000641345977783,0,0
/home/openssl-openssl-3.0.0/crypto/ec/ec_lib.c,1737,80,40,0.794039964676,0.00301671028137,0,0
/home/openssl-openssl-3.0.0/crypto/ec/ec_mult.c,995,80,40,0.355876922607,0.0111591815948,0,0
/home/openssl-openssl-3.0.0/crypto/ec/ec_oct.c,155,80,40,0.327739953995,0.00174999237061,0,0
/home/openssl-openssl-3.0.0/crypto/ec/ec_pmeth.c,520,80,40,0.269562005997,0.000707149505615,0,0
/home/openssl-openssl-3.0.0/crypto/ec/ec_print.c,86,80,40,0.0918591022491,0.00402498245239,0,0
/home/openssl-openssl-3.0.0/crypto/ec/ecdh_kdf.c,66,80,40,0.0732359886169,0.00110483169556,0,0
/home/openssl-openssl-3.0.0/crypto/ec/ecdh_ossl.c,147,80,40,0.111765861511,0.000699996948242,0,0
/home/openssl-openssl-3.0.0/crypto/ec/ecdsa_ossl.c,465,80,40,0.252810001373,0.00103998184204,0,0
/home/openssl-openssl-3.0.0/crypto/ec/ecdsa_sign.c,59,80,40,0.201545000076,0.00135397911072,0,0
/home/openssl-openssl-3.0.0/crypto/ec/ecdsa_vrf.c,50,80,40,0.0899288654327,0.000622272491455,0,0
/home/openssl-openssl-3.0.0/crypto/ec/eck_prn.c,263,80,40,0.125613212585,0.00064492225647,0,0
/home/openssl-openssl-3.0.0/crypto/ec/ecp_mont.c,301,80,40,0.2173640728,0.0011990070343,0,0
/home/openssl-openssl-3.0.0/crypto/ec/ecp_nist.c,177,80,40,0.131903171539,0.000880718231201,0,0
/home/openssl-openssl-3.0.0/crypto/ec/ecp_nistz256.c,1530,80,40,0.268523931503,0.00135684013367,0,0
/home/openssl-openssl-3.0.0/crypto/ec/ecp_oct.c,373,80,40,0.147164106369,0.00186491012573,0,0
/home/openssl-openssl-3.0.0/crypto/ec/ecp_smpl.c,1724,80,40,0.403467178345,0.00198888778687,0,0
/home/openssl-openssl-3.0.0/crypto/ec/ecx_backend.c,250,80,40,0.175462961197,0.00128102302551,0,0
/home/openssl-openssl-3.0.0/crypto/ec/ecx_key.c,99,80,40,0.0963749885559,0.00103497505188,0,0
/home/openssl-openssl-3.0.0/crypto/ec/ecx_meth.c,1389,80,40,0.48015999794,0.00091814994812,0,0
/home/openssl-openssl-3.0.0/crypto/encode_decode/decoder_err.c,37,80,40,0.0445449352264,0.000930070877075,0,0
/home/openssl-openssl-3.0.0/crypto/encode_decode/decoder_lib.c,997,80,40,0.681885004044,0.0017786026001,0,0
/home/openssl-openssl-3.0.0/crypto/encode_decode/decoder_meth.c,653,80,40,0.373738050461,0.00114989280701,0,0
/home/openssl-openssl-3.0.0/crypto/encode_decode/decoder_pkey.c,464,80,40,0.696814060211,0.00145602226257,0,0
/home/openssl-openssl-3.0.0/crypto/encode_decode/encoder_err.c,37,80,40,0.0411269664764,0.00167179107666,0,0
/home/openssl-openssl-3.0.0/crypto/encode_decode/encoder_lib.c,673,80,40,0.222383975983,0.000785827636719,0,0
/home/openssl-openssl-3.0.0/crypto/encode_decode/encoder_meth.c,652,80,40,0.370680093765,0.000791788101196,0,0
/home/openssl-openssl-3.0.0/crypto/encode_decode/encoder_pkey.c,376,80,40,0.652405023575,0.000692129135132,0,0
/home/openssl-openssl-3.0.0/crypto/engine/eng_all.c,25,80,40,0.0136959552765,0.000685930252075,0,0
/home/openssl-openssl-3.0.0/crypto/engine/eng_cnf.c,186,80,40,0.125118017197,0.00129723548889,0,0
/home/openssl-openssl-3.0.0/crypto/engine/eng_ctrl.c,328,80,40,0.199128866196,0.00188088417053,0,0
/home/openssl-openssl-3.0.0/crypto/engine/eng_dyn.c,517,80,40,0.145355939865,0.000842094421387,0,0
/home/openssl-openssl-3.0.0/crypto/engine/eng_err.c,95,80,40,0.0626111030579,0.000799894332886,0,0
/home/openssl-openssl-3.0.0/crypto/engine/eng_fat.c,122,80,40,0.114952802658,0.00226211547852,0,0
/home/openssl-openssl-3.0.0/crypto/engine/eng_init.c,116,80,40,0.160547018051,0.00131702423096,0,0
/home/openssl-openssl-3.0.0/crypto/engine/eng_lib.c,299,80,40,0.232909917831,0.00231170654297,0,0
/home/openssl-openssl-3.0.0/crypto/engine/eng_list.c,358,80,40,0.157409906387,0.000827312469482,0,0
/home/openssl-openssl-3.0.0/crypto/engine/eng_openssl.c,669,80,40,0.349004030228,0.00117015838623,0,0
/home/openssl-openssl-3.0.0/crypto/engine/eng_pkey.c,139,80,40,0.145330190659,0.000775814056396,0,0
/home/openssl-openssl-3.0.0/crypto/engine/eng_rdrand.c,110,80,40,0.0914371013641,0.00234198570251,0,0
/home/openssl-openssl-3.0.0/crypto/engine/eng_table.c,310,80,40,0.131718158722,0.00241494178772,0,0
/home/openssl-openssl-3.0.0/crypto/engine/tb_asnmth.c,215,80,40,0.194776058197,0.00193905830383,0,0
/home/openssl-openssl-3.0.0/crypto/engine/tb_cipher.c,96,80,40,0.142508029938,0.000942230224609,0,0
/home/openssl-openssl-3.0.0/crypto/engine/tb_dh.c,77,80,40,0.113254070282,0.000946044921875,0,0
/home/openssl-openssl-3.0.0/crypto/engine/tb_digest.c,96,80,40,0.139341115952,0.000839710235596,0,0
/home/openssl-openssl-3.0.0/crypto/engine/tb_dsa.c,77,80,40,0.123278141022,0.00228881835938,0,0
/home/openssl-openssl-3.0.0/crypto/engine/tb_eckey.c,77,80,40,0.110715150833,0.000814914703369,0,0
/home/openssl-openssl-3.0.0/crypto/engine/tb_pkmeth.c,118,80,40,0.156860113144,0.00218296051025,0,0
/home/openssl-openssl-3.0.0/crypto/engine/tb_rand.c,77,80,40,0.12513589859,0.000864028930664,0,0
/home/openssl-openssl-3.0.0/crypto/engine/tb_rsa.c,77,80,40,0.132126092911,0.000977993011475,0,0
/home/openssl-openssl-3.0.0/crypto/err/err.c,919,80,40,0.540549039841,0.000746965408325,0,0
/home/openssl-openssl-3.0.0/crypto/err/err_all.c,114,80,40,0.0751240253448,0.00179290771484,0,0
/home/openssl-openssl-3.0.0/crypto/err/err_all_legacy.c,107,80,40,0.417109012604,0.000978946685791,0,0
/home/openssl-openssl-3.0.0/crypto/err/err_blocks.c,118,80,40,0.0237331390381,0.00128293037415,0,0
/home/openssl-openssl-3.0.0/crypto/err/err_prn.c,187,80,40,0.0425238609314,0.00126791000366,0,0
/home/openssl-openssl-3.0.0/crypto/ess/ess_asn1.c,59,80,40,0.458083868027,0.000967979431152,0,0
/home/openssl-openssl-3.0.0/crypto/ess/ess_err.c,49,80,40,0.0420072078705,0.0016188621521,0,0
/home/openssl-openssl-3.0.0/crypto/ess/ess_lib.c,316,80,40,0.183245897293,0.000698089599609,0,0
/home/openssl-openssl-3.0.0/crypto/evp/asymcipher.c,490,80,40,0.472683906555,0.000864028930664,0,0
/home/openssl-openssl-3.0.0/crypto/evp/bio_b64.c,547,80,40,0.30642580986,0.000869989395142,0,0
/home/openssl-openssl-3.0.0/crypto/evp/bio_enc.c,442,80,40,0.249952793121,0.000884056091309,0,0
/home/openssl-openssl-3.0.0/crypto/evp/bio_md.c,223,80,40,0.202665805817,0.00205183029175,0,0
/home/openssl-openssl-3.0.0/crypto/evp/bio_ok.c,602,80,40,0.231139183044,0.00129795074463,0,0
/home/openssl-openssl-3.0.0/crypto/evp/c_allc.c,266,80,40,0.0180130004883,0.00147914886475,0,0
/home/openssl-openssl-3.0.0/crypto/evp/c_alld.c,61,80,40,0.012218952179,0.000825166702271,0,0
/home/openssl-openssl-3.0.0/crypto/evp/cmeth_lib.c,202,80,40,0.129357099533,0.000655889511108,0,0
/home/openssl-openssl-3.0.0/crypto/evp/ctrl_params_translate.c,2742,80,40,0.919209957123,0.00209593772888,0,0
/home/openssl-openssl-3.0.0/crypto/evp/dh_ctrl.c,347,80,40,0.470675945282,0.00142598152161,0,0
/home/openssl-openssl-3.0.0/crypto/evp/dh_support.c,64,80,40,0.0411801338196,0.00293588638306,0,0
/home/openssl-openssl-3.0.0/crypto/evp/digest.c,1079,80,40,0.718611955643,0.000820875167847,0,0
/home/openssl-openssl-3.0.0/crypto/evp/dsa_ctrl.c,133,80,40,0.289950847626,0.00076699256897,0,0
/home/openssl-openssl-3.0.0/crypto/evp/e_aes.c,4050,80,40,0.773151874542,0.0014488697052,0,0
/home/openssl-openssl-3.0.0/crypto/evp/e_aes_cbc_hmac_sha1.c,970,80,40,0.235373020172,0.00156593322754,0,0
/home/openssl-openssl-3.0.0/crypto/evp/e_aes_cbc_hmac_sha256.c,956,80,40,0.213168859482,0.000728368759155,0,0
/home/openssl-openssl-3.0.0/crypto/evp/e_aria.c,791,80,40,0.862174034119,0.0011260509491,0,0
/home/openssl-openssl-3.0.0/crypto/evp/e_bf.c,50,80,40,0.198346138,0.000795841217041,0,0
/home/openssl-openssl-3.0.0/crypto/evp/e_camellia.c,350,80,40,0.572104930878,0.00171303749084,0,0
/home/openssl-openssl-3.0.0/crypto/evp/e_cast.c,52,80,40,0.163810968399,0.00207924842834,0,0
/home/openssl-openssl-3.0.0/crypto/evp/e_chacha20_poly1305.c,635,80,40,0.236389160156,0.0063738822937,0,0
/home/openssl-openssl-3.0.0/crypto/evp/e_des.c,247,80,40,0.188461065292,0.00162291526794,0,0
/home/openssl-openssl-3.0.0/crypto/evp/e_des3.c,426,80,40,0.399481058121,0.0166518688202,0,0
/home/openssl-openssl-3.0.0/crypto/evp/e_idea.c,79,80,40,0.155496120453,0.00165200233459,0,0
/home/openssl-openssl-3.0.0/crypto/evp/e_null.c,52,80,40,0.0804991722107,0.00166893005371,0,0
/home/openssl-openssl-3.0.0/crypto/evp/e_old.c,109,80,40,0.235414981842,0.00107216835022,0,0
/home/openssl-openssl-3.0.0/crypto/evp/e_rc2.c,199,80,40,0.391025066376,0.000660181045532,0,0
/home/openssl-openssl-3.0.0/crypto/evp/e_rc4.c,95,80,40,0.11453294754,0.0155189037323,0,0
/home/openssl-openssl-3.0.0/crypto/evp/e_rc4_hmac_md5.c,274,80,40,0.138573884964,0.00121879577637,0,0
/home/openssl-openssl-3.0.0/crypto/evp/e_rc5.c,84,80,40,0.000712871551514,0.000808954238892,0,0
/home/openssl-openssl-3.0.0/crypto/evp/e_seed.c,42,80,40,0.149942874908,0.00246286392212,0,0
/home/openssl-openssl-3.0.0/crypto/evp/e_sm4.c,109,80,40,0.174680948257,0.00238108634949,0,0
/home/openssl-openssl-3.0.0/crypto/evp/e_xcbc_d.c,92,80,40,0.0903220176697,0.00292181968689,0,0
/home/openssl-openssl-3.0.0/crypto/evp/ec_ctrl.c,301,80,40,0.28266119957,0.00153779983521,0,0
/home/openssl-openssl-3.0.0/crypto/evp/ec_support.c,189,80,40,0.0998728275299,0.0017569065094,0,0
/home/openssl-openssl-3.0.0/crypto/evp/encode.c,479,80,40,0.29065990448,0.00272130966187,0,0
/home/openssl-openssl-3.0.0/crypto/evp/evp_cnf.c,75,80,40,0.0742840766907,0.00270891189575,0,0
/home/openssl-openssl-3.0.0/crypto/evp/evp_enc.c,1659,80,40,0.696825027466,0.00103902816772,0,0
/home/openssl-openssl-3.0.0/crypto/evp/evp_err.c,209,80,40,0.0433690547943,0.00301313400269,0,0
/home/openssl-openssl-3.0.0/crypto/evp/evp_fetch.c,628,80,40,0.431915998459,0.0073139667511,0,0
/home/openssl-openssl-3.0.0/crypto/evp/evp_key.c,155,80,40,0.150182008743,0.00225400924683,0,0
/home/openssl-openssl-3.0.0/crypto/evp/evp_lib.c,1193,80,40,0.855017185211,0.000809907913208,0,0
/home/openssl-openssl-3.0.0/crypto/evp/evp_pbe.c,303,80,40,0.228245019913,0.0049729347229,0,0
/home/openssl-openssl-3.0.0/crypto/evp/evp_pkey.c,247,80,40,0.31555390358,0.000771760940552,0,0
/home/openssl-openssl-3.0.0/crypto/evp/evp_rand.c,683,80,40,0.574386835098,0.00754618644714,0,0
/home/openssl-openssl-3.0.0/crypto/evp/evp_utils.c,82,80,40,0.24257683754,0.0023558139801,0,0
/home/openssl-openssl-3.0.0/crypto/evp/exchange.c,522,80,40,0.441614151001,0.00148105621338,0,0
/home/openssl-openssl-3.0.0/crypto/evp/kdf_lib.c,185,80,40,0.29493689537,0.00213527679443,0,0
/home/openssl-openssl-3.0.0/crypto/evp/kdf_meth.c,233,80,40,0.238566160202,0.000883817672729,0,0
/home/openssl-openssl-3.0.0/crypto/evp/kem.c,402,80,40,0.398701190948,0.000829935073853,0,0
/home/openssl-openssl-3.0.0/crypto/evp/keymgmt_lib.c,564,80,40,0.392611026764,0.000890016555786,0,0
/home/openssl-openssl-3.0.0/crypto/evp/keymgmt_meth.c,485,80,40,0.598238945007,0.00300002098083,0,0
/home/openssl-openssl-3.0.0/crypto/evp/legacy_blake2.c,49,80,40,0.184823036194,0.000958204269409,0,0
/home/openssl-openssl-3.0.0/crypto/evp/legacy_md4.c,35,80,40,0.116555929184,0.00264716148376,0,0
/home/openssl-openssl-3.0.0/crypto/evp/legacy_md5.c,35,80,40,0.106689929962,0.00102925300598,0,0
/home/openssl-openssl-3.0.0/crypto/evp/legacy_md5_sha1.c,42,80,40,0.119784832001,0.000761747360229,0,0
/home/openssl-openssl-3.0.0/crypto/evp/legacy_mdc2.c,36,80,40,0.117205858231,0.00127506256104,0,0
/home/openssl-openssl-3.0.0/crypto/evp/legacy_ripemd.c,36,80,40,0.10843205452,0.00118184089661,0,0
/home/openssl-openssl-3.0.0/crypto/evp/legacy_sha.c,229,80,40,0.896351099014,0.000846147537231,0,0
/home/openssl-openssl-3.0.0/crypto/evp/legacy_wp.c,36,80,40,0.141402959824,0.00121212005615,0,0
/home/openssl-openssl-3.0.0/crypto/evp/m_null.c,51,80,40,0.0511481761932,0.00339484214783,0,0
/home/openssl-openssl-3.0.0/crypto/evp/m_sigver.c,614,80,40,0.394395112991,0.00668787956238,0,0
/home/openssl-openssl-3.0.0/crypto/evp/mac_lib.c,298,80,40,0.456891059875,0.00147795677185,0,0
/home/openssl-openssl-3.0.0/crypto/evp/mac_meth.c,238,80,40,0.235198974609,0.00104284286499,0,0
/home/openssl-openssl-3.0.0/crypto/evp/names.c,255,80,40,0.219027042389,0.00242304801941,0,0
/home/openssl-openssl-3.0.0/crypto/evp/p5_crpt.c,121,80,40,0.101891994476,0.00162196159363,0,0
/home/openssl-openssl-3.0.0/crypto/evp/p5_crpt2.c,267,80,40,0.201007127762,0.00279593467712,0,0
/home/openssl-openssl-3.0.0/crypto/evp/p_dec.c,37,80,40,0.0651729106903,0.00432801246643,0,0
/home/openssl-openssl-3.0.0/crypto/evp/p_enc.c,37,80,40,0.0605149269104,0.00344800949097,0,0
/home/openssl-openssl-3.0.0/crypto/evp/p_legacy.c,92,80,40,0.182781934738,0.000720977783203,0,0
/home/openssl-openssl-3.0.0/crypto/evp/p_lib.c,2428,80,40,0.982341051102,0.00512003898621,0,0
/home/openssl-openssl-3.0.0/crypto/evp/p_open.c,73,80,40,0.0948390960693,0.00383901596069,0,0
/home/openssl-openssl-3.0.0/crypto/evp/p_seal.c,88,80,40,0.138099908829,0.00266790390015,0,0
/home/openssl-openssl-3.0.0/crypto/evp/p_sign.c,70,80,40,0.100105047226,0.00346112251282,0,0
/home/openssl-openssl-3.0.0/crypto/evp/p_verify.c,64,80,40,0.0944089889526,0.00289511680603,0,0
/home/openssl-openssl-3.0.0/crypto/evp/pbe_scrypt.c,100,80,40,0.093563079834,0.000725984573364,0,0
/home/openssl-openssl-3.0.0/crypto/evp/pmeth_check.c,194,80,40,0.360273838043,0.00139808654785,0,0
/home/openssl-openssl-3.0.0/crypto/evp/pmeth_gn.c,457,80,40,0.472016096115,0.00366187095642,0,0
/home/openssl-openssl-3.0.0/crypto/evp/pmeth_lib.c,2044,80,40,1.1734058857,0.00719094276428,0,0
/home/openssl-openssl-3.0.0/crypto/evp/signature.c,684,80,40,0.406167984009,0.00557398796082,0,0
/home/openssl-openssl-3.0.0/crypto/ffc/ffc_backend.c,129,80,40,0.0877628326416,0.00099778175354,0,0
/home/openssl-openssl-3.0.0/crypto/ffc/ffc_dh.c,158,80,40,0.139914989471,0.00114703178406,0,0
/home/openssl-openssl-3.0.0/crypto/ffc/ffc_key_generate.c,61,80,40,0.0690789222717,0.00155115127563,0,0
/home/openssl-openssl-3.0.0/crypto/ffc/ffc_key_validate.c,122,80,40,0.091365814209,0.00185465812683,0,0
/home/openssl-openssl-3.0.0/crypto/ffc/ffc_params.c,323,80,40,0.0764310359955,0.00161004066467,0,0
/home/openssl-openssl-3.0.0/crypto/ffc/ffc_params_generate.c,1058,80,40,0.375545978546,0.0029411315918,0,0
/home/openssl-openssl-3.0.0/crypto/ffc/ffc_params_validate.c,188,80,40,0.20982503891,0.000717878341675,0,0
/home/openssl-openssl-3.0.0/crypto/hmac/hmac.c,251,80,40,0.179301977158,0.0019428730011,0,0
/home/openssl-openssl-3.0.0/crypto/http/http_client.c,1352,80,40,0.808219909668,0.0726435184479,2,2
/home/openssl-openssl-3.0.0/crypto/http/http_err.c,82,80,40,0.0448861122131,0.00104975700378,0,0
/home/openssl-openssl-3.0.0/crypto/http/http_lib.c,287,80,40,0.103830099106,0.00201201438904,0,0
/home/openssl-openssl-3.0.0/crypto/idea/i_cbc.c,130,80,40,0.0366258621216,0.00103187561035,0,0
/home/openssl-openssl-3.0.0/crypto/idea/i_cfb64.c,87,80,40,0.0285649299622,0.00102114677429,0,0
/home/openssl-openssl-3.0.0/crypto/idea/i_ecb.c,42,80,40,0.047739982605,0.000710964202881,0,0
/home/openssl-openssl-3.0.0/crypto/idea/i_ofb64.c,74,80,40,0.0368599891663,0.00107216835022,0,0
/home/openssl-openssl-3.0.0/crypto/idea/i_skey.c,120,80,40,0.0540430545807,0.00257611274719,0,0
/home/openssl-openssl-3.0.0/crypto/kdf/kdf_err.c,20,80,40,0.0360260009766,0.00110507011414,0,0
/home/openssl-openssl-3.0.0/crypto/lhash/lh_stats.c,118,80,40,0.028865814209,0.00392913818359,0,0
/home/openssl-openssl-3.0.0/crypto/lhash/lhash.c,403,80,40,0.13801908493,0.000900030136108,0,0
/home/openssl-openssl-3.0.0/crypto/asn1_dsa.c,253,80,40,0.166301012039,0.000936031341553,0,0
/home/openssl-openssl-3.0.0/crypto/bsearch.c,45,80,40,0.0505881309509,0.00123286247253,0,0
/home/openssl-openssl-3.0.0/crypto/context.c,490,80,40,0.369775056839,0.000685930252075,0,0
/home/openssl-openssl-3.0.0/crypto/core_algorithm.c,134,80,40,0.106940984726,0.00111389160156,0,0
/home/openssl-openssl-3.0.0/crypto/core_fetch.c,137,80,40,0.108999013901,0.000653028488159,0,0
/home/openssl-openssl-3.0.0/crypto/core_namemap.c,534,80,40,0.445869922638,0.00122714042664,0,0
/home/openssl-openssl-3.0.0/crypto/cpt_err.c,69,80,40,0.0451109409332,0.0053551197052,0,0
/home/openssl-openssl-3.0.0/crypto/cpuid.c,215,80,40,0.0979721546173,0.00253987312317,0,0
/home/openssl-openssl-3.0.0/crypto/cryptlib.c,283,80,40,0.0558478832245,0.0046808719635,0,0
/home/openssl-openssl-3.0.0/crypto/ctype.c,281,80,40,0.0668179988861,0.00101971626282,0,0
/home/openssl-openssl-3.0.0/crypto/cversion.c,87,80,40,0.0932378768921,0.00212597846985,0,0
/home/openssl-openssl-3.0.0/crypto/der_writer.c,200,80,40,0.22599196434,0.00138711929321,0,0
/home/openssl-openssl-3.0.0/crypto/ebcdic.c,362,80,40,1.90734863281e-06,0.00215721130371,0,0
/home/openssl-openssl-3.0.0/crypto/ex_data.c,505,80,40,0.292042016983,0.00188612937927,0,0
/home/openssl-openssl-3.0.0/crypto/getenv.c,104,80,40,0.0327839851379,0.00194096565247,0,0
/home/openssl-openssl-3.0.0/crypto/info.c,208,80,40,0.0460531711578,0.00347089767456,0,0
/home/openssl-openssl-3.0.0/crypto/init.c,715,80,40,0.116006135941,0.00181889533997,0,0
/home/openssl-openssl-3.0.0/crypto/initthread.c,453,80,40,0.652611017227,0.00255513191223,0,0
/home/openssl-openssl-3.0.0/crypto/mem.c,332,80,40,0.327235937119,0.00403714179993,0,0
/home/openssl-openssl-3.0.0/crypto/mem_sec.c,709,80,40,0.351020097733,0.00069785118103,0,0
/home/openssl-openssl-3.0.0/crypto/o_dir.c,38,80,40,0.000391006469727,0.000665903091431,0,0
/home/openssl-openssl-3.0.0/crypto/o_fopen.c,127,80,40,0.0835778713226,0.0018310546875,0,0
/home/openssl-openssl-3.0.0/crypto/o_init.c,22,80,40,0.0198218822479,0.000701904296875,0,0
/home/openssl-openssl-3.0.0/crypto/o_str.c,341,80,40,0.345715045929,0.00136995315552,0,0
/home/openssl-openssl-3.0.0/crypto/o_time.c,201,80,40,0.104363918304,0.00132513046265,0,0
/home/openssl-openssl-3.0.0/crypto/packet.c,513,80,40,0.378659963608,0.000862121582031,0,0
/home/openssl-openssl-3.0.0/crypto/param_build.c,380,80,40,0.953485012054,0.00290012359619,0,0
/home/openssl-openssl-3.0.0/crypto/param_build_set.c,122,80,40,0.786758899689,0.00156188011169,0,0
/home/openssl-openssl-3.0.0/crypto/params.c,1296,80,40,1.29047608376,0.00147485733032,0,0
/home/openssl-openssl-3.0.0/crypto/params_dup.c,237,80,40,0.176213979721,0.000977039337158,0,0
/home/openssl-openssl-3.0.0/crypto/params_from_text.c,213,80,40,0.109786987305,0.00268697738647,0,0
/home/openssl-openssl-3.0.0/crypto/passphrase.c,327,80,40,0.213922023773,0.00128316879272,0,0
/home/openssl-openssl-3.0.0/crypto/provider.c,144,80,40,0.322546958923,0.000815868377686,0,0
/home/openssl-openssl-3.0.0/crypto/provider_child.c,305,80,40,0.644737005234,0.0449478626251,0,0
/home/openssl-openssl-3.0.0/crypto/provider_conf.c,305,80,40,0.602994203568,0.000663042068481,0,0
/home/openssl-openssl-3.0.0/crypto/provider_core.c,2033,80,40,1.23559403419,0.00196290016174,0,0
/home/openssl-openssl-3.0.0/crypto/provider_predefined.c,33,80,40,3.09944152832e-05,0.000861167907715,0,0
/home/openssl-openssl-3.0.0/crypto/punycode.c,339,80,40,0.18766784668,0.00910019874573,0,0
/home/openssl-openssl-3.0.0/crypto/self_test_core.c,173,80,40,0.156093120575,0.00352787971497,0,0
/home/openssl-openssl-3.0.0/crypto/sparse_array.c,220,80,40,0.138877868652,0.00137710571289,0,0
/home/openssl-openssl-3.0.0/crypto/threads_lib.c,26,80,40,0.0183520317078,0.0024790763855,0,0
/home/openssl-openssl-3.0.0/crypto/threads_none.c,166,80,40,0.000852108001709,0.00078010559082,0,0
/home/openssl-openssl-3.0.0/crypto/threads_pthread.c,292,80,40,0.200160980225,0.0018527507782,0,0
/home/openssl-openssl-3.0.0/crypto/threads_win.c,231,80,40,0.000260829925537,0.00071907043457,0,0
/home/openssl-openssl-3.0.0/crypto/trace.c,520,80,40,0.124204158783,0.00392484664917,0,0
/home/openssl-openssl-3.0.0/crypto/uid.c,56,80,40,0.0217700004578,0.00167512893677,0,0
/home/openssl-openssl-3.0.0/crypto/md4/md4_dgst.c,154,80,40,0.0537800788879,0.00186896324158,0,0
/home/openssl-openssl-3.0.0/crypto/md4/md4_one.c,54,80,40,0.0755791664124,0.000680923461914,0,0
/home/openssl-openssl-3.0.0/crypto/md5/md5_dgst.c,171,80,40,0.0370299816132,0.00129795074463,0,0
/home/openssl-openssl-3.0.0/crypto/md5/md5_one.c,54,80,40,0.0515611171722,0.00205993652344,0,0
/home/openssl-openssl-3.0.0/crypto/md5/md5_sha1.c,109,80,40,0.183044910431,0.00522613525391,0,0
/home/openssl-openssl-3.0.0/crypto/mdc2/mdc2_one.c,34,80,40,0.0425670146942,0.00102782249451,0,0
/home/openssl-openssl-3.0.0/crypto/mdc2/mdc2dgst.c,133,80,40,0.050094127655,0.00153994560242,0,0
/home/openssl-openssl-3.0.0/crypto/modes/cbc128.c,173,80,40,0.0310230255127,0.000755071640015,0,0
/home/openssl-openssl-3.0.0/crypto/modes/ccm128.c,443,80,40,0.152256011963,0.000821113586426,0,0
/home/openssl-openssl-3.0.0/crypto/modes/cfb128.c,212,80,40,0.0278789997101,0.000969886779785,0,0
/home/openssl-openssl-3.0.0/crypto/modes/ctr128.c,213,80,40,0.0359370708466,0.000859975814819,0,0
/home/openssl-openssl-3.0.0/crypto/modes/cts128.c,331,80,40,0.0677769184113,0.00124716758728,0,0
/home/openssl-openssl-3.0.0/crypto/modes/gcm128.c,1859,80,40,0.116946935654,0.00145602226257,0,0
/home/openssl-openssl-3.0.0/crypto/modes/ocb128.c,563,80,40,0.280694007874,0.00119709968567,0,0
/home/openssl-openssl-3.0.0/crypto/modes/ofb128.c,87,80,40,0.0227439403534,0.00106811523438,0,0
/home/openssl-openssl-3.0.0/crypto/modes/siv128.c,394,80,40,0.213411092758,0.00301098823547,0,0
/home/openssl-openssl-3.0.0/crypto/modes/wrap128.c,332,80,40,0.132001161575,0.00147485733032,0,0
/home/openssl-openssl-3.0.0/crypto/modes/xts128.c,162,80,40,0.075590133667,0.000815868377686,0,0
/home/openssl-openssl-3.0.0/crypto/objects/o_names.c,401,80,40,0.196332931519,0.00752878189087,0,0
/home/openssl-openssl-3.0.0/crypto/objects/obj_dat.c,742,80,40,0.701450824738,0.00089693069458,0,0
/home/openssl-openssl-3.0.0/crypto/objects/obj_err.c,35,80,40,0.0427038669586,0.00260400772095,0,0
/home/openssl-openssl-3.0.0/crypto/objects/obj_lib.c,66,80,40,0.123351097107,0.000770807266235,0,0
/home/openssl-openssl-3.0.0/crypto/objects/obj_xref.c,140,80,40,0.211416006088,0.000753164291382,0,0
/home/openssl-openssl-3.0.0/crypto/ocsp/ocsp_asn.c,136,80,40,1.04621887207,0.00131106376648,0,0
/home/openssl-openssl-3.0.0/crypto/ocsp/ocsp_cl.c,369,80,40,0.365872144699,0.000716924667358,0,0
/home/openssl-openssl-3.0.0/crypto/ocsp/ocsp_err.c,76,80,40,0.0475361347198,0.00142598152161,0,0
/home/openssl-openssl-3.0.0/crypto/ocsp/ocsp_ext.c,473,80,40,1.01176190376,0.00298500061035,0,0
/home/openssl-openssl-3.0.0/crypto/ocsp/ocsp_http.c,71,80,40,0.0812478065491,0.0044891834259,0,0
/home/openssl-openssl-3.0.0/crypto/ocsp/ocsp_lib.c,114,80,40,0.160703897476,0.000801086425781,0,0
/home/openssl-openssl-3.0.0/crypto/ocsp/ocsp_prn.c,247,80,40,0.234181880951,0.000699281692505,0,0
/home/openssl-openssl-3.0.0/crypto/ocsp/ocsp_srv.c,328,80,40,0.310050010681,0.00127601623535,0,0
/home/openssl-openssl-3.0.0/crypto/ocsp/ocsp_vfy.c,440,80,40,0.293036937714,0.000968933105469,0,0
/home/openssl-openssl-3.0.0/crypto/ocsp/v3_ocsp.c,265,80,40,0.162644147873,0.00223302841187,0,0
/home/openssl-openssl-3.0.0/crypto/pem/pem_all.c,227,80,40,1.58969688416,0.00170826911926,0,0
/home/openssl-openssl-3.0.0/crypto/pem/pem_err.c,75,80,40,0.051393032074,0.0012481212616,0,0
/home/openssl-openssl-3.0.0/crypto/pem/pem_info.c,312,80,40,0.163130998611,0.000746965408325,0,0
/home/openssl-openssl-3.0.0/crypto/pem/pem_lib.c,1025,80,40,0.314515829086,0.000720977783203,0,0
/home/openssl-openssl-3.0.0/crypto/pem/pem_oth.c,37,80,40,0.0456919670105,0.00342583656311,0,0
/home/openssl-openssl-3.0.0/crypto/pem/pem_pk8.c,274,80,40,0.420576810837,0.0010039806366,0,0
/home/openssl-openssl-3.0.0/crypto/pem/pem_pkey.c,428,80,40,0.347878217697,0.00111103057861,0,0
/home/openssl-openssl-3.0.0/crypto/pem/pem_sign.c,52,80,40,0.108377218246,0.00333380699158,0,0
/home/openssl-openssl-3.0.0/crypto/pem/pem_x509.c,19,80,40,0.126803159714,0.00198197364807,0,0
/home/openssl-openssl-3.0.0/crypto/pem/pem_xaux.c,19,80,40,0.12774014473,0.00276970863342,0,0
/home/openssl-openssl-3.0.0/crypto/pem/pvkfmt.c,1121,80,40,0.404577970505,0.000808000564575,0,0
/home/openssl-openssl-3.0.0/crypto/pkcs12/p12_add.c,205,80,40,0.29428601265,0.00247693061829,0,0
/home/openssl-openssl-3.0.0/crypto/pkcs12/p12_asn.c,77,80,40,0.331535816193,0.00209736824036,0,0
/home/openssl-openssl-3.0.0/crypto/pkcs12/p12_attr.c,122,80,40,0.154458999634,0.00232315063477,0,0
/home/openssl-openssl-3.0.0/crypto/pkcs12/p12_crpt.c,86,80,40,0.0985507965088,0.00134015083313,0,0
/home/openssl-openssl-3.0.0/crypto/pkcs12/p12_crt.c,338,80,40,0.261615991592,0.0132532119751,0,0
/home/openssl-openssl-3.0.0/crypto/pkcs12/p12_decr.c,211,80,40,0.182796001434,0.00335907936096,0,0
/home/openssl-openssl-3.0.0/crypto/pkcs12/p12_init.c,59,80,40,0.0812180042267,0.00526213645935,0,0
/home/openssl-openssl-3.0.0/crypto/pkcs12/p12_key.c,139,80,40,0.143280982971,0.00548577308655,0,0
/home/openssl-openssl-3.0.0/crypto/pkcs12/p12_kiss.c,260,80,40,0.112920045853,0.000892877578735,0,0
/home/openssl-openssl-3.0.0/crypto/pkcs12/p12_mutl.c,277,80,40,0.159150123596,0.00217294692993,0,0
/home/openssl-openssl-3.0.0/crypto/pkcs12/p12_npas.c,187,80,40,0.134264945984,0.00459408760071,0,0
/home/openssl-openssl-3.0.0/crypto/pkcs12/p12_p8d.c,33,80,40,0.0832090377808,0.000929117202759,0,0
/home/openssl-openssl-3.0.0/crypto/pkcs12/p12_p8e.c,102,80,40,0.087140083313,0.00290393829346,0,0
/home/openssl-openssl-3.0.0/crypto/pkcs12/p12_sbag.c,249,80,40,0.345997095108,0.00367212295532,0,0
/home/openssl-openssl-3.0.0/crypto/pkcs12/p12_utl.c,250,80,40,0.3214199543,0.00377798080444,0,0
/home/openssl-openssl-3.0.0/crypto/pkcs12/pk12err.c,62,80,40,0.0643589496613,0.00128293037415,0,0
/home/openssl-openssl-3.0.0/crypto/pkcs7/bio_pk7.c,25,80,40,0.0288619995117,0.00500464439392,0,0
/home/openssl-openssl-3.0.0/crypto/pkcs7/pk7_asn1.c,258,80,40,0.907370090485,0.0020318031311,0,0
/home/openssl-openssl-3.0.0/crypto/pkcs7/pk7_attr.c,121,80,40,0.183758020401,0.00062084197998,0,0
/home/openssl-openssl-3.0.0/crypto/pkcs7/pk7_doit.c,1267,80,40,0.441784858704,0.00114107131958,0,0
/home/openssl-openssl-3.0.0/crypto/pkcs7/pk7_lib.c,746,80,40,0.348943948746,0.00179696083069,0,0
/home/openssl-openssl-3.0.0/crypto/pkcs7/pk7_mime.c,71,80,40,0.148055076599,0.000985145568848,0,0
/home/openssl-openssl-3.0.0/crypto/pkcs7/pk7_smime.c,566,80,40,0.325351953506,0.00309276580811,0,0
/home/openssl-openssl-3.0.0/crypto/pkcs7/pkcs7err.c,99,80,40,0.0497689247131,0.00268292427063,0,0
/home/openssl-openssl-3.0.0/crypto/poly1305/poly1305.c,530,80,40,0.0569860935211,0.00106501579285,0,0
/home/openssl-openssl-3.0.0/crypto/property/defn_cache.c,132,80,40,0.355658054352,0.00116801261902,0,0
/home/openssl-openssl-3.0.0/crypto/property/property.c,659,80,40,1.14696216583,0.000725746154785,0,0
/home/openssl-openssl-3.0.0/crypto/property/property_err.c,47,80,40,0.054013967514,0.00144100189209,0,0
/home/openssl-openssl-3.0.0/crypto/property/property_parse.c,692,80,40,0.837693929672,0.00113320350647,0,0
/home/openssl-openssl-3.0.0/crypto/property/property_query.c,83,80,40,0.130076885223,0.00236988067627,0,0
/home/openssl-openssl-3.0.0/crypto/property/property_string.c,247,80,40,0.443209171295,0.00164675712585,0,0
/home/openssl-openssl-3.0.0/crypto/rand/prov_seed.c,77,80,40,0.084587097168,0.00219678878784,0,0
/home/openssl-openssl-3.0.0/crypto/rand/rand_deprecated.c,36,80,40,0.00160098075867,0.000892877578735,0,0
/home/openssl-openssl-3.0.0/crypto/rand/rand_err.c,108,80,40,0.0331320762634,0.00402998924255,0,0
/home/openssl-openssl-3.0.0/crypto/rand/rand_lib.c,837,80,40,0.445392131805,0.00122094154358,0,0
/home/openssl-openssl-3.0.0/crypto/rand/rand_meth.c,66,80,40,0.192164897919,0.00233817100525,0,0
/home/openssl-openssl-3.0.0/crypto/rand/rand_pool.c,413,80,40,0.198256969452,0.00106310844421,0,0
/home/openssl-openssl-3.0.0/crypto/rand/randfile.c,322,80,40,0.543341875076,0.127601861954,2,2
/home/openssl-openssl-3.0.0/crypto/rc2/rc2_cbc.c,186,80,40,0.0313010215759,0.00103807449341,0,0
/home/openssl-openssl-3.0.0/crypto/rc2/rc2_ecb.c,47,80,40,0.0332930088043,0.00124287605286,0,0
/home/openssl-openssl-3.0.0/crypto/rc2/rc2_skey.c,105,80,40,0.0254828929901,0.000790357589722,0,0
/home/openssl-openssl-3.0.0/crypto/rc2/rc2cfb64.c,81,80,40,0.0259840488434,0.00121998786926,0,0
/home/openssl-openssl-3.0.0/crypto/rc2/rc2ofb64.c,68,80,40,0.0249841213226,0.0031750202179,0,0
/home/openssl-openssl-3.0.0/crypto/ripemd/rmd_dgst.c,289,80,40,0.103674173355,0.00233793258667,0,0
/home/openssl-openssl-3.0.0/crypto/ripemd/rmd_one.c,35,80,40,0.0434288978577,0.00279116630554,0,0
/home/openssl-openssl-3.0.0/crypto/rsa/rsa_ameth.c,989,80,40,0.333928108215,0.000947952270508,0,0
/home/openssl-openssl-3.0.0/crypto/rsa/rsa_asn1.c,129,80,40,0.407361984253,0.00314092636108,0,0
/home/openssl-openssl-3.0.0/crypto/rsa/rsa_backend.c,591,80,40,0.850087165833,0.00117802619934,0,0
/home/openssl-openssl-3.0.0/crypto/rsa/rsa_chk.c,267,80,40,0.214221954346,0.00137710571289,0,0
/home/openssl-openssl-3.0.0/crypto/rsa/rsa_crpt.c,176,80,40,0.214676856995,0.000834226608276,0,0
/home/openssl-openssl-3.0.0/crypto/rsa/rsa_depr.c,63,80,40,0.083811044693,0.00195908546448,0,0
/home/openssl-openssl-3.0.0/crypto/rsa/rsa_err.c,167,80,40,0.0553789138794,0.00106501579285,0,0
/home/openssl-openssl-3.0.0/crypto/rsa/rsa_gen.c,528,80,40,0.270068883896,0.00137734413147,0,0
/home/openssl-openssl-3.0.0/crypto/rsa/rsa_lib.c,1278,80,40,1.09991598129,0.00107622146606,0,0
/home/openssl-openssl-3.0.0/crypto/rsa/rsa_meth.c,294,80,40,0.127956151962,0.000952005386353,0,0
/home/openssl-openssl-3.0.0/crypto/rsa/rsa_mp.c,116,80,40,0.087975025177,0.0020968914032,0,0
/home/openssl-openssl-3.0.0/crypto/rsa/rsa_mp_names.c,77,80,40,0.000833034515381,0.000504016876221,0,0
/home/openssl-openssl-3.0.0/crypto/rsa/rsa_none.c,50,80,40,0.133222103119,0.00135588645935,0,0
/home/openssl-openssl-3.0.0/crypto/rsa/rsa_oaep.c,376,80,40,0.333321094513,0.00113081932068,0,0
/home/openssl-openssl-3.0.0/crypto/rsa/rsa_ossl.c,1000,80,40,0.253176927567,0.00173497200012,0,0
/home/openssl-openssl-3.0.0/crypto/rsa/rsa_pk1.c,397,80,40,0.217687129974,0.0014488697052,0,0
/home/openssl-openssl-3.0.0/crypto/rsa/rsa_pmeth.c,897,80,40,0.372526168823,0.000829935073853,0,0
/home/openssl-openssl-3.0.0/crypto/rsa/rsa_prn.c,51,80,40,0.0840139389038,0.00165891647339,0,0
/home/openssl-openssl-3.0.0/crypto/rsa/rsa_pss.c,397,80,40,0.177574872971,0.00159192085266,0,0
/home/openssl-openssl-3.0.0/crypto/rsa/rsa_saos.c,100,80,40,0.0786759853363,0.000614881515503,0,0
/home/openssl-openssl-3.0.0/crypto/rsa/rsa_schemes.c,87,80,40,0.205564022064,0.00145101547241,0,0
/home/openssl-openssl-3.0.0/crypto/rsa/rsa_sign.c,458,80,40,0.517729997635,0.00118112564087,0,0
/home/openssl-openssl-3.0.0/crypto/rsa/rsa_sp800_56b_check.c,438,80,40,0.163820028305,0.00111413002014,0,0
/home/openssl-openssl-3.0.0/crypto/rsa/rsa_sp800_56b_gen.c,441,80,40,0.114754199982,0.00102186203003,0,0
/home/openssl-openssl-3.0.0/crypto/rsa/rsa_x931.c,124,80,40,0.0849878787994,0.00236296653748,0,0
/home/openssl-openssl-3.0.0/crypto/rsa/rsa_x931g.c,207,80,40,0.158483028412,0.00290489196777,0,0
/home/openssl-openssl-3.0.0/crypto/seed/seed.c,597,80,40,0.0399210453033,0.00086498260498,0,0
/home/openssl-openssl-3.0.0/crypto/seed/seed_cbc.c,30,80,40,0.0251851081848,0.000804901123047,0,0
/home/openssl-openssl-3.0.0/crypto/seed/seed_cfb.c,27,80,40,0.0121469497681,0.00158596038818,0,0
/home/openssl-openssl-3.0.0/crypto/seed/seed_ecb.c,26,80,40,0.0278489589691,0.000748157501221,0,0
/home/openssl-openssl-3.0.0/crypto/seed/seed_ofb.c,26,80,40,0.0135848522186,0.000952959060669,0,0
/home/openssl-openssl-3.0.0/crypto/sha/sha1_one.c,82,80,40,0.0551919937134,0.00177907943726,0,0
/home/openssl-openssl-3.0.0/crypto/sha/sha1dgst.c,81,80,40,0.112962961197,0.00104808807373,0,0
/home/openssl-openssl-3.0.0/crypto/sha/sha256.c,361,80,40,0.092827796936,0.000912666320801,0,0
/home/openssl-openssl-3.0.0/crypto/sha/sha3.c,110,80,40,0.0849289894104,0.00139498710632,0,0
/home/openssl-openssl-3.0.0/crypto/sha/sha512.c,753,80,40,0.148751020432,0.00348925590515,0,0
/home/openssl-openssl-3.0.0/crypto/siphash/siphash.c,256,80,40,0.139718055725,0.000900983810425,0,0
/home/openssl-openssl-3.0.0/crypto/sm2/sm2_crypt.c,407,80,40,0.249902009964,0.0042450428009,0,0
/home/openssl-openssl-3.0.0/crypto/sm2/sm2_err.c,51,80,40,0.0478420257568,0.00122594833374,0,0
/home/openssl-openssl-3.0.0/crypto/sm2/sm2_key.c,52,80,40,0.076761007309,0.00165796279907,0,0
/home/openssl-openssl-3.0.0/crypto/sm2/sm2_sign.c,500,80,40,0.137773990631,0.00362992286682,0,0
/home/openssl-openssl-3.0.0/crypto/sm3/legacy_sm3.c,32,80,40,0.123110055923,0.00266313552856,0,0
/home/openssl-openssl-3.0.0/crypto/sm3/sm3.c,196,80,40,0.167391061783,0.000992059707642,0,0
/home/openssl-openssl-3.0.0/crypto/sm4/sm4.c,234,80,40,0.0465490818024,0.000952959060669,0,0
/home/openssl-openssl-3.0.0/crypto/srp/srp_lib.c,335,80,40,0.372338056564,0.00105094909668,0,0
/home/openssl-openssl-3.0.0/crypto/srp/srp_vfy.c,774,80,40,0.425407171249,0.00722670555115,0,0
/home/openssl-openssl-3.0.0/crypto/stack/stack.c,452,80,40,0.516018152237,0.00143909454346,0,0
/home/openssl-openssl-3.0.0/crypto/store/store_err.c,76,80,40,0.0507478713989,0.000865936279297,0,0
/home/openssl-openssl-3.0.0/crypto/store/store_init.c,17,80,40,0.0149049758911,0.000720977783203,0,0
/home/openssl-openssl-3.0.0/crypto/store/store_lib.c,1040,80,40,0.265779972076,0.0011830329895,0,0
/home/openssl-openssl-3.0.0/crypto/store/store_meth.c,493,80,40,0.263022899628,0.000779151916504,0,0
/home/openssl-openssl-3.0.0/crypto/store/store_register.c,300,80,40,0.275918006897,0.000990152359009,0,0
/home/openssl-openssl-3.0.0/crypto/store/store_result.c,624,80,40,0.184805870056,0.000835180282593,0,0
/home/openssl-openssl-3.0.0/crypto/store/store_strings.c,30,80,40,0.0324709415436,0.00161814689636,0,0
/home/openssl-openssl-3.0.0/crypto/ts/ts_asn1.c,235,80,40,0.869914054871,0.00276803970337,0,0
/home/openssl-openssl-3.0.0/crypto/ts/ts_conf.c,499,80,40,0.281924962997,0.000913143157959,0,0
/home/openssl-openssl-3.0.0/crypto/ts/ts_err.c,92,80,40,0.0390639305115,0.000940322875977,0,0
/home/openssl-openssl-3.0.0/crypto/ts/ts_lib.c,93,80,40,0.147976875305,0.0033540725708,0,0
/home/openssl-openssl-3.0.0/crypto/ts/ts_req_print.c,52,80,40,0.0641460418701,0.00240087509155,0,0
/home/openssl-openssl-3.0.0/crypto/ts/ts_req_utils.c,184,80,40,0.276783943176,0.00288987159729,0,0
/home/openssl-openssl-3.0.0/crypto/ts/ts_rsp_print.c,196,80,40,0.10094499588,0.00263595581055,0,0
/home/openssl-openssl-3.0.0/crypto/ts/ts_rsp_sign.c,890,80,40,0.688084125519,0.000790119171143,0,0
/home/openssl-openssl-3.0.0/crypto/ts/ts_rsp_utils.c,366,80,40,0.287933111191,0.00104188919067,0,0
/home/openssl-openssl-3.0.0/crypto/ts/ts_rsp_verify.c,574,80,40,0.19722700119,0.00181603431702,0,0
/home/openssl-openssl-3.0.0/crypto/ts/ts_verify_ctx.c,150,80,40,0.0823359489441,0.00239133834839,0,0
/home/openssl-openssl-3.0.0/crypto/txt_db/txt_db.c,318,80,40,0.132375001907,0.00169086456299,0,0
/home/openssl-openssl-3.0.0/crypto/ui/ui_err.c,48,80,40,0.0515439510345,0.00109219551086,0,0
/home/openssl-openssl-3.0.0/crypto/ui/ui_lib.c,937,80,40,0.525186061859,0.00100708007812,0,0
/home/openssl-openssl-3.0.0/crypto/ui/ui_null.c,27,80,40,0.0385248661041,0.00235986709595,0,0
/home/openssl-openssl-3.0.0/crypto/ui/ui_openssl.c,731,80,40,0.221426963806,0.00115394592285,0,0
/home/openssl-openssl-3.0.0/crypto/ui/ui_util.c,163,80,40,0.16615319252,0.00235390663147,0,0
/home/openssl-openssl-3.0.0/crypto/whrlpool/wp_dgst.c,265,80,40,0.0844669342041,0.00139498710632,0,0
/home/openssl-openssl-3.0.0/crypto/x509/by_dir.c,419,80,40,0.237277984619,0.0011682510376,0,0
/home/openssl-openssl-3.0.0/crypto/x509/by_file.c,262,80,40,0.246877908707,0.0011830329895,0,0
/home/openssl-openssl-3.0.0/crypto/x509/by_store.c,246,80,40,0.148706912994,0.00108504295349,0,0
/home/openssl-openssl-3.0.0/crypto/x509/pcy_cache.c,226,80,40,0.185529232025,0.00281691551208,0,0
/home/openssl-openssl-3.0.0/crypto/x509/pcy_data.c,83,80,40,0.0675559043884,0.00418496131897,0,0
/home/openssl-openssl-3.0.0/crypto/x509/pcy_lib.c,109,80,40,0.107559919357,0.00191187858582,0,0
/home/openssl-openssl-3.0.0/crypto/x509/pcy_map.c,84,80,40,0.0619628429413,0.00182604789734,0,0
/home/openssl-openssl-3.0.0/crypto/x509/pcy_node.c,148,80,40,0.196887969971,0.000945091247559,0,0
/home/openssl-openssl-3.0.0/crypto/x509/pcy_tree.c,698,80,40,0.241307020187,0.00330305099487,0,0
/home/openssl-openssl-3.0.0/crypto/x509/t_crl.c,95,80,40,0.150805950165,0.00246787071228,0,0
/home/openssl-openssl-3.0.0/crypto/x509/t_req.c,215,80,40,0.127403974533,0.000807762145996,0,0
/home/openssl-openssl-3.0.0/crypto/x509/t_x509.c,530,80,40,0.273731946945,0.00321125984192,0,0
/home/openssl-openssl-3.0.0/crypto/x509/v3_addr.c,1309,80,40,0.626047849655,0.0171918869019,1,1
/home/openssl-openssl-3.0.0/crypto/x509/v3_admis.c,356,80,40,0.379421949387,0.00210523605347,0,0
/home/openssl-openssl-3.0.0/crypto/x509/v3_akeya.c,24,80,40,0.125483036041,0.00720691680908,0,0
/home/openssl-openssl-3.0.0/crypto/x509/v3_akid.c,206,80,40,0.108501911163,0.00337100028992,0,0
/home/openssl-openssl-3.0.0/crypto/x509/v3_asid.c,884,80,40,0.641088962555,0.00183510780334,0,0
/home/openssl-openssl-3.0.0/crypto/x509/v3_bcons.c,86,80,40,0.153568983078,0.00226712226868,0,0
/home/openssl-openssl-3.0.0/crypto/x509/v3_bitst.c,92,80,40,0.0829470157623,0.000720024108887,0,0
/home/openssl-openssl-3.0.0/crypto/x509/v3_conf.c,585,80,40,0.448554992676,0.000792980194092,0,0
/home/openssl-openssl-3.0.0/crypto/x509/v3_cpols.c,501,80,40,0.694371938705,0.00179815292358,0,0
/home/openssl-openssl-3.0.0/crypto/x509/v3_crld.c,508,80,40,0.498975038528,0.00219011306763,0,0
/home/openssl-openssl-3.0.0/crypto/x509/v3_enum.c,54,80,40,0.0764689445496,0.000787734985352,0,0
/home/openssl-openssl-3.0.0/crypto/x509/v3_extku.c,103,80,40,0.17180109024,0.000786781311035,0,0
/home/openssl-openssl-3.0.0/crypto/x509/v3_genn.c,242,80,40,0.535300970078,0.000707149505615,0,0
/home/openssl-openssl-3.0.0/crypto/x509/v3_ia5.c,65,80,40,0.0728321075439,0.00121808052063,0,0
/home/openssl-openssl-3.0.0/crypto/x509/v3_info.c,157,80,40,0.306041002274,0.00194501876831,0,0
/home/openssl-openssl-3.0.0/crypto/x509/v3_int.c,44,80,40,0.040354013443,0.00185322761536,0,0
/home/openssl-openssl-3.0.0/crypto/x509/v3_ist.c,150,80,40,0.222066879272,0.0012378692627,0,0
/home/openssl-openssl-3.0.0/crypto/x509/v3_lib.c,303,80,40,0.330621004105,0.000756025314331,0,0
/home/openssl-openssl-3.0.0/crypto/x509/v3_ncons.c,815,80,40,0.430181980133,0.00108575820923,0,0
/home/openssl-openssl-3.0.0/crypto/x509/v3_pci.c,322,80,40,0.148741006851,0.000891208648682,0,0
/home/openssl-openssl-3.0.0/crypto/x509/v3_pcia.c,65,80,40,0.194876909256,0.00132298469543,0,0
/home/openssl-openssl-3.0.0/crypto/x509/v3_pcons.c,92,80,40,0.131097078323,0.00153303146362,0,0
/home/openssl-openssl-3.0.0/crypto/x509/v3_pku.c,53,80,40,0.148386001587,0.000966787338257,0,0
/home/openssl-openssl-3.0.0/crypto/x509/v3_pmaps.c,111,80,40,0.134457111359,0.00136303901672,0,0
/home/openssl-openssl-3.0.0/crypto/x509/v3_prn.c,217,80,40,0.149875879288,0.000905990600586,0,0
/home/openssl-openssl-3.0.0/crypto/x509/v3_purp.c,1067,80,40,0.724557876587,0.00108695030212,0,0
/home/openssl-openssl-3.0.0/crypto/x509/v3_san.c,693,80,40,0.237012147903,0.00272083282471,0,0
/home/openssl-openssl-3.0.0/crypto/x509/v3_skid.c,112,80,40,0.172228097916,0.00197100639343,0,0
/home/openssl-openssl-3.0.0/crypto/x509/v3_sxnet.c,239,80,40,0.362022161484,0.00073504447937,0,0
/home/openssl-openssl-3.0.0/crypto/x509/v3_tlsf.c,141,80,40,0.133796930313,0.00301504135132,0,0
/home/openssl-openssl-3.0.0/crypto/x509/v3_utf8.c,69,80,40,0.0736310482025,0.00381302833557,0,0
/home/openssl-openssl-3.0.0/crypto/x509/v3_utl.c,1340,80,40,0.498888969421,0.00120377540588,0,0
/home/openssl-openssl-3.0.0/crypto/x509/v3err.c,148,80,40,0.0472929477692,0.00239396095276,0,0
/home/openssl-openssl-3.0.0/crypto/x509/x509_att.c,350,80,40,0.33954000473,0.000848054885864,0,0
/home/openssl-openssl-3.0.0/crypto/x509/x509_cmp.c,582,80,40,0.663539171219,0.00202488899231,0,0
/home/openssl-openssl-3.0.0/crypto/x509/x509_d2.c,112,80,40,0.181391000748,0.00088906288147,0,0
/home/openssl-openssl-3.0.0/crypto/x509/x509_def.c,44,80,40,0.0363600254059,0.00416493415833,0,0
/home/openssl-openssl-3.0.0/crypto/x509/x509_err.c,95,80,40,0.0527260303497,0.00971698760986,0,0
/home/openssl-openssl-3.0.0/crypto/x509/x509_ext.c,160,80,40,0.54415512085,0.000940799713135,0,0
/home/openssl-openssl-3.0.0/crypto/x509/x509_lu.c,958,80,40,0.684679031372,0.000947237014771,0,0
/home/openssl-openssl-3.0.0/crypto/x509/x509_meth.c,167,80,40,0.0867819786072,0.000944137573242,0,0
/home/openssl-openssl-3.0.0/crypto/x509/x509_obj.c,188,80,40,0.103394031525,0.000988006591797,0,0
/home/openssl-openssl-3.0.0/crypto/x509/x509_r2x.c,68,80,40,0.0666489601135,0.000884056091309,0,0
/home/openssl-openssl-3.0.0/crypto/x509/x509_req.c,298,80,40,0.490816116333,0.000771999359131,0,0
/home/openssl-openssl-3.0.0/crypto/x509/x509_set.c,277,80,40,0.406378984451,0.000695943832397,0,0
/home/openssl-openssl-3.0.0/crypto/x509/x509_trust.c,301,80,40,0.348805904388,0.000895023345947,0,0
/home/openssl-openssl-3.0.0/crypto/x509/x509_txt.c,221,80,40,0.0160620212555,0.000808954238892,0,0
/home/openssl-openssl-3.0.0/crypto/x509/x509_v3.c,235,80,40,0.315818786621,0.00975799560547,0,0
/home/openssl-openssl-3.0.0/crypto/x509/x509_vfy.c,3450,80,40,1.53844690323,0.00735688209534,0,0
/home/openssl-openssl-3.0.0/crypto/x509/x509_vpm.c,633,80,40,0.505949020386,0.00112366676331,0,0
/home/openssl-openssl-3.0.0/crypto/x509/x509cset.c,184,80,40,0.304080963135,0.000728130340576,0,0
/home/openssl-openssl-3.0.0/crypto/x509/x509name.c,357,80,40,0.345440149307,0.0019199848175,0,0
/home/openssl-openssl-3.0.0/crypto/x509/x509rset.c,41,80,40,0.127752065659,0.00169396400452,0,0
/home/openssl-openssl-3.0.0/crypto/x509/x509spki.c,79,80,40,0.155935049057,0.00126719474792,0,0
/home/openssl-openssl-3.0.0/crypto/x509/x509type.c,85,80,40,0.0673129558563,0.00396299362183,0,0
/home/openssl-openssl-3.0.0/crypto/x509/x_all.c,745,80,40,1.32268309593,0.000830888748169,0,0
/home/openssl-openssl-3.0.0/crypto/x509/x_attrib.c,59,80,40,0.218063116074,0.00176787376404,0,0
/home/openssl-openssl-3.0.0/crypto/x509/x_crl.c,531,80,40,0.536782979965,0.00294995307922,0,0
/home/openssl-openssl-3.0.0/crypto/x509/x_exten.c,29,80,40,0.209376096725,0.00185298919678,0,0
/home/openssl-openssl-3.0.0/crypto/x509/x_name.c,558,80,40,0.452780008316,0.00165200233459,0,0
/home/openssl-openssl-3.0.0/crypto/x509/x_pubkey.c,1035,80,40,0.512157917023,0.000913143157959,0,0
/home/openssl-openssl-3.0.0/crypto/x509/x_req.c,174,80,40,0.304607152939,0.00217485427856,0,0
/home/openssl-openssl-3.0.0/crypto/x509/x_x509.c,334,80,40,0.49273109436,0.00257897377014,0,0
/home/openssl-openssl-3.0.0/crypto/x509/x_x509a.c,175,80,40,0.237860918045,0.00300407409668,0,0
/home/openssl-openssl-3.0.0/providers/baseprov.c,179,80,40,0.083783864975,0.000849008560181,0,0
/home/openssl-openssl-3.0.0/providers/defltprov.c,592,80,40,0.0880029201508,0.00129199028015,0,0
/home/openssl-openssl-3.0.0/providers/nullprov.c,81,80,40,0.0903160572052,0.00129103660583,0,0
/home/openssl-openssl-3.0.0/providers/prov_running.c,23,80,40,0.0304520130157,0.00068998336792,0,0
/home/openssl-openssl-3.0.0/providers/common/der/der_rsa_sig.c,74,80,40,0.0209290981293,0.000994920730591,0,0
/home/openssl-openssl-3.0.0/providers/common/der/der_sm2_gen.c,31,80,40,0.00122594833374,0.00106811523438,0,0
/home/openssl-openssl-3.0.0/providers/common/der/der_sm2_key.c,24,80,40,0.0343480110168,0.00114297866821,0,0
/home/openssl-openssl-3.0.0/providers/common/der/der_sm2_sig.c,40,80,40,0.0245161056519,0.000882148742676,0,0
/home/openssl-openssl-3.0.0/providers/common/bio_prov.c,245,80,40,0.510782957077,0.0012321472168,0,0
/home/openssl-openssl-3.0.0/providers/common/capabilities.c,226,80,40,0.114377975464,0.00177621841431,0,0
/home/openssl-openssl-3.0.0/providers/common/digest_to_nid.c,58,80,40,0.0985488891602,0.00213599205017,0,0
/home/openssl-openssl-3.0.0/providers/common/provider_seeding.c,78,80,40,0.107813835144,0.00196504592896,0,0
/home/openssl-openssl-3.0.0/providers/common/provider_util.c,312,80,40,0.121957063675,0.00202798843384,0,0
/home/openssl-openssl-3.0.0/providers/common/securitycheck.c,249,80,40,0.0838720798492,0.000634908676147,0,0
/home/openssl-openssl-3.0.0/providers/common/securitycheck_default.c,44,80,40,0.0730400085449,0.00108098983765,0,0
/home/openssl-openssl-3.0.0/providers/implementations/asymciphers/rsa_enc.c,587,80,40,0.287370920181,0.000713348388672,0,0
/home/openssl-openssl-3.0.0/providers/implementations/asymciphers/sm2_enc.c,232,80,40,0.273771047592,0.00189185142517,0,0
/home/openssl-openssl-3.0.0/providers/implementations/ciphers/cipher_aes.c,96,80,40,0.574501991272,0.00676798820496,0,0
/home/openssl-openssl-3.0.0/providers/implementations/ciphers/cipher_aes_cbc_hmac_sha.c,419,80,40,0.419056892395,0.000833749771118,0,0
/home/openssl-openssl-3.0.0/providers/implementations/ciphers/cipher_aes_cbc_hmac_sha1_hw.c,796,80,40,0.19796204567,0.000913143157959,0,0
/home/openssl-openssl-3.0.0/providers/implementations/ciphers/cipher_aes_cbc_hmac_sha256_hw.c,847,80,40,0.218034982681,0.00935101509094,0,0
/home/openssl-openssl-3.0.0/providers/implementations/ciphers/cipher_aes_ccm.c,50,80,40,0.21450304985,0.00181221961975,0,0
/home/openssl-openssl-3.0.0/providers/implementations/ciphers/cipher_aes_ccm_hw.c,70,80,40,0.0624852180481,0.00214076042175,0,0
/home/openssl-openssl-3.0.0/providers/implementations/ciphers/cipher_aes_gcm.c,51,80,40,0.200312852859,0.00104784965515,0,0
/home/openssl-openssl-3.0.0/providers/implementations/ciphers/cipher_aes_gcm_hw.c,151,80,40,0.112018108368,0.00121879577637,0,0
/home/openssl-openssl-3.0.0/providers/implementations/ciphers/cipher_aes_hw.c,158,80,40,0.4196600914,0.00208306312561,0,0
/home/openssl-openssl-3.0.0/providers/implementations/ciphers/cipher_aes_ocb.c,560,80,40,0.462678909302,0.000761032104492,0,0
/home/openssl-openssl-3.0.0/providers/implementations/ciphers/cipher_aes_ocb_hw.c,123,80,40,0.13764500618,0.000641107559204,0,0
/home/openssl-openssl-3.0.0/providers/implementations/ciphers/cipher_aes_siv.c,304,80,40,0.393810987473,0.00106692314148,0,0
/home/openssl-openssl-3.0.0/providers/implementations/ciphers/cipher_aes_siv_hw.c,137,80,40,0.160383939743,0.000881195068359,0,0
/home/openssl-openssl-3.0.0/providers/implementations/ciphers/cipher_aes_wrp.c,312,80,40,0.747245073318,0.00112795829773,0,0
/home/openssl-openssl-3.0.0/providers/implementations/ciphers/cipher_aes_xts.c,295,80,40,0.300585985184,0.00108170509338,0,0
/home/openssl-openssl-3.0.0/providers/implementations/ciphers/cipher_aes_xts_fips.c,24,80,40,0.00133490562439,0.00081992149353,0,0
/home/openssl-openssl-3.0.0/providers/implementations/ciphers/cipher_aes_xts_hw.c,178,80,40,0.103725910187,0.00186395645142,0,0
/home/openssl-openssl-3.0.0/providers/implementations/ciphers/cipher_aria.c,87,80,40,0.604476928711,0.000657081604004,0,0
/home/openssl-openssl-3.0.0/providers/implementations/ciphers/cipher_aria_ccm.c,45,80,40,0.213114976883,0.000846147537231,0,0
/home/openssl-openssl-3.0.0/providers/implementations/ciphers/cipher_aria_ccm_hw.c,41,80,40,0.0726149082184,0.00179815292358,0,0
/home/openssl-openssl-3.0.0/providers/implementations/ciphers/cipher_aria_gcm.c,45,80,40,0.239530086517,0.00190711021423,0,0
/home/openssl-openssl-3.0.0/providers/implementations/ciphers/cipher_aria_gcm_hw.c,38,80,40,0.0719420909882,0.00245785713196,0,0
/home/openssl-openssl-3.0.0/providers/implementations/ciphers/cipher_aria_hw.c,53,80,40,0.24406003952,0.000885009765625,0,0
/home/openssl-openssl-3.0.0/providers/implementations/ciphers/cipher_camellia.c,95,80,40,0.512058019638,0.00721096992493,0,0
/home/openssl-openssl-3.0.0/providers/implementations/ciphers/cipher_camellia_hw.c,75,80,40,0.235165119171,0.00153684616089,0,0
/home/openssl-openssl-3.0.0/providers/implementations/ciphers/cipher_chacha20.c,206,80,40,0.22275185585,0.000948190689087,0,0
/home/openssl-openssl-3.0.0/providers/implementations/ciphers/cipher_chacha20_hw.c,123,80,40,0.0946559906006,0.00176405906677,0,0
/home/openssl-openssl-3.0.0/providers/implementations/ciphers/cipher_chacha20_poly1305.c,336,80,40,0.222713947296,0.000725984573364,0,0
/home/openssl-openssl-3.0.0/providers/implementations/ciphers/cipher_chacha20_poly1305_hw.c,416,80,40,0.310899972916,0.000778913497925,0,0
/home/openssl-openssl-3.0.0/providers/implementations/ciphers/cipher_cts.c,380,80,40,0.226485013962,0.00113701820374,0,0
/home/openssl-openssl-3.0.0/providers/implementations/ciphers/cipher_null.c,198,80,40,0.171488046646,0.00108408927917,0,0
/home/openssl-openssl-3.0.0/providers/implementations/ciphers/cipher_sm4.c,55,80,40,0.215761184692,0.000946760177612,0,0
/home/openssl-openssl-3.0.0/providers/implementations/ciphers/cipher_sm4_hw.c,47,80,40,0.172982931137,0.00132322311401,0,0
/home/openssl-openssl-3.0.0/providers/implementations/ciphers/cipher_tdes.c,30,80,40,0.110957860947,0.0159778594971,0,0
/home/openssl-openssl-3.0.0/providers/implementations/ciphers/cipher_tdes_common.c,150,80,40,0.229063987732,0.00356101989746,0,0
/home/openssl-openssl-3.0.0/providers/implementations/ciphers/cipher_tdes_default.c,36,80,40,0.40756893158,0.000733852386475,0,0
/home/openssl-openssl-3.0.0/providers/implementations/ciphers/cipher_tdes_default_hw.c,148,80,40,0.260943889618,0.0011100769043,0,0
/home/openssl-openssl-3.0.0/providers/implementations/ciphers/cipher_tdes_hw.c,99,80,40,0.121351957321,0.000879049301147,0,0
/home/openssl-openssl-3.0.0/providers/implementations/ciphers/cipher_tdes_wrap.c,211,80,40,0.237101078033,0.00096607208252,0,0
/home/openssl-openssl-3.0.0/providers/implementations/ciphers/cipher_tdes_wrap_hw.c,21,80,40,0.0316300392151,0.00283002853394,0,0
/home/openssl-openssl-3.0.0/providers/implementations/digests/blake2_prov.c,42,80,40,0.202036142349,0.00573801994324,0,0
/home/openssl-openssl-3.0.0/providers/implementations/digests/blake2b_prov.c,332,80,40,0.0958118438721,0.000982284545898,0,0
/home/openssl-openssl-3.0.0/providers/implementations/digests/blake2s_prov.c,323,80,40,0.0968379974365,0.000618934631348,0,0
/home/openssl-openssl-3.0.0/providers/implementations/digests/md5_prov.c,25,80,40,0.146889925003,0.00139498710632,0,0
/home/openssl-openssl-3.0.0/providers/implementations/digests/md5_sha1_prov.c,62,80,40,0.175992012024,0.00150203704834,0,0
/home/openssl-openssl-3.0.0/providers/implementations/digests/sha2_prov.c,96,80,40,0.343923091888,0.000676870346069,0,0
/home/openssl-openssl-3.0.0/providers/implementations/digests/sha3_prov.c,333,80,40,0.368557929993,0.000886917114258,0,0
/home/openssl-openssl-3.0.0/providers/implementations/digests/sm3_prov.c,19,80,40,0.138487100601,0.000823020935059,0,0
/home/openssl-openssl-3.0.0/providers/implementations/encode_decode/decode_der2key.c,781,80,40,1.21876502037,0.001060962677,0,0
/home/openssl-openssl-3.0.0/providers/implementations/encode_decode/decode_epki2pki.c,155,80,40,0.0972719192505,0.0024950504303,0,0
/home/openssl-openssl-3.0.0/providers/implementations/encode_decode/decode_msblob2key.c,271,80,40,0.171563148499,0.00197696685791,0,0
/home/openssl-openssl-3.0.0/providers/implementations/encode_decode/decode_pem2der.c,216,80,40,0.170248031616,0.00280809402466,0,0
/home/openssl-openssl-3.0.0/providers/implementations/encode_decode/decode_pvk2key.c,237,80,40,0.170093774796,0.00228428840637,0,0
/home/openssl-openssl-3.0.0/providers/implementations/encode_decode/decode_spki2typespki.c,125,80,40,0.101078033447,0.00267100334167,0,0
/home/openssl-openssl-3.0.0/providers/implementations/encode_decode/encode_key2any.c,1462,80,40,2.752628088,0.000995874404907,0,0
/home/openssl-openssl-3.0.0/providers/implementations/encode_decode/encode_key2blob.c,176,80,40,0.354242086411,0.00151395797729,0,0
/home/openssl-openssl-3.0.0/providers/implementations/encode_decode/encode_key2ms.c,229,80,40,0.348906040192,0.00516510009766,0,0
/home/openssl-openssl-3.0.0/providers/implementations/encode_decode/encode_key2text.c,881,80,40,1.18015813828,0.000925779342651,0,0
/home/openssl-openssl-3.0.0/providers/implementations/encode_decode/endecoder_common.c,102,80,40,0.156825780869,0.000560998916626,0,0
/home/openssl-openssl-3.0.0/providers/implementations/exchange/dh_exch.c,500,80,40,0.257164955139,0.000668048858643,0,0
/home/openssl-openssl-3.0.0/providers/implementations/exchange/ecdh_exch.c,581,80,40,0.228977918625,0.000792980194092,0,0
/home/openssl-openssl-3.0.0/providers/implementations/exchange/ecx_exch.c,244,80,40,0.188269853592,0.000733375549316,0,0
/home/openssl-openssl-3.0.0/providers/implementations/exchange/kdf_exch.c,196,80,40,0.329668998718,0.000955104827881,0,0
/home/openssl-openssl-3.0.0/providers/implementations/kdfs/hkdf.c,742,80,40,0.313498020172,0.000664949417114,0,0
/home/openssl-openssl-3.0.0/providers/implementations/kdfs/kbkdf.c,395,80,40,0.302141904831,0.00721907615662,0,0
/home/openssl-openssl-3.0.0/providers/implementations/kdfs/krb5kdf.c,465,80,40,0.290699005127,0.000744104385376,0,0
/home/openssl-openssl-3.0.0/providers/implementations/kdfs/pbkdf2.c,362,80,40,0.293416023254,0.000829696655273,0,0
/home/openssl-openssl-3.0.0/providers/implementations/kdfs/pbkdf2_fips.c,21,80,40,9.53674316406e-07,0.000492095947266,0,0
/home/openssl-openssl-3.0.0/providers/implementations/kdfs/pkcs12kdf.c,299,80,40,0.243389129639,0.00543403625488,0,0
/home/openssl-openssl-3.0.0/providers/implementations/kdfs/scrypt.c,516,80,40,0.278622865677,0.00643110275269,0,0
/home/openssl-openssl-3.0.0/providers/implementations/kdfs/sshkdf.c,301,80,40,0.268970966339,0.00340795516968,0,0
/home/openssl-openssl-3.0.0/providers/implementations/kdfs/sskdf.c,548,80,40,0.264399051666,0.00603294372559,0,0
/home/openssl-openssl-3.0.0/providers/implementations/kdfs/tls1_prf.c,410,80,40,0.260771989822,0.00163984298706,0,0
/home/openssl-openssl-3.0.0/providers/implementations/kdfs/x942kdf.c,593,80,40,0.27113199234,0.00121712684631,0,0
/home/openssl-openssl-3.0.0/providers/implementations/kem/rsa_kem.c,365,80,40,0.327313899994,0.000961065292358,0,0
/home/openssl-openssl-3.0.0/providers/implementations/keymgmt/dh_kmgmt.c,852,80,40,0.517478942871,0.00120806694031,0,0
/home/openssl-openssl-3.0.0/providers/implementations/keymgmt/dsa_kmgmt.c,645,80,40,0.46918797493,0.0109946727753,0,0
/home/openssl-openssl-3.0.0/providers/implementations/keymgmt/ec_kmgmt.c,1440,80,40,0.702469110489,0.00195789337158,0,0
/home/openssl-openssl-3.0.0/providers/implementations/keymgmt/ecx_kmgmt.c,1040,80,40,0.807672023773,0.00723600387573,0,0
/home/openssl-openssl-3.0.0/providers/implementations/keymgmt/kdf_legacy_kmgmt.c,105,80,40,0.0997269153595,0.000789880752563,0,0
/home/openssl-openssl-3.0.0/providers/implementations/keymgmt/mac_legacy_kmgmt.c,576,80,40,0.430063962936,0.00106573104858,0,0
/home/openssl-openssl-3.0.0/providers/implementations/keymgmt/rsa_kmgmt.c,711,80,40,1.08409905434,0.00856113433838,0,0
/home/openssl-openssl-3.0.0/providers/implementations/macs/blake2b_mac.c,34,80,40,0.00104188919067,0.000779867172241,0,0
/home/openssl-openssl-3.0.0/providers/implementations/macs/blake2s_mac.c,33,80,40,0.000826120376587,0.000659942626953,0,0
/home/openssl-openssl-3.0.0/providers/implementations/macs/cmac_prov.c,223,80,40,0.384035110474,0.00178194046021,0,0
/home/openssl-openssl-3.0.0/providers/implementations/macs/gmac_prov.c,257,80,40,0.28385591507,0.000940799713135,0,0
/home/openssl-openssl-3.0.0/providers/implementations/macs/hmac_prov.c,367,80,40,0.291395902634,0.0012538433075,0,0
/home/openssl-openssl-3.0.0/providers/implementations/macs/kmac_prov.c,628,80,40,0.375328063965,0.00129508972168,0,0
/home/openssl-openssl-3.0.0/providers/implementations/macs/poly1305_prov.c,183,80,40,0.250837087631,0.0019109249115,0,0
/home/openssl-openssl-3.0.0/providers/implementations/macs/siphash_prov.c,228,80,40,0.327409029007,0.000648975372314,0,0
/home/openssl-openssl-3.0.0/providers/implementations/rands/crngt.c,199,80,40,0.147715806961,0.000950813293457,0,0
/home/openssl-openssl-3.0.0/providers/implementations/rands/drbg.c,931,80,40,0.400862932205,0.000842094421387,0,0
/home/openssl-openssl-3.0.0/providers/implementations/rands/drbg_ctr.c,757,80,40,0.493082046509,0.00689601898193,0,0
/home/openssl-openssl-3.0.0/providers/implementations/rands/drbg_hash.c,530,80,40,0.345288991928,0.00882196426392,0,0
/home/openssl-openssl-3.0.0/providers/implementations/rands/drbg_hmac.c,433,80,40,0.368726015091,0.000775814056396,0,0
/home/openssl-openssl-3.0.0/providers/implementations/rands/seed_src.c,253,80,40,0.150580883026,0.000730276107788,0,0
/home/openssl-openssl-3.0.0/providers/implementations/rands/test_rng.c,305,80,40,0.236634969711,0.00181126594543,0,0
/home/openssl-openssl-3.0.0/providers/implementations/rands/seeding/rand_cpu_x86.c,108,80,40,0.00130295753479,0.000617980957031,0,0
/home/openssl-openssl-3.0.0/providers/implementations/rands/seeding/rand_tsc.c,49,80,40,0.00135803222656,0.00317811965942,0,0
/home/openssl-openssl-3.0.0/providers/implementations/rands/seeding/rand_unix.c,883,80,40,0.338860988617,0.00118017196655,0,0
/home/openssl-openssl-3.0.0/providers/implementations/rands/seeding/rand_win.c,182,80,40,0.00127291679382,0.000710248947144,0,0
/home/openssl-openssl-3.0.0/providers/implementations/signature/dsa_sig.c,592,80,40,0.521051883698,0.00717306137085,0,0
/home/openssl-openssl-3.0.0/providers/implementations/signature/ecdsa_sig.c,606,80,40,0.491417884827,0.00895714759827,0,0
/home/openssl-openssl-3.0.0/providers/implementations/signature/eddsa_sig.c,440,80,40,0.176433086395,0.00129699707031,0,0
/home/openssl-openssl-3.0.0/providers/implementations/signature/mac_legacy_sig.c,260,80,40,0.395109176636,0.00177574157715,0,0
/home/openssl-openssl-3.0.0/providers/implementations/signature/rsa_sig.c,1467,80,40,0.664801120758,0.00311994552612,0,0
/home/openssl-openssl-3.0.0/providers/implementations/signature/sm2_sig.c,545,80,40,0.375580072403,0.00716686248779,0,0
/home/openssl-openssl-3.0.0/providers/implementations/storemgmt/file_store.c,792,80,40,0.713900089264,0.000953912734985,0,0
/home/openssl-openssl-3.0.0/providers/implementations/storemgmt/file_store_any2obj.c,262,80,40,0.292959928513,0.00149083137512,0,0
/home/openssl-openssl-3.0.0/ssl/s3_cbc.c,514,80,40,0.126794815063,0.00105500221252,0,0
/home/openssl-openssl-3.0.0/providers/common/der/der_digests_gen.c,161,80,40,0.000237941741943,0.000776052474976,0,0
/home/openssl-openssl-3.0.0/providers/common/der/der_dsa_gen.c,95,80,40,0.00032901763916,0.000808954238892,0,0
/home/openssl-openssl-3.0.0/providers/common/der/der_dsa_key.c,28,80,40,0.0201330184937,0.00206208229065,0,0
/home/openssl-openssl-3.0.0/providers/common/der/der_dsa_sig.c,51,80,40,0.020761013031,0.00311803817749,0,0
/home/openssl-openssl-3.0.0/providers/common/der/der_ec_gen.c,280,80,40,0.00174593925476,0.00207901000977,0,0
/home/openssl-openssl-3.0.0/providers/common/der/der_ec_key.c,22,80,40,0.0217962265015,0.00125098228455,0,0
/home/openssl-openssl-3.0.0/providers/common/der/der_ec_sig.c,52,80,40,0.027065038681,0.000836133956909,0,0
/home/openssl-openssl-3.0.0/providers/common/der/der_ecx_gen.c,45,80,40,0.000536918640137,0.000547170639038,0,0
/home/openssl-openssl-3.0.0/providers/common/der/der_ecx_key.c,49,80,40,0.0215921401978,0.000850915908813,0,0
/home/openssl-openssl-3.0.0/providers/common/der/der_rsa_gen.c,175,80,40,0.000659942626953,0.00184106826782,0,0
/home/openssl-openssl-3.0.0/providers/common/der/der_rsa_key.c,392,80,40,0.1115629673,0.00236010551453,0,0
/home/openssl-openssl-3.0.0/providers/common/der/der_wrap_gen.c,47,80,40,0.000604867935181,0.00125789642334,0,0
/home/openssl-openssl-3.0.0/providers/common/provider_ctx.c,62,80,40,0.0475420951843,0.000972986221313,0,0
/home/openssl-openssl-3.0.0/providers/common/provider_err.c,230,80,40,0.0393538475037,0.000849008560181,0,0
/home/openssl-openssl-3.0.0/providers/implementations/ciphers/ciphercommon.c,681,80,40,0.367634057999,0.000919103622437,0,0
/home/openssl-openssl-3.0.0/providers/implementations/ciphers/ciphercommon_block.c,191,80,40,0.0976040363312,0.000920057296753,0,0
/home/openssl-openssl-3.0.0/providers/implementations/ciphers/ciphercommon_ccm.c,454,80,40,0.233529090881,0.000767946243286,0,0
/home/openssl-openssl-3.0.0/providers/implementations/ciphers/ciphercommon_ccm_hw.c,70,80,40,0.0770280361176,0.0169770717621,0,0
/home/openssl-openssl-3.0.0/providers/implementations/ciphers/ciphercommon_gcm.c,562,80,40,0.269114017487,0.00325608253479,0,0
/home/openssl-openssl-3.0.0/providers/implementations/ciphers/ciphercommon_gcm_hw.c,70,80,40,0.102772951126,0.000730037689209,0,0
/home/openssl-openssl-3.0.0/providers/implementations/ciphers/ciphercommon_hw.c,195,80,40,0.0562748908997,0.00254988670349,0,0
/home/openssl-openssl-3.0.0/providers/implementations/digests/digestcommon.c,55,80,40,0.111301898956,0.00204300880432,0,0
/home/openssl-openssl-3.0.0/ssl/record/tls_pad.c,320,80,40,0.142216920853,0.000820159912109,0,0
/home/openssl-openssl-3.0.0/ssl/bio_ssl.c,508,80,40,0.153231859207,0.00103807449341,0,0
/home/openssl-openssl-3.0.0/ssl/d1_lib.c,966,80,40,0.223916053772,0.00971579551697,0,0
/home/openssl-openssl-3.0.0/ssl/d1_msg.c,72,80,40,0.134630918503,0.000755071640015,0,0
/home/openssl-openssl-3.0.0/ssl/d1_srtp.c,136,80,40,0.146741867065,0.000902891159058,0,0
/home/openssl-openssl-3.0.0/ssl/methods.c,280,80,40,0.979772090912,0.000807046890259,0,0
/home/openssl-openssl-3.0.0/ssl/pqueue.c,159,80,40,0.223788022995,0.00252890586853,0,0
/home/openssl-openssl-3.0.0/ssl/s3_enc.c,597,80,40,0.110836029053,0.00590300559998,0,0
/home/openssl-openssl-3.0.0/ssl/s3_lib.c,4947,80,40,0.699357032776,0.00475001335144,0,0
/home/openssl-openssl-3.0.0/ssl/s3_msg.c,111,80,40,0.153574943542,0.00135469436646,0,0
/home/openssl-openssl-3.0.0/ssl/ssl_asn1.c,401,80,40,0.288902044296,0.000872135162354,0,0
/home/openssl-openssl-3.0.0/ssl/ssl_cert.c,1115,80,40,0.451799154282,0.00625467300415,0,0
/home/openssl-openssl-3.0.0/ssl/ssl_ciph.c,2230,80,40,0.606878995895,0.000951051712036,0,0
/home/openssl-openssl-3.0.0/ssl/ssl_conf.c,1075,80,40,0.5471971035,0.00450682640076,0,0
/home/openssl-openssl-3.0.0/ssl/ssl_err.c,570,80,40,0.0562250614166,0.00295901298523,0,0
/home/openssl-openssl-3.0.0/ssl/ssl_err_legacy.c,22,80,40,0.0363948345184,0.00104475021362,0,0
/home/openssl-openssl-3.0.0/ssl/ssl_init.c,144,80,40,0.0792269706726,0.000866889953613,0,0
/home/openssl-openssl-3.0.0/ssl/ssl_lib.c,5996,80,40,2.97266793251,0.00148606300354,0,0
/home/openssl-openssl-3.0.0/ssl/ssl_mcnf.c,103,80,40,0.100670099258,0.000837087631226,0,0
/home/openssl-openssl-3.0.0/ssl/ssl_rsa.c,987,80,40,0.345366954803,0.0063488483429,0,0
/home/openssl-openssl-3.0.0/ssl/ssl_rsa_legacy.c,181,80,40,0.10196685791,0.00108885765076,0,0
/home/openssl-openssl-3.0.0/ssl/ssl_sess.c,1390,80,40,1.06988883018,0.00151395797729,0,0
/home/openssl-openssl-3.0.0/ssl/ssl_stat.c,389,80,40,0.0555348396301,0.00278878211975,0,0
/home/openssl-openssl-3.0.0/ssl/ssl_txt.c,203,80,40,0.147747993469,0.000701904296875,0,0
/home/openssl-openssl-3.0.0/ssl/ssl_utst.c,25,80,40,0.00744700431824,0.00111699104309,0,0
/home/openssl-openssl-3.0.0/ssl/t1_enc.c,858,80,40,0.246171951294,0.00643396377563,0,0
/home/openssl-openssl-3.0.0/ssl/t1_lib.c,3478,80,40,0.840004920959,0.00167393684387,0,0
/home/openssl-openssl-3.0.0/ssl/t1_trce.c,1600,80,40,0.394703149796,0.00134086608887,0,0
/home/openssl-openssl-3.0.0/ssl/tls13_enc.c,905,80,40,0.340348958969,0.00540614128113,0,0
/home/openssl-openssl-3.0.0/ssl/tls_depr.c,206,80,40,0.303253173828,0.00114679336548,0,0
/home/openssl-openssl-3.0.0/ssl/tls_srp.c,513,80,40,0.517116069794,0.000832080841064,0,0
/home/openssl-openssl-3.0.0/ssl/record/dtls1_bitmap.c,79,80,40,0.152107954025,0.00150990486145,0,0
/home/openssl-openssl-3.0.0/ssl/record/rec_layer_d1.c,1050,80,40,0.230010032654,0.00645065307617,0,0
/home/openssl-openssl-3.0.0/ssl/record/rec_layer_s3.c,1814,80,40,0.254082918167,0.00109720230103,0,0
/home/openssl-openssl-3.0.0/ssl/record/ssl3_buffer.c,186,80,40,0.0972020626068,0.00070595741272,0,0
/home/openssl-openssl-3.0.0/ssl/record/ssl3_record.c,1920,80,40,0.327434062958,0.001060962677,0,0
/home/openssl-openssl-3.0.0/ssl/record/ssl3_record_tls13.c,189,80,40,0.111034154892,0.00074577331543,0,0
/home/openssl-openssl-3.0.0/ssl/statem/extensions.c,1704,80,40,0.290945053101,0.000831127166748,0,0
/home/openssl-openssl-3.0.0/ssl/statem/extensions_clnt.c,1974,80,40,0.288444042206,0.00128293037415,0,0
/home/openssl-openssl-3.0.0/ssl/statem/extensions_cust.c,529,80,40,0.306537866592,0.00097131729126,0,0
/home/openssl-openssl-3.0.0/ssl/statem/extensions_srvr.c,1907,80,40,0.253303050995,0.00117897987366,0,0
/home/openssl-openssl-3.0.0/ssl/statem/statem.c,980,80,40,0.350960016251,0.00852489471436,0,0
/home/openssl-openssl-3.0.0/ssl/statem/statem_clnt.c,3776,80,40,0.525210857391,0.00876307487488,0,0
/home/openssl-openssl-3.0.0/ssl/statem/statem_dtls.c,1292,80,40,0.40284705162,0.00624322891235,0,0
/home/openssl-openssl-3.0.0/ssl/statem/statem_lib.c,2407,80,40,0.587517023087,0.00133204460144,0,0
/home/openssl-openssl-3.0.0/ssl/statem/statem_srvr.c,4098,80,40,0.845726966858,0.00587320327759,0,0
/home/openssl-openssl-3.0.0/crypto/bn/asm/x86_64-gcc.c,643,80,40,0.161362886429,0.00112009048462,0,0
/home/openssl-openssl-3.0.0/crypto/bn/rsaz_exp.c,316,80,40,0.0349149703979,0.00450396537781,0,0
/home/openssl-openssl-3.0.0/crypto/bn/rsaz_exp_x2.c,549,80,40,0.0976650714874,0.00135111808777,0,0
/home/openssl-openssl-3.0.0/crypto/des/des_enc.c,306,80,40,0.0417940616608,0.000898122787476,0,0
/home/openssl-openssl-3.0.0/crypto/des/fcrypt_b.c,79,80,40,0.027195930481,0.00162601470947,0,0
/home/openssl-openssl-3.0.0/crypto/cpuid.c,215,80,40,0.0962920188904,0.00309300422668,0,0
/home/openssl-openssl-3.0.0/crypto/ctype.c,281,80,40,0.0783939361572,0.00110530853271,0,0
/home/openssl-openssl-3.0.0/crypto/md5/md5_dgst.c,171,80,40,0.0505290031433,0.00284790992737,0,0
/home/openssl-openssl-3.0.0/crypto/md5/md5_one.c,54,80,40,0.0482769012451,0.00102996826172,0,0
/home/openssl-openssl-3.0.0/crypto/md5/md5_sha1.c,109,80,40,0.219825029373,0.000900030136108,0,0
/home/openssl-openssl-3.0.0/providers/common/provider_util.c,312,80,40,0.119172096252,0.00280284881592,0,0
/home/openssl-openssl-3.0.0/providers/implementations/ciphers/cipher_blowfish.c,61,80,40,0.215712070465,0.00145483016968,0,0
/home/openssl-openssl-3.0.0/providers/implementations/ciphers/cipher_blowfish_hw.c,43,80,40,0.167396068573,0.000887870788574,0,0
/home/openssl-openssl-3.0.0/providers/implementations/ciphers/cipher_cast5.c,62,80,40,0.179692983627,0.00254416465759,0,0
/home/openssl-openssl-3.0.0/providers/implementations/ciphers/cipher_cast5_hw.c,43,80,40,0.180296897888,0.000748157501221,0,0
/home/openssl-openssl-3.0.0/providers/implementations/ciphers/cipher_des.c,203,80,40,0.502749919891,0.00086498260498,0,0
/home/openssl-openssl-3.0.0/providers/implementations/ciphers/cipher_des_hw.c,197,80,40,0.209776163101,0.00388193130493,0,0
/home/openssl-openssl-3.0.0/providers/implementations/ciphers/cipher_desx.c,22,80,40,0.077849149704,0.00485396385193,0,0
/home/openssl-openssl-3.0.0/providers/implementations/ciphers/cipher_desx_hw.c,81,80,40,0.0878460407257,0.000820875167847,0,0
/home/openssl-openssl-3.0.0/providers/implementations/ciphers/cipher_idea.c,60,80,40,0.178527116776,0.00150585174561,0,0
/home/openssl-openssl-3.0.0/providers/implementations/ciphers/cipher_idea_hw.c,64,80,40,0.188551902771,0.00185990333557,0,0
/home/openssl-openssl-3.0.0/providers/implementations/ciphers/cipher_rc2.c,284,80,40,0.316966056824,0.000702857971191,0,0
/home/openssl-openssl-3.0.0/providers/implementations/ciphers/cipher_rc2_hw.c,44,80,40,0.165688991547,0.000897884368896,0,0
/home/openssl-openssl-3.0.0/providers/implementations/ciphers/cipher_rc4.c,122,80,40,0.211477041245,0.000869989395142,0,0
/home/openssl-openssl-3.0.0/providers/implementations/ciphers/cipher_rc4_hmac_md5.c,235,80,40,0.232223987579,0.000906229019165,0,0
/home/openssl-openssl-3.0.0/providers/implementations/ciphers/cipher_rc4_hmac_md5_hw.c,234,80,40,0.194989919662,0.000888109207153,0,0
/home/openssl-openssl-3.0.0/providers/implementations/ciphers/cipher_rc4_hw.c,45,80,40,0.0842700004578,0.00169110298157,0,0
/home/openssl-openssl-3.0.0/providers/implementations/ciphers/cipher_seed.c,59,80,40,0.209045171738,0.0022349357605,0,0
/home/openssl-openssl-3.0.0/providers/implementations/ciphers/cipher_seed_hw.c,43,80,40,0.167141914368,0.00279021263123,0,0
/home/openssl-openssl-3.0.0/providers/implementations/ciphers/cipher_tdes_common.c,150,80,40,0.227162122726,0.000674962997437,0,0
/home/openssl-openssl-3.0.0/providers/implementations/digests/md4_prov.c,25,80,40,0.141288042068,0.0011420249939,0,0
/home/openssl-openssl-3.0.0/providers/implementations/digests/mdc2_prov.c,62,80,40,0.150721073151,0.00175619125366,0,0
/home/openssl-openssl-3.0.0/providers/implementations/digests/ripemd_prov.c,25,80,40,0.148418903351,0.00492930412292,0,0
/home/openssl-openssl-3.0.0/providers/implementations/digests/wp_prov.c,25,80,40,0.144979000092,0.00106287002563,0,0
/home/openssl-openssl-3.0.0/providers/implementations/kdfs/pbkdf1.c,243,80,40,0.224117040634,0.00089693069458,0,0
/home/openssl-openssl-3.0.0/providers/prov_running.c,23,80,40,0.0354990959167,0.000715970993042,0,0
/home/openssl-openssl-3.0.0/apps/lib/opt.c,1199,80,40,0.739275932312,0.0267381668091,1,1
/home/openssl-openssl-3.0.0/test/testutil/apps_shims.c,57,80,40,0.0865471363068,0.00254201889038,0,0
/home/openssl-openssl-3.0.0/test/testutil/basic_output.c,103,80,40,0.220020055771,0.000712156295776,0,0
/home/openssl-openssl-3.0.0/test/testutil/cb.c,17,80,40,0.0500869750977,0.00070595741272,0,0
/home/openssl-openssl-3.0.0/test/testutil/driver.c,475,80,40,0.164810180664,0.00227975845337,0,0
/home/openssl-openssl-3.0.0/test/testutil/fake_random.c,232,80,40,0.208255052567,0.000750064849854,0,0
/home/openssl-openssl-3.0.0/test/testutil/format_output.c,536,80,40,0.128460168839,0.000809907913208,0,0
/home/openssl-openssl-3.0.0/test/testutil/load.c,106,80,40,0.136944055557,0.0020740032196,0,0
/home/openssl-openssl-3.0.0/test/testutil/main.c,41,80,40,0.0632908344269,0.00229072570801,0,0
/home/openssl-openssl-3.0.0/test/testutil/options.c,80,80,40,0.0866630077362,0.00073504447937,0,0
/home/openssl-openssl-3.0.0/test/testutil/output.c,59,80,40,0.0468380451202,0.0011420249939,0,0
/home/openssl-openssl-3.0.0/test/testutil/provider.c,65,80,40,0.109079122543,0.00158286094666,0,0
/home/openssl-openssl-3.0.0/test/testutil/random.c,41,80,40,0.0285241603851,0.00173377990723,0,0
/home/openssl-openssl-3.0.0/test/testutil/stanza.c,160,80,40,0.121454000473,0.00254106521606,0,0
/home/openssl-openssl-3.0.0/test/testutil/test_cleanup.c,15,80,40,0.0215699672699,0.000700950622559,0,0
/home/openssl-openssl-3.0.0/test/testutil/test_options.c,22,80,40,0.0667550563812,0.000653028488159,0,0
/home/openssl-openssl-3.0.0/test/testutil/tests.c,473,80,40,0.177773952484,0.00211215019226,0,0
/home/openssl-openssl-3.0.0/test/testutil/testutil_init.c,143,80,40,0.0545928478241,0.00361204147339,0,0
/home/openssl-openssl-3.0.0/crypto/aes/aes_cfb.c,50,80,40,0.0126490592957,0.00140595436096,0,0
/home/openssl-openssl-3.0.0/crypto/aes/aes_ecb.c,33,80,40,0.0251760482788,0.00107502937317,0,0
/home/openssl-openssl-3.0.0/crypto/aes/aes_ige.c,302,80,40,0.0277919769287,0.00103187561035,0,0
/home/openssl-openssl-3.0.0/crypto/aes/aes_misc.c,24,80,40,0.0347619056702,0.00365924835205,0,0
/home/openssl-openssl-3.0.0/crypto/aes/aes_ofb.c,26,80,40,0.012913942337,0.000819206237793,0,0
/home/openssl-openssl-3.0.0/crypto/aes/aes_wrap.c,34,80,40,0.0579810142517,0.000915765762329,0,0
/home/openssl-openssl-3.0.0/crypto/aria/aria.c,1213,80,40,0.195899963379,0.0032799243927,0,0
/home/openssl-openssl-3.0.0/crypto/asn1/a_bitstr.c,217,80,40,0.185933828354,0.00208210945129,0,0
/home/openssl-openssl-3.0.0/crypto/asn1/a_d2i_fp.c,254,80,40,0.179816007614,0.000824213027954,0,0
/home/openssl-openssl-3.0.0/crypto/asn1/a_digest.c,95,80,40,0.122184038162,0.00154614448547,0,0
/home/openssl-openssl-3.0.0/crypto/asn1/a_dup.c,98,80,40,0.0568380355835,0.00185823440552,0,0
/home/openssl-openssl-3.0.0/crypto/asn1/a_gentm.c,87,80,40,0.222711086273,0.0018470287323,0,0
/home/openssl-openssl-3.0.0/crypto/asn1/a_i2d_fp.c,130,80,40,0.10668182373,0.00149512290955,0,0
/home/openssl-openssl-3.0.0/crypto/asn1/a_int.c,644,80,40,0.566788196564,0.000606775283813,0,0
/home/openssl-openssl-3.0.0/crypto/asn1/a_mbstr.c,351,80,40,0.217736959457,0.00409078598022,0,0
/home/openssl-openssl-3.0.0/crypto/asn1/a_object.c,394,80,40,0.264792919159,0.000945091247559,0,0
/home/openssl-openssl-3.0.0/crypto/asn1/a_octet.c,30,80,40,0.0802249908447,0.000885725021362,0,0
/home/openssl-openssl-3.0.0/crypto/asn1/a_print.c,97,80,40,0.155717134476,0.00075364112854,0,0
/home/openssl-openssl-3.0.0/crypto/asn1/a_sign.c,302,80,40,0.158424139023,0.000740051269531,0,0
/home/openssl-openssl-3.0.0/crypto/asn1/a_strex.c,629,80,40,0.362581014633,0.00341892242432,0,0
/home/openssl-openssl-3.0.0/crypto/asn1/a_strnid.c,223,80,40,0.308492183685,0.00374865531921,0,0
/home/openssl-openssl-3.0.0/crypto/asn1/a_time.c,592,80,40,0.502269029617,0.00146818161011,0,0
/home/openssl-openssl-3.0.0/crypto/asn1/a_type.c,139,80,40,0.173615932465,0.00325918197632,0,0
/home/openssl-openssl-3.0.0/crypto/asn1/a_utctm.c,102,80,40,0.246057987213,0.00147318840027,0,0
/home/openssl-openssl-3.0.0/crypto/asn1/a_utf8.c,138,80,40,0.289007902145,0.00166392326355,0,0
/home/openssl-openssl-3.0.0/crypto/asn1/a_verify.c,225,80,40,0.137696027756,0.00233697891235,0,0
/home/openssl-openssl-3.0.0/crypto/asn1/ameth_lib.c,439,80,40,0.306317090988,0.000817060470581,0,0
/home/openssl-openssl-3.0.0/crypto/asn1/asn1_err.c,213,80,40,0.0542750358582,0.00092601776123,0,0
/home/openssl-openssl-3.0.0/crypto/asn1/asn1_gen.c,787,80,40,0.437299966812,0.0293054580688,2,2
/home/openssl-openssl-3.0.0/crypto/asn1/asn1_item_list.c,46,80,40,0.0787260532379,0.00317811965942,0,0
/home/openssl-openssl-3.0.0/crypto/asn1/asn1_lib.c,471,80,40,0.341181993484,0.00229001045227,0,0
/home/openssl-openssl-3.0.0/crypto/asn1/asn1_parse.c,388,80,40,0.210416078568,0.00205707550049,0,0
/home/openssl-openssl-3.0.0/crypto/asn1/asn_mime.c,1020,80,40,0.504678010941,0.00126695632935,0,0
/home/openssl-openssl-3.0.0/crypto/asn1/asn_moid.c,101,80,40,0.0976719856262,0.000760078430176,0,0
/home/openssl-openssl-3.0.0/crypto/asn1/asn_mstbl.c,114,80,40,0.182689905167,0.0239341259003,2,2
/home/openssl-openssl-3.0.0/crypto/asn1/asn_pack.c,63,80,40,0.0758669376373,0.00128126144409,0,0
/home/openssl-openssl-3.0.0/crypto/asn1/bio_asn1.c,450,80,40,0.384812116623,0.00135779380798,0,0
/home/openssl-openssl-3.0.0/crypto/asn1/bio_ndef.c,210,80,40,0.0688819885254,0.000717163085938,0,0
/home/openssl-openssl-3.0.0/crypto/asn1/d2i_param.c,66,80,40,0.059534072876,0.00065803527832,0,0
/home/openssl-openssl-3.0.0/crypto/asn1/d2i_pr.c,236,80,40,0.152487039566,0.000893115997314,0,0
/home/openssl-openssl-3.0.0/crypto/asn1/d2i_pu.c,82,80,40,0.0549659729004,0.000775098800659,0,0
/home/openssl-openssl-3.0.0/crypto/asn1/evp_asn1.c,188,80,40,0.136656999588,0.00173020362854,0,0
/home/openssl-openssl-3.0.0/crypto/asn1/f_int.c,156,80,40,0.204334974289,0.00227499008179,0,0
/home/openssl-openssl-3.0.0/crypto/asn1/f_string.c,136,80,40,0.137896060944,0.00138401985168,0,0
/home/openssl-openssl-3.0.0/crypto/asn1/i2d_evp.c,150,80,40,0.202273130417,0.00113606452942,0,0
/home/openssl-openssl-3.0.0/crypto/asn1/n_pkey.c,59,80,40,0.194323062897,0.00106716156006,0,0
/home/openssl-openssl-3.0.0/crypto/asn1/nsseq.c,35,80,40,0.157437801361,0.00154685974121,0,0
/home/openssl-openssl-3.0.0/crypto/asn1/p5_pbe.c,114,80,40,0.226855039597,0.00121998786926,0,0
/home/openssl-openssl-3.0.0/crypto/asn1/p5_pbev2.c,247,80,40,0.342946052551,0.00143313407898,0,0
/home/openssl-openssl-3.0.0/crypto/asn1/p5_scrypt.c,287,80,40,0.225692987442,0.0017557144165,0,0
/home/openssl-openssl-3.0.0/crypto/asn1/p8_pkey.c,92,80,40,0.168524026871,0.00252914428711,0,0
/home/openssl-openssl-3.0.0/crypto/asn1/t_bitst.c,57,80,40,0.120045900345,0.00452995300293,0,0
/home/openssl-openssl-3.0.0/crypto/asn1/t_pkey.c,94,80,40,0.102266073227,0.00170993804932,0,0
/home/openssl-openssl-3.0.0/crypto/asn1/t_spki.c,57,80,40,0.0540370941162,0.00199389457703,0,0
/home/openssl-openssl-3.0.0/crypto/asn1/tasn_dec.c,1223,80,40,0.468538045883,0.00485897064209,0,0
/home/openssl-openssl-3.0.0/crypto/asn1/tasn_enc.c,647,80,40,0.485110044479,0.00198817253113,0,0
/home/openssl-openssl-3.0.0/crypto/asn1/tasn_fre.c,209,80,40,0.0281498432159,0.00160384178162,0,0
/home/openssl-openssl-3.0.0/crypto/asn1/tasn_new.c,349,80,40,0.180916070938,0.00210118293762,0,0
/home/openssl-openssl-3.0.0/crypto/asn1/tasn_prn.c,540,80,40,0.207365036011,0.00126695632935,0,0
/home/openssl-openssl-3.0.0/crypto/asn1/tasn_scn.c,66,80,40,0.0578680038452,0.00156307220459,0,0
/home/openssl-openssl-3.0.0/crypto/asn1/tasn_typ.c,85,80,40,1.38467502594,0.000718116760254,0,0
/home/openssl-openssl-3.0.0/crypto/asn1/tasn_utl.c,287,80,40,0.233000993729,0.00177311897278,0,0
/home/openssl-openssl-3.0.0/crypto/asn1/x_algor.c,191,80,40,0.43199801445,0.00298810005188,0,0
/home/openssl-openssl-3.0.0/crypto/asn1/x_bignum.c,158,80,40,0.177509069443,0.00121307373047,0,0
/home/openssl-openssl-3.0.0/crypto/asn1/x_info.c,40,80,40,0.0563099384308,0.00647211074829,0,0
/home/openssl-openssl-3.0.0/crypto/asn1/x_int64.c,292,80,40,0.321098804474,0.00153493881226,0,0
/home/openssl-openssl-3.0.0/crypto/asn1/x_long.c,197,80,40,0.170104980469,0.00133466720581,0,0
/home/openssl-openssl-3.0.0/crypto/asn1/x_pkey.c,48,80,40,0.0556218624115,0.00187706947327,0,0
/home/openssl-openssl-3.0.0/crypto/asn1/x_sig.c,40,80,40,0.140542030334,0.00291299819946,0,0
/home/openssl-openssl-3.0.0/crypto/asn1/x_spki.c,29,80,40,0.209714889526,0.00129771232605,0,0
/home/openssl-openssl-3.0.0/crypto/asn1/x_val.c,21,80,40,0.127169132233,0.00106501579285,0,0
/home/openssl-openssl-3.0.0/crypto/async/arch/async_null.c,24,80,40,0.00019097328186,0.00168609619141,0,0
/home/openssl-openssl-3.0.0/crypto/async/arch/async_posix.c,61,80,40,0.0838589668274,0.00245904922485,0,0
/home/openssl-openssl-3.0.0/crypto/async/arch/async_win.c,60,80,40,0.000196933746338,0.0005202293396,0,0
/home/openssl-openssl-3.0.0/crypto/async/async.c,480,80,40,0.226464986801,0.000933170318604,0,0
/home/openssl-openssl-3.0.0/crypto/async/async_err.c,38,80,40,0.0462019443512,0.00062084197998,0,0
/home/openssl-openssl-3.0.0/crypto/async/async_wait.c,249,80,40,0.0900180339813,0.00172305107117,0,0
/home/openssl-openssl-3.0.0/crypto/bf/bf_cfb64.c,81,80,40,0.0227661132812,0.00177907943726,0,0
/home/openssl-openssl-3.0.0/crypto/bf/bf_ecb.c,50,80,40,0.0632138252258,0.00128102302551,0,0
/home/openssl-openssl-3.0.0/crypto/bf/bf_enc.c,182,80,40,0.0324249267578,0.000731229782104,0,0
/home/openssl-openssl-3.0.0/crypto/bf/bf_ofb64.c,68,80,40,0.0230300426483,0.000861167907715,0,0
/home/openssl-openssl-3.0.0/crypto/bf/bf_skey.c,74,80,40,0.0255899429321,0.000718832015991,0,0
/home/openssl-openssl-3.0.0/crypto/bio/bf_buff.c,471,80,40,0.236298084259,0.00268411636353,0,0
/home/openssl-openssl-3.0.0/crypto/bio/bf_lbuf.c,320,80,40,0.272676944733,0.00142979621887,0,0
/home/openssl-openssl-3.0.0/crypto/bio/bf_nbio.c,192,80,40,0.235904932022,0.00179219245911,0,0
/home/openssl-openssl-3.0.0/crypto/bio/bf_null.c,114,80,40,0.162065029144,0.00128388404846,0,0
/home/openssl-openssl-3.0.0/crypto/bio/bf_prefix.c,208,80,40,0.271153926849,0.00173807144165,0,0
/home/openssl-openssl-3.0.0/crypto/bio/bf_readbuff.c,289,80,40,0.200598955154,0.00064492225647,0,0
/home/openssl-openssl-3.0.0/crypto/bio/bio_addr.c,940,80,40,0.315937995911,0.000744104385376,0,0
/home/openssl-openssl-3.0.0/crypto/bio/bio_cb.c,115,80,40,0.056382894516,0.00180912017822,0,0
/home/openssl-openssl-3.0.0/crypto/bio/bio_dump.c,154,80,40,0.263480901718,0.00079083442688,0,0
/home/openssl-openssl-3.0.0/crypto/bio/bio_err.c,87,80,40,0.046972990036,0.00141906738281,0,0
/home/openssl-openssl-3.0.0/crypto/bio/bio_lib.c,974,80,40,0.494678020477,0.00252223014832,0,0
/home/openssl-openssl-3.0.0/crypto/bio/bio_meth.c,221,80,40,0.167221069336,0.00176215171814,0,0
/home/openssl-openssl-3.0.0/crypto/bio/bio_print.c,941,80,40,0.198271036148,0.000988006591797,0,0
/home/openssl-openssl-3.0.0/crypto/bio/bio_sock.c,414,80,40,0.330949068069,0.000897884368896,0,0
/home/openssl-openssl-3.0.0/crypto/bio/bio_sock2.c,343,80,40,0.309458017349,0.00138306617737,0,0
/home/openssl-openssl-3.0.0/crypto/bio/bss_acpt.c,576,80,40,0.154061079025,0.00252914428711,0,0
/home/openssl-openssl-3.0.0/crypto/bio/bss_bio.c,807,80,40,0.347999095917,0.00136208534241,0,0
/home/openssl-openssl-3.0.0/crypto/bio/bss_conn.c,612,80,40,0.145551919937,0.00080394744873,0,0
/home/openssl-openssl-3.0.0/crypto/bio/bss_core.c,189,80,40,0.360260009766,0.00173592567444,0,0
/home/openssl-openssl-3.0.0/crypto/bio/bss_dgram.c,1941,80,40,0.157204151154,0.00144982337952,0,0
/home/openssl-openssl-3.0.0/crypto/bio/bss_fd.c,284,80,40,0.13987493515,0.00430703163147,0,0
/home/openssl-openssl-3.0.0/crypto/bio/bss_file.c,431,80,40,0.134769916534,0.00141572952271,0,0
/home/openssl-openssl-3.0.0/crypto/bio/bss_log.c,418,80,40,0.119720935822,0.000740051269531,0,0
/home/openssl-openssl-3.0.0/crypto/bio/bss_mem.c,388,80,40,0.26181602478,0.000906229019165,0,0
/home/openssl-openssl-3.0.0/crypto/bio/bss_null.c,86,80,40,0.133884906769,0.00090503692627,0,0
/home/openssl-openssl-3.0.0/crypto/bio/bss_sock.c,288,80,40,0.145813941956,0.00107407569885,0,0
/home/openssl-openssl-3.0.0/crypto/bio/ossl_core_bio.c,125,80,40,0.265168905258,0.0013120174408,0,0
/home/openssl-openssl-3.0.0/crypto/bn/asm/x86_64-gcc.c,643,80,40,0.137997150421,0.00226616859436,0,0
/home/openssl-openssl-3.0.0/crypto/bn/bn_add.c,172,80,40,0.112092018127,0.00102710723877,0,0
/home/openssl-openssl-3.0.0/crypto/bn/bn_blind.c,313,80,40,0.22518992424,0.00125002861023,0,0
/home/openssl-openssl-3.0.0/crypto/bn/bn_const.c,154,80,40,0.223399877548,0.00137829780579,0,0
/home/openssl-openssl-3.0.0/crypto/bn/bn_conv.c,288,80,40,0.167609930038,0.00158596038818,0,0
/home/openssl-openssl-3.0.0/crypto/bn/bn_ctx.c,371,80,40,0.163406133652,0.00128889083862,0,0
/home/openssl-openssl-3.0.0/crypto/bn/bn_depr.c,64,80,40,0.106048107147,0.00100493431091,0,0
/home/openssl-openssl-3.0.0/crypto/bn/bn_dh.c,1055,80,40,0.000627994537354,0.000770092010498,0,0
/home/openssl-openssl-3.0.0/crypto/bn/bn_div.c,459,80,40,0.131494998932,0.00320792198181,0,0
/home/openssl-openssl-3.0.0/crypto/bn/bn_err.c,56,80,40,0.0499880313873,0.000982046127319,0,0
/home/openssl-openssl-3.0.0/crypto/bn/bn_exp.c,1474,80,40,0.178677082062,0.00314974784851,0,0
/home/openssl-openssl-3.0.0/crypto/bn/bn_exp2.c,202,80,40,0.0904340744019,0.00164198875427,0,0
/home/openssl-openssl-3.0.0/crypto/bn/bn_gcd.c,646,80,40,0.126728057861,0.00220799446106,0,0
/home/openssl-openssl-3.0.0/crypto/bn/bn_gf2m.c,1192,80,40,0.200135946274,0.000985145568848,0,0
/home/openssl-openssl-3.0.0/crypto/bn/bn_intern.c,200,80,40,0.104745864868,0.00204110145569,0,0
/home/openssl-openssl-3.0.0/crypto/bn/bn_kron.c,141,80,40,0.0916819572449,0.000802993774414,0,0
/home/openssl-openssl-3.0.0/crypto/bn/bn_lib.c,1041,80,40,0.805687904358,0.000835180282593,0,0
/home/openssl-openssl-3.0.0/crypto/bn/bn_mod.c,326,80,40,0.2603328228,0.000969171524048,0,0
/home/openssl-openssl-3.0.0/crypto/bn/bn_mont.c,470,80,40,0.210911035538,0.00104570388794,0,0
/home/openssl-openssl-3.0.0/crypto/bn/bn_mpi.c,87,80,40,0.0514478683472,0.00128507614136,0,0
/home/openssl-openssl-3.0.0/crypto/bn/bn_mul.c,685,80,40,0.124912023544,0.000642776489258,0,0
/home/openssl-openssl-3.0.0/crypto/bn/bn_nist.c,1240,80,40,0.43026804924,0.00380206108093,0,0
/home/openssl-openssl-3.0.0/crypto/bn/bn_prime.c,608,80,40,0.446855068207,0.000701189041138,0,0
/home/openssl-openssl-3.0.0/crypto/bn/bn_print.c,73,80,40,0.0917458534241,0.00266718864441,0,0
/home/openssl-openssl-3.0.0/crypto/bn/bn_rand.c,322,80,40,0.357934951782,0.000872135162354,0,0
/home/openssl-openssl-3.0.0/crypto/bn/bn_recp.c,195,80,40,0.13739490509,0.00259494781494,0,0
/home/openssl-openssl-3.0.0/crypto/bn/bn_rsa_fips186_4.c,347,80,40,0.268537044525,0.00106596946716,0,0
/home/openssl-openssl-3.0.0/crypto/bn/bn_shift.c,217,80,40,0.109611034393,0.00115895271301,0,0
/home/openssl-openssl-3.0.0/crypto/bn/bn_sqr.c,240,80,40,0.0676870346069,0.00173616409302,0,0
/home/openssl-openssl-3.0.0/crypto/bn/bn_sqrt.c,363,80,40,0.0588929653168,0.00146818161011,0,0
/home/openssl-openssl-3.0.0/crypto/bn/bn_srp.c,546,80,40,0.000798940658569,0.00148606300354,0,0
/home/openssl-openssl-3.0.0/crypto/bn/bn_word.c,202,80,40,0.191456079483,0.00305914878845,0,0
/home/openssl-openssl-3.0.0/crypto/bn/bn_x931p.c,249,80,40,0.11683511734,0.00430703163147,0,0
/home/openssl-openssl-3.0.0/crypto/bn/rsaz_exp.c,316,80,40,0.0331020355225,0.000951051712036,0,0
/home/openssl-openssl-3.0.0/crypto/bn/rsaz_exp_x2.c,549,80,40,0.0780010223389,0.00185894966125,0,0
/home/openssl-openssl-3.0.0/crypto/buffer/buf_err.c,31,80,40,0.0504131317139,0.000808954238892,0,0
/home/openssl-openssl-3.0.0/crypto/buffer/buffer.c,166,80,40,0.0920372009277,0.00135803222656,0,0
/home/openssl-openssl-3.0.0/crypto/camellia/cmll_cfb.c,50,80,40,0.012069940567,0.00142884254456,0,0
/home/openssl-openssl-3.0.0/crypto/camellia/cmll_ctr.c,29,80,40,0.0109329223633,0.000763177871704,0,0
/home/openssl-openssl-3.0.0/crypto/camellia/cmll_ecb.c,27,80,40,0.0233879089355,0.00134801864624,0,0
/home/openssl-openssl-3.0.0/crypto/camellia/cmll_misc.c,42,80,40,0.081081867218,0.00189018249512,0,0
/home/openssl-openssl-3.0.0/crypto/camellia/cmll_ofb.c,31,80,40,0.0119349956512,0.000672101974487,0,0
/home/openssl-openssl-3.0.0/crypto/cast/c_cfb64.c,81,80,40,0.0301270484924,0.00184392929077,0,0
/home/openssl-openssl-3.0.0/crypto/cast/c_ecb.c,39,80,40,0.0212261676788,0.00365281105042,0,0
/home/openssl-openssl-3.0.0/crypto/cast/c_enc.c,158,80,40,0.0425779819489,0.000890016555786,0,0
/home/openssl-openssl-3.0.0/crypto/cast/c_ofb64.c,68,80,40,0.0300850868225,0.000971794128418,0,0
/home/openssl-openssl-3.0.0/crypto/cast/c_skey.c,125,80,40,0.0475261211395,0.00569796562195,0,0
/home/openssl-openssl-3.0.0/crypto/cmac/cmac.c,250,80,40,0.138082027435,0.000895023345947,0,0
/home/openssl-openssl-3.0.0/crypto/cmp/cmp_asn.c,460,80,40,1.23616290092,0.000878095626831,0,0
/home/openssl-openssl-3.0.0/crypto/cmp/cmp_client.c,888,80,40,0.280212879181,0.00142335891724,0,0
/home/openssl-openssl-3.0.0/crypto/cmp/cmp_ctx.c,1137,80,40,0.38919377327,0.000815153121948,0,0
/home/openssl-openssl-3.0.0/crypto/cmp/cmp_err.c,176,80,40,0.0514390468597,0.000586032867432,0,0
/home/openssl-openssl-3.0.0/crypto/cmp/cmp_hdr.c,370,80,40,0.37962603569,0.00120496749878,0,0
/home/openssl-openssl-3.0.0/crypto/cmp/cmp_http.c,104,80,40,0.0925478935242,0.00176596641541,0,0
/home/openssl-openssl-3.0.0/crypto/cmp/cmp_msg.c,1171,80,40,0.579346895218,0.00178718566895,0,0
/home/openssl-openssl-3.0.0/crypto/cmp/cmp_protect.c,333,80,40,0.117579936981,0.00102186203003,0,0
/home/openssl-openssl-3.0.0/crypto/cmp/cmp_server.c,645,80,40,0.262563943863,0.00202202796936,0,0
/home/openssl-openssl-3.0.0/crypto/cmp/cmp_status.c,311,80,40,0.217396020889,0.000990152359009,0,0
/home/openssl-openssl-3.0.0/crypto/cmp/cmp_util.c,287,80,40,0.184945106506,0.00113701820374,0,0
/home/openssl-openssl-3.0.0/crypto/cmp/cmp_vfy.c,853,80,40,0.188930988312,0.000817775726318,0,0
/home/openssl-openssl-3.0.0/crypto/cms/cms_asn1.c,416,80,40,0.162261962891,0.00068187713623,0,0
/home/openssl-openssl-3.0.0/crypto/cms/cms_att.c,286,80,40,0.436112880707,0.000844240188599,0,0
/home/openssl-openssl-3.0.0/crypto/cms/cms_cd.c,84,80,40,0.00227403640747,0.00113797187805,0,0
/home/openssl-openssl-3.0.0/crypto/cms/cms_dd.c,103,80,40,0.107521057129,0.00106906890869,0,0
/home/openssl-openssl-3.0.0/crypto/cms/cms_dh.c,344,80,40,0.167513132095,0.000699996948242,0,0
/home/openssl-openssl-3.0.0/crypto/cms/cms_ec.c,414,80,40,0.220522880554,0.000760078430176,0,0
/home/openssl-openssl-3.0.0/crypto/cms/cms_enc.c,250,80,40,0.183250904083,0.000703096389771,0,0
/home/openssl-openssl-3.0.0/crypto/cms/cms_env.c,1337,80,40,0.66240811348,0.00100898742676,0,0
/home/openssl-openssl-3.0.0/crypto/cms/cms_err.c,177,80,40,0.0598061084747,0.000804901123047,0,0
/home/openssl-openssl-3.0.0/crypto/cms/cms_ess.c,418,80,40,0.319354057312,0.00107002258301,0,0
/home/openssl-openssl-3.0.0/crypto/cms/cms_io.c,116,80,40,0.309929132462,0.000820159912109,0,0
/home/openssl-openssl-3.0.0/crypto/cms/cms_kari.c,524,80,40,0.2680311203,0.000893831253052,0,0
/home/openssl-openssl-3.0.0/crypto/cms/cms_lib.c,729,80,40,0.501726150513,0.00280594825745,0,0
/home/openssl-openssl-3.0.0/crypto/cms/cms_pwri.c,402,80,40,0.167818784714,0.000965118408203,0,0
/home/openssl-openssl-3.0.0/crypto/cms/cms_rsa.c,254,80,40,0.262064933777,0.0121440887451,0,0
/home/openssl-openssl-3.0.0/crypto/cms/cms_sd.c,1092,80,40,0.389543056488,0.000806093215942,0,0
/home/openssl-openssl-3.0.0/crypto/cms/cms_smime.c,958,80,40,0.292675018311,0.00302219390869,0,0
/home/openssl-openssl-3.0.0/crypto/comp/c_zlib.c,638,80,40,0.050961971283,0.00123906135559,0,0
/home/openssl-openssl-3.0.0/crypto/comp/comp_err.c,42,80,40,0.0424358844757,0.00265979766846,0,0
/home/openssl-openssl-3.0.0/crypto/comp/comp_lib.c,94,80,40,0.104048967361,0.000691175460815,0,0
/home/openssl-openssl-3.0.0/crypto/conf/conf_api.c,212,80,40,0.249752998352,0.00112223625183,0,0
/home/openssl-openssl-3.0.0/crypto/conf/conf_def.c,1004,80,40,0.276167154312,0.00128602981567,0,0
/home/openssl-openssl-3.0.0/crypto/conf/conf_err.c,73,80,40,0.047217130661,0.00186991691589,0,0
/home/openssl-openssl-3.0.0/crypto/conf/conf_lib.c,471,80,40,0.53714799881,0.00134301185608,0,0
/home/openssl-openssl-3.0.0/crypto/conf/conf_mall.c,39,80,40,0.0176711082458,0.00262999534607,0,0
/home/openssl-openssl-3.0.0/crypto/conf/conf_mod.c,612,80,40,0.868170976639,0.00236797332764,0,0
/home/openssl-openssl-3.0.0/crypto/conf/conf_sap.c,74,80,40,0.0931830406189,0.00187087059021,0,0
/home/openssl-openssl-3.0.0/crypto/conf/conf_ssl.c,183,80,40,0.0986039638519,0.000699758529663,0,0
/home/openssl-openssl-3.0.0/crypto/crmf/crmf_asn.c,236,80,40,1.35522580147,0.000617265701294,0,0
/home/openssl-openssl-3.0.0/crypto/crmf/crmf_err.c,75,80,40,0.0471060276031,0.00186777114868,0,0
/home/openssl-openssl-3.0.0/crypto/crmf/crmf_lib.c,710,80,40,0.296064138412,0.000978946685791,0,0
/home/openssl-openssl-3.0.0/crypto/crmf/crmf_pbm.c,234,80,40,0.10724902153,0.00237011909485,0,0
/home/openssl-openssl-3.0.0/crypto/ct/ct_b64.c,177,80,40,0.182917118073,0.00141382217407,0,0
/home/openssl-openssl-3.0.0/crypto/ct/ct_err.c,62,80,40,0.0609550476074,0.00388717651367,0,0
/home/openssl-openssl-3.0.0/crypto/ct/ct_log.c,353,80,40,0.274816036224,0.00285506248474,0,0
/home/openssl-openssl-3.0.0/crypto/ct/ct_oct.c,408,80,40,0.187539100647,0.000661134719849,0,0
/home/openssl-openssl-3.0.0/crypto/ct/ct_policy.c,116,80,40,0.129482030869,0.000951051712036,0,0
/home/openssl-openssl-3.0.0/crypto/ct/ct_prn.c,128,80,40,0.0586819648743,0.00214910507202,0,0
/home/openssl-openssl-3.0.0/crypto/ct/ct_sct.c,397,80,40,0.152425050735,0.00196814537048,0,0
/home/openssl-openssl-3.0.0/crypto/ct/ct_sct_ctx.c,279,80,40,0.186407089233,0.000626802444458,0,0
/home/openssl-openssl-3.0.0/crypto/ct/ct_vfy.c,142,80,40,0.118353128433,0.00110578536987,0,0
/home/openssl-openssl-3.0.0/crypto/ct/ct_x509v3.c,105,80,40,0.162225961685,0.0020227432251,0,0
/home/openssl-openssl-3.0.0/crypto/des/cbc_cksm.c,60,80,40,0.0617611408234,0.00175881385803,0,0
/home/openssl-openssl-3.0.0/crypto/des/cbc_enc.c,19,80,40,5.98430633545e-05,0.000715255737305,0,0
/home/openssl-openssl-3.0.0/crypto/des/cfb64ede.c,196,80,40,0.0274910926819,0.000715017318726,0,0
/home/openssl-openssl-3.0.0/crypto/des/cfb64enc.c,80,80,40,0.0245871543884,0.00147008895874,0,0
/home/openssl-openssl-3.0.0/crypto/des/cfb_enc.c,157,80,40,0.0252850055695,0.0011579990387,0,0
/home/openssl-openssl-3.0.0/crypto/des/des_enc.c,306,80,40,0.0601849555969,0.00143599510193,0,0
/home/openssl-openssl-3.0.0/crypto/des/ecb3_enc.c,40,80,40,0.0206508636475,0.00127506256104,0,0
/home/openssl-openssl-3.0.0/crypto/des/ecb_enc.c,55,80,40,0.0629758834839,0.00200891494751,0,0
/home/openssl-openssl-3.0.0/crypto/des/fcrypt.c,156,80,40,0.0871338844299,0.00091814994812,0,0
/home/openssl-openssl-3.0.0/crypto/des/fcrypt_b.c,79,80,40,0.0245451927185,0.00113987922668,0,0
/home/openssl-openssl-3.0.0/crypto/des/ofb64ede.c,69,80,40,0.0225520133972,0.00270700454712,0,0
/home/openssl-openssl-3.0.0/crypto/des/ofb64enc.c,67,80,40,0.0271921157837,0.00082802772522,0,0
/home/openssl-openssl-3.0.0/crypto/des/ofb_enc.c,89,80,40,0.0318038463593,0.000725984573364,0,0
/home/openssl-openssl-3.0.0/crypto/des/pcbc_enc.c,73,80,40,0.0270030498505,0.00106501579285,0,0
/home/openssl-openssl-3.0.0/crypto/des/qud_cksm.c,84,80,40,0.0501289367676,0.000807046890259,0,0
/home/openssl-openssl-3.0.0/crypto/des/rand_key.c,28,80,40,0.0793249607086,0.000833034515381,0,0
/home/openssl-openssl-3.0.0/crypto/des/set_key.c,372,80,40,0.1883020401,0.00104212760925,0,0
/home/openssl-openssl-3.0.0/crypto/des/str2key.c,84,80,40,0.0258507728577,0.000768899917603,0,0
/home/openssl-openssl-3.0.0/crypto/des/xcbc_enc.c,110,80,40,0.0293340682983,0.000601053237915,0,0
/home/openssl-openssl-3.0.0/crypto/dh/dh_ameth.c,639,80,40,0.526895999908,0.000971078872681,0,0
/home/openssl-openssl-3.0.0/crypto/dh/dh_asn1.c,168,80,40,0.28718495369,0.00326919555664,0,0
/home/openssl-openssl-3.0.0/crypto/dh/dh_backend.c,246,80,40,0.162959098816,0.00250291824341,0,0
/home/openssl-openssl-3.0.0/crypto/dh/dh_check.c,313,80,40,0.183609962463,0.00231409072876,0,0
/home/openssl-openssl-3.0.0/crypto/dh/dh_depr.c,49,80,40,0.0441470146179,0.0016028881073,0,0
/home/openssl-openssl-3.0.0/crypto/dh/dh_err.c,76,80,40,0.0626809597015,0.00119805335999,0,0
/home/openssl-openssl-3.0.0/crypto/dh/dh_gen.c,235,80,40,0.204407930374,0.00305318832397,0,0
/home/openssl-openssl-3.0.0/crypto/dh/dh_group_params.c,100,80,40,0.150486946106,0.00067925453186,0,0
/home/openssl-openssl-3.0.0/crypto/dh/dh_kdf.c,80,80,40,0.0879340171814,0.0150139331818,0,0
/home/openssl-openssl-3.0.0/crypto/dh/dh_key.c,446,80,40,0.316335916519,0.00194525718689,0,0
/home/openssl-openssl-3.0.0/crypto/dh/dh_lib.c,331,80,40,0.31778383255,0.00082802772522,0,0
/home/openssl-openssl-3.0.0/crypto/dh/dh_meth.c,180,80,40,0.130826950073,0.000904083251953,0,0
/home/openssl-openssl-3.0.0/crypto/dh/dh_pmeth.c,542,80,40,0.291507959366,0.000729084014893,0,0
/home/openssl-openssl-3.0.0/crypto/dh/dh_prn.c,37,80,40,0.0763049125671,0.000899076461792,0,0
/home/openssl-openssl-3.0.0/crypto/dh/dh_rfc5114.c,48,80,40,0.0661890506744,0.00126791000366,0,0
/home/openssl-openssl-3.0.0/crypto/dsa/dsa_ameth.c,582,80,40,0.37577009201,0.00114607810974,0,0
/home/openssl-openssl-3.0.0/crypto/dsa/dsa_asn1.c,73,80,40,0.298223972321,0.00135207176208,0,0
/home/openssl-openssl-3.0.0/crypto/dsa/dsa_backend.c,190,80,40,0.139483213425,0.000984907150269,0,0
/home/openssl-openssl-3.0.0/crypto/dsa/dsa_check.c,96,80,40,0.187016963959,0.00181794166565,0,0
/home/openssl-openssl-3.0.0/crypto/dsa/dsa_depr.c,58,80,40,0.0590279102325,0.0010769367218,0,0
/home/openssl-openssl-3.0.0/crypto/dsa/dsa_err.c,55,80,40,0.0436451435089,0.000741720199585,0,0
/home/openssl-openssl-3.0.0/crypto/dsa/dsa_gen.c,78,80,40,0.161782979965,0.000827074050903,0,0
/home/openssl-openssl-3.0.0/crypto/dsa/dsa_key.c,174,80,40,0.175367116928,0.00098180770874,0,0
/home/openssl-openssl-3.0.0/crypto/dsa/dsa_lib.c,363,80,40,0.337112903595,0.00219702720642,0,0
/home/openssl-openssl-3.0.0/crypto/dsa/dsa_meth.c,225,80,40,0.171346902847,0.00563621520996,0,0
/home/openssl-openssl-3.0.0/crypto/dsa/dsa_ossl.c,467,80,40,0.247755050659,0.00115895271301,0,0
/home/openssl-openssl-3.0.0/crypto/dsa/dsa_pmeth.c,298,80,40,0.25434088707,0.00166034698486,0,0
/home/openssl-openssl-3.0.0/crypto/dsa/dsa_prn.c,80,80,40,0.0885820388794,0.0140559673309,0,0
/home/openssl-openssl-3.0.0/crypto/dsa/dsa_sign.c,209,80,40,0.241022109985,0.00121808052063,0,0
/home/openssl-openssl-3.0.0/crypto/dsa/dsa_vrf.c,24,80,40,0.0403771400452,0.00111508369446,0,0
/home/openssl-openssl-3.0.0/crypto/dso/dso_dl.c,288,80,40,0.000686168670654,0.00102090835571,0,0
/home/openssl-openssl-3.0.0/crypto/dso/dso_dlfcn.c,457,80,40,0.251711130142,0.00130796432495,0,0
/home/openssl-openssl-3.0.0/crypto/dso/dso_err.c,57,80,40,0.051216840744,0.000970840454102,0,0
/home/openssl-openssl-3.0.0/crypto/dso/dso_lib.c,351,80,40,0.266339063644,0.0048999786377,0,0
/home/openssl-openssl-3.0.0/crypto/dso/dso_openssl.c,23,80,40,0.00217795372009,0.00101923942566,0,0
/home/openssl-openssl-3.0.0/crypto/dso/dso_vms.c,490,80,40,0.000772953033447,0.00217604637146,0,0
/home/openssl-openssl-3.0.0/crypto/dso/dso_win32.c,672,80,40,0.000970125198364,0.00261878967285,0,0
/home/openssl-openssl-3.0.0/crypto/ec/curve448/arch_32/f_impl32.c,106,80,40,0.000147104263306,0.000627994537354,0,0
/home/openssl-openssl-3.0.0/crypto/ec/curve448/arch_64/f_impl64.c,211,80,40,0.0303308963776,0.000834941864014,0,0
/home/openssl-openssl-3.0.0/crypto/ec/curve448/curve448.c,739,80,40,0.143546104431,0.00160694122314,0,0
/home/openssl-openssl-3.0.0/crypto/ec/curve448/curve448_tables.c,1484,80,40,7.39097595215e-05,0.000861167907715,0,0
/home/openssl-openssl-3.0.0/crypto/ec/curve448/eddsa.c,424,80,40,0.26645898819,0.00231218338013,0,0
/home/openssl-openssl-3.0.0/crypto/ec/curve448/f_generic.c,205,80,40,0.0682981014252,0.00141787528992,0,0
/home/openssl-openssl-3.0.0/crypto/ec/curve448/scalar.c,241,80,40,0.0579290390015,0.00196385383606,0,0
/home/openssl-openssl-3.0.0/crypto/ec/curve25519.c,5653,80,40,0.21747803688,0.00137114524841,0,0
/home/openssl-openssl-3.0.0/crypto/ec/ec2_oct.c,391,80,40,0.154133081436,0.00169205665588,0,0
/home/openssl-openssl-3.0.0/crypto/ec/ec2_smpl.c,1004,80,40,0.365617990494,0.0146450996399,0,0
/home/openssl-openssl-3.0.0/crypto/ec/ec_ameth.c,728,80,40,0.549486160278,0.000777006149292,0,0
/home/openssl-openssl-3.0.0/crypto/ec/ec_asn1.c,1330,80,40,0.647290945053,0.000877141952515,0,0
/home/openssl-openssl-3.0.0/crypto/ec/ec_backend.c,838,80,40,0.244642019272,0.00147891044617,0,0
/home/openssl-openssl-3.0.0/crypto/ec/ec_check.c,119,80,40,0.156227827072,0.00551700592041,0,0
/home/openssl-openssl-3.0.0/crypto/ec/ec_curve.c,3441,80,40,0.198666810989,0.00121712684631,0,0
/home/openssl-openssl-3.0.0/crypto/ec/ec_cvt.c,90,80,40,0.0617599487305,0.000699758529663,0,0
/home/openssl-openssl-3.0.0/crypto/ec/ec_deprecated.c,79,80,40,0.0510909557343,0.000853061676025,0,0
/home/openssl-openssl-3.0.0/crypto/ec/ec_err.c,134,80,40,0.0470700263977,0.00159788131714,0,0
/home/openssl-openssl-3.0.0/crypto/ec/ec_key.c,1029,80,40,0.494513988495,0.00353622436523,0,0
/home/openssl-openssl-3.0.0/crypto/ec/ec_kmeth.c,345,80,40,0.274338960648,0.000868082046509,0,0
/home/openssl-openssl-3.0.0/crypto/ec/ec_lib.c,1737,80,40,0.714783906937,0.00135016441345,0,0
/home/openssl-openssl-3.0.0/crypto/ec/ec_mult.c,995,80,40,0.300899982452,0.00681209564209,0,0
/home/openssl-openssl-3.0.0/crypto/ec/ec_oct.c,155,80,40,0.379447937012,0.000794887542725,0,0
/home/openssl-openssl-3.0.0/crypto/ec/ec_pmeth.c,520,80,40,0.252134084702,0.000979900360107,0,0
/home/openssl-openssl-3.0.0/crypto/ec/ec_print.c,86,80,40,0.109380960464,0.00088906288147,0,0
/home/openssl-openssl-3.0.0/crypto/ec/ecdh_kdf.c,66,80,40,0.103713035583,0.00146102905273,0,0
/home/openssl-openssl-3.0.0/crypto/ec/ecdh_ossl.c,147,80,40,0.120026826859,0.00103402137756,0,0
/home/openssl-openssl-3.0.0/crypto/ec/ecdsa_ossl.c,465,80,40,0.256526947021,0.00105595588684,0,0
/home/openssl-openssl-3.0.0/crypto/ec/ecdsa_sign.c,59,80,40,0.192734003067,0.000754117965698,0,0
/home/openssl-openssl-3.0.0/crypto/ec/ecdsa_vrf.c,50,80,40,0.102752923965,0.00121712684631,0,0
/home/openssl-openssl-3.0.0/crypto/ec/eck_prn.c,263,80,40,0.124615907669,0.00109195709229,0,0
/home/openssl-openssl-3.0.0/crypto/ec/ecp_mont.c,301,80,40,0.261533975601,0.00138521194458,0,0
/home/openssl-openssl-3.0.0/crypto/ec/ecp_nist.c,177,80,40,0.143930912018,0.00151395797729,0,0
/home/openssl-openssl-3.0.0/crypto/ec/ecp_nistz256.c,1530,80,40,0.268119812012,0.0015766620636,0,0
/home/openssl-openssl-3.0.0/crypto/ec/ecp_oct.c,373,80,40,0.142606019974,0.000807046890259,0,0
/home/openssl-openssl-3.0.0/crypto/ec/ecp_smpl.c,1724,80,40,0.4244120121,0.00116610527039,0,0
/home/openssl-openssl-3.0.0/crypto/ec/ecx_backend.c,250,80,40,0.170563936234,0.00113415718079,0,0
/home/openssl-openssl-3.0.0/crypto/ec/ecx_key.c,99,80,40,0.102753162384,0.00236773490906,0,0
/home/openssl-openssl-3.0.0/crypto/ec/ecx_meth.c,1389,80,40,0.448614835739,0.000993967056274,0,0
/home/openssl-openssl-3.0.0/crypto/encode_decode/decoder_err.c,37,80,40,0.0534729957581,0.00108027458191,0,0
/home/openssl-openssl-3.0.0/crypto/encode_decode/decoder_lib.c,997,80,40,0.649224996567,0.00107908248901,0,0
/home/openssl-openssl-3.0.0/crypto/encode_decode/decoder_meth.c,653,80,40,0.395697832108,0.000838994979858,0,0
/home/openssl-openssl-3.0.0/crypto/encode_decode/decoder_pkey.c,464,80,40,0.665611028671,0.00146293640137,0,0
/home/openssl-openssl-3.0.0/crypto/encode_decode/encoder_err.c,37,80,40,0.0544159412384,0.00103306770325,0,0
/home/openssl-openssl-3.0.0/crypto/encode_decode/encoder_lib.c,673,80,40,0.238879203796,0.00202703475952,0,0
/home/openssl-openssl-3.0.0/crypto/encode_decode/encoder_meth.c,652,80,40,0.413803815842,0.000759124755859,0,0
/home/openssl-openssl-3.0.0/crypto/encode_decode/encoder_pkey.c,376,80,40,0.694900989532,0.00112009048462,0,0
/home/openssl-openssl-3.0.0/crypto/engine/eng_all.c,25,80,40,0.0177981853485,0.0016508102417,0,0
/home/openssl-openssl-3.0.0/crypto/engine/eng_cnf.c,186,80,40,0.174557924271,0.000863313674927,0,0
/home/openssl-openssl-3.0.0/crypto/engine/eng_ctrl.c,328,80,40,0.17189002037,0.00152492523193,0,0
/home/openssl-openssl-3.0.0/crypto/engine/eng_dyn.c,517,80,40,0.208739995956,0.000971794128418,0,0
/home/openssl-openssl-3.0.0/crypto/engine/eng_err.c,95,80,40,0.0497848987579,0.00155997276306,0,0
/home/openssl-openssl-3.0.0/crypto/engine/eng_fat.c,122,80,40,0.133019208908,0.00209498405457,0,0
/home/openssl-openssl-3.0.0/crypto/engine/eng_init.c,116,80,40,0.123870134354,0.00140786170959,0,0
/home/openssl-openssl-3.0.0/crypto/engine/eng_lib.c,299,80,40,0.25408411026,0.00267696380615,0,0
/home/openssl-openssl-3.0.0/crypto/engine/eng_list.c,358,80,40,0.19660115242,0.00112986564636,0,0
/home/openssl-openssl-3.0.0/crypto/engine/eng_openssl.c,669,80,40,0.367467880249,0.00154614448547,0,0
/home/openssl-openssl-3.0.0/crypto/engine/eng_pkey.c,139,80,40,0.113265991211,0.00133013725281,0,0
/home/openssl-openssl-3.0.0/crypto/engine/eng_rdrand.c,110,80,40,0.0924479961395,0.0032479763031,0,0
/home/openssl-openssl-3.0.0/crypto/engine/eng_table.c,310,80,40,0.151189088821,0.000715970993042,0,0
/home/openssl-openssl-3.0.0/crypto/engine/tb_asnmth.c,215,80,40,0.219126939774,0.000903844833374,0,0
/home/openssl-openssl-3.0.0/crypto/engine/tb_cipher.c,96,80,40,0.165380954742,0.00192475318909,0,0
/home/openssl-openssl-3.0.0/crypto/engine/tb_dh.c,77,80,40,0.134277105331,0.00297808647156,0,0
/home/openssl-openssl-3.0.0/crypto/engine/tb_digest.c,96,80,40,0.163815975189,0.00186514854431,0,0
/home/openssl-openssl-3.0.0/crypto/engine/tb_dsa.c,77,80,40,0.140489816666,0.000833034515381,0,0
/home/openssl-openssl-3.0.0/crypto/engine/tb_eckey.c,77,80,40,0.120814800262,0.00251770019531,0,0
/home/openssl-openssl-3.0.0/crypto/engine/tb_pkmeth.c,118,80,40,0.159932851791,0.0012800693512,0,0
/home/openssl-openssl-3.0.0/crypto/engine/tb_rand.c,77,80,40,0.120949983597,0.00169777870178,0,0
/home/openssl-openssl-3.0.0/crypto/engine/tb_rsa.c,77,80,40,0.124514102936,0.00235795974731,0,0
/home/openssl-openssl-3.0.0/crypto/err/err.c,919,80,40,0.606706857681,0.00162196159363,0,0
/home/openssl-openssl-3.0.0/crypto/err/err_all.c,114,80,40,0.0700831413269,0.00221991539001,0,0
/home/openssl-openssl-3.0.0/crypto/err/err_all_legacy.c,107,80,40,0.439310073853,0.00083589553833,0,0
/home/openssl-openssl-3.0.0/crypto/err/err_blocks.c,118,80,40,0.032525062561,0.00105285644531,0,0
/home/openssl-openssl-3.0.0/crypto/err/err_prn.c,187,80,40,0.0510611534119,0.00241374969482,0,0
/home/openssl-openssl-3.0.0/crypto/ess/ess_asn1.c,59,80,40,0.488248109818,0.00205492973328,0,0
/home/openssl-openssl-3.0.0/crypto/ess/ess_err.c,49,80,40,0.0446770191193,0.000669956207275,0,0
/home/openssl-openssl-3.0.0/crypto/ess/ess_lib.c,316,80,40,0.194752931595,0.000724792480469,0,0
/home/openssl-openssl-3.0.0/crypto/evp/asymcipher.c,490,80,40,0.478496074677,0.00106501579285,0,0
/home/openssl-openssl-3.0.0/crypto/evp/bio_b64.c,547,80,40,0.281589984894,0.000934839248657,0,0
/home/openssl-openssl-3.0.0/crypto/evp/bio_enc.c,442,80,40,0.265908002853,0.00125694274902,0,0
/home/openssl-openssl-3.0.0/crypto/evp/bio_md.c,223,80,40,0.158542156219,0.00276899337769,0,0
/home/openssl-openssl-3.0.0/crypto/evp/bio_ok.c,602,80,40,0.2523188591,0.0013120174408,0,0
/home/openssl-openssl-3.0.0/crypto/evp/c_allc.c,266,80,40,0.0207750797272,0.000848054885864,0,0
/home/openssl-openssl-3.0.0/crypto/evp/c_alld.c,61,80,40,0.0192098617554,0.000771999359131,0,0
/home/openssl-openssl-3.0.0/crypto/evp/cmeth_lib.c,202,80,40,0.122393846512,0.00186991691589,0,0
/home/openssl-openssl-3.0.0/crypto/evp/ctrl_params_translate.c,2742,80,40,0.960952997208,0.00143575668335,0,0
/home/openssl-openssl-3.0.0/crypto/evp/dh_ctrl.c,347,80,40,0.516773939133,0.00081205368042,0,0
/home/openssl-openssl-3.0.0/crypto/evp/dh_support.c,64,80,40,0.0686709880829,0.000785112380981,0,0
/home/openssl-openssl-3.0.0/crypto/evp/digest.c,1079,80,40,0.72319984436,0.000735282897949,0,0
/home/openssl-openssl-3.0.0/crypto/evp/dsa_ctrl.c,133,80,40,0.31435585022,0.000830173492432,0,0
/home/openssl-openssl-3.0.0/crypto/evp/e_aes.c,4050,80,40,0.828042984009,0.00293469429016,0,0
/home/openssl-openssl-3.0.0/crypto/evp/e_aes_cbc_hmac_sha1.c,970,80,40,0.272575139999,0.00121688842773,0,0
/home/openssl-openssl-3.0.0/crypto/evp/e_aes_cbc_hmac_sha256.c,956,80,40,0.202929019928,0.000964879989624,0,0
/home/openssl-openssl-3.0.0/crypto/evp/e_aria.c,791,80,40,0.837152004242,0.000783681869507,0,0
/home/openssl-openssl-3.0.0/crypto/evp/e_bf.c,50,80,40,0.160947084427,0.00106620788574,0,0
/home/openssl-openssl-3.0.0/crypto/evp/e_camellia.c,350,80,40,0.550651788712,0.000862836837769,0,0
/home/openssl-openssl-3.0.0/crypto/evp/e_cast.c,52,80,40,0.160058021545,0.00329804420471,0,0
/home/openssl-openssl-3.0.0/crypto/evp/e_chacha20_poly1305.c,635,80,40,0.296859025955,0.0100510120392,0,0
/home/openssl-openssl-3.0.0/crypto/evp/e_des.c,247,80,40,0.201136112213,0.00114393234253,0,0
/home/openssl-openssl-3.0.0/crypto/evp/e_des3.c,426,80,40,0.427651882172,0.00676512718201,0,0
/home/openssl-openssl-3.0.0/crypto/evp/e_idea.c,79,80,40,0.14645409584,0.00116109848022,0,0
/home/openssl-openssl-3.0.0/crypto/evp/e_null.c,52,80,40,0.0670371055603,0.00164103507996,0,0
/home/openssl-openssl-3.0.0/crypto/evp/e_old.c,109,80,40,0.249938011169,0.00105810165405,0,0
/home/openssl-openssl-3.0.0/crypto/evp/e_rc2.c,199,80,40,0.455976963043,0.00105595588684,0,0
/home/openssl-openssl-3.0.0/crypto/evp/e_rc4.c,95,80,40,0.132458925247,0.0153658390045,0,0
/home/openssl-openssl-3.0.0/crypto/evp/e_rc4_hmac_md5.c,274,80,40,0.148147106171,0.00123405456543,0,0
/home/openssl-openssl-3.0.0/crypto/evp/e_rc5.c,84,80,40,0.00137495994568,0.000764846801758,0,0
/home/openssl-openssl-3.0.0/crypto/evp/e_seed.c,42,80,40,0.149672985077,0.00111508369446,0,0
/home/openssl-openssl-3.0.0/crypto/evp/e_sm4.c,109,80,40,0.221015930176,0.00100827217102,0,0
/home/openssl-openssl-3.0.0/crypto/evp/e_xcbc_d.c,92,80,40,0.0994410514832,0.00287389755249,0,0
/home/openssl-openssl-3.0.0/crypto/evp/ec_ctrl.c,301,80,40,0.294167041779,0.0030312538147,0,0
/home/openssl-openssl-3.0.0/crypto/evp/ec_support.c,189,80,40,0.0958700180054,0.00190401077271,0,0
/home/openssl-openssl-3.0.0/crypto/evp/encode.c,479,80,40,0.243611812592,0.00133275985718,0,0
/home/openssl-openssl-3.0.0/crypto/evp/evp_cnf.c,75,80,40,0.0700860023499,0.00183868408203,0,0
/home/openssl-openssl-3.0.0/crypto/evp/evp_enc.c,1659,80,40,0.717531919479,0.00104117393494,0,0
/home/openssl-openssl-3.0.0/crypto/evp/evp_err.c,209,80,40,0.0518329143524,0.00129389762878,0,0
/home/openssl-openssl-3.0.0/crypto/evp/evp_fetch.c,628,80,40,0.425082921982,0.00699424743652,0,0
/home/openssl-openssl-3.0.0/crypto/evp/evp_key.c,155,80,40,0.152010202408,0.00553202629089,0,0
/home/openssl-openssl-3.0.0/crypto/evp/evp_lib.c,1193,80,40,0.839588880539,0.00075888633728,0,0
/home/openssl-openssl-3.0.0/crypto/evp/evp_pbe.c,303,80,40,0.209249019623,0.00226092338562,0,0
/home/openssl-openssl-3.0.0/crypto/evp/evp_pkey.c,247,80,40,0.294310092926,0.000669002532959,0,0
/home/openssl-openssl-3.0.0/crypto/evp/evp_rand.c,683,80,40,0.547478914261,0.00620293617249,0,0
/home/openssl-openssl-3.0.0/crypto/evp/evp_utils.c,82,80,40,0.21489906311,0.00128102302551,0,0
/home/openssl-openssl-3.0.0/crypto/evp/exchange.c,522,80,40,0.429298877716,0.00238823890686,0,0
/home/openssl-openssl-3.0.0/crypto/evp/kdf_lib.c,185,80,40,0.28102016449,0.00102376937866,0,0
/home/openssl-openssl-3.0.0/crypto/evp/kdf_meth.c,233,80,40,0.24818110466,0.000917911529541,0,0
/home/openssl-openssl-3.0.0/crypto/evp/kem.c,402,80,40,0.418215036392,0.000809192657471,0,0
/home/openssl-openssl-3.0.0/crypto/evp/keymgmt_lib.c,564,80,40,0.355561971664,0.00143790245056,0,0
/home/openssl-openssl-3.0.0/crypto/evp/keymgmt_meth.c,485,80,40,0.593333005905,0.000677108764648,0,0
/home/openssl-openssl-3.0.0/crypto/evp/legacy_blake2.c,49,80,40,0.210277080536,0.00149607658386,0,0
/home/openssl-openssl-3.0.0/crypto/evp/legacy_md4.c,35,80,40,0.114016056061,0.00142812728882,0,0
/home/openssl-openssl-3.0.0/crypto/evp/legacy_md5.c,35,80,40,0.110900878906,0.000846862792969,0,0
/home/openssl-openssl-3.0.0/crypto/evp/legacy_md5_sha1.c,42,80,40,0.123522996902,0.000726938247681,0,0
/home/openssl-openssl-3.0.0/crypto/evp/legacy_mdc2.c,36,80,40,0.118017911911,0.00227904319763,0,0
/home/openssl-openssl-3.0.0/crypto/evp/legacy_ripemd.c,36,80,40,0.101490020752,0.00155091285706,0,0
/home/openssl-openssl-3.0.0/crypto/evp/legacy_sha.c,229,80,40,0.883805990219,0.000813961029053,0,0
/home/openssl-openssl-3.0.0/crypto/evp/legacy_wp.c,36,80,40,0.0995819568634,0.00195407867432,0,0
/home/openssl-openssl-3.0.0/crypto/evp/m_null.c,51,80,40,0.0570080280304,0.00344204902649,0,0
/home/openssl-openssl-3.0.0/crypto/evp/m_sigver.c,614,80,40,0.443133115768,0.0066819190979,0,0
/home/openssl-openssl-3.0.0/crypto/evp/mac_lib.c,298,80,40,0.460173130035,0.000763893127441,0,0
/home/openssl-openssl-3.0.0/crypto/evp/mac_meth.c,238,80,40,0.237267971039,0.00128602981567,0,0
/home/openssl-openssl-3.0.0/crypto/evp/names.c,255,80,40,0.183433055878,0.00139689445496,0,0
/home/openssl-openssl-3.0.0/crypto/evp/p5_crpt.c,121,80,40,0.100488901138,0.00189709663391,0,0
/home/openssl-openssl-3.0.0/crypto/evp/p5_crpt2.c,267,80,40,0.197507143021,0.00128483772278,0,0
/home/openssl-openssl-3.0.0/crypto/evp/p_dec.c,37,80,40,0.0632481575012,0.00216388702393,0,0
/home/openssl-openssl-3.0.0/crypto/evp/p_enc.c,37,80,40,0.0579841136932,0.00452613830566,0,0
/home/openssl-openssl-3.0.0/crypto/evp/p_legacy.c,92,80,40,0.211115837097,0.00246119499207,0,0
/home/openssl-openssl-3.0.0/crypto/evp/p_lib.c,2428,80,40,0.920309066772,0.014848947525,0,0
/home/openssl-openssl-3.0.0/crypto/evp/p_open.c,73,80,40,0.110150098801,0.000801801681519,0,0
/home/openssl-openssl-3.0.0/crypto/evp/p_seal.c,88,80,40,0.134809017181,0.000872135162354,0,0
/home/openssl-openssl-3.0.0/crypto/evp/p_sign.c,70,80,40,0.102291107178,0.0029628276825,0,0
/home/openssl-openssl-3.0.0/crypto/evp/p_verify.c,64,80,40,0.100477933884,0.00257015228271,0,0
/home/openssl-openssl-3.0.0/crypto/evp/pbe_scrypt.c,100,80,40,0.117732048035,0.00308704376221,0,0
/home/openssl-openssl-3.0.0/crypto/evp/pmeth_check.c,194,80,40,0.40811085701,0.0014021396637,0,0
/home/openssl-openssl-3.0.0/crypto/evp/pmeth_gn.c,457,80,40,0.446312904358,0.00132727622986,0,0
/home/openssl-openssl-3.0.0/crypto/evp/pmeth_lib.c,2044,80,40,1.23070597649,0.0061891078949,0,0
/home/openssl-openssl-3.0.0/crypto/evp/signature.c,684,80,40,0.419345140457,0.0130338668823,0,0
/home/openssl-openssl-3.0.0/crypto/ffc/ffc_backend.c,129,80,40,0.0938210487366,0.000686168670654,0,0
/home/openssl-openssl-3.0.0/crypto/ffc/ffc_dh.c,158,80,40,0.117809057236,0.00128412246704,0,0
/home/openssl-openssl-3.0.0/crypto/ffc/ffc_key_generate.c,61,80,40,0.0698359012604,0.00396203994751,0,0
/home/openssl-openssl-3.0.0/crypto/ffc/ffc_key_validate.c,122,80,40,0.114369869232,0.000806093215942,0,0
/home/openssl-openssl-3.0.0/crypto/ffc/ffc_params.c,323,80,40,0.0810000896454,0.00538897514343,0,0
/home/openssl-openssl-3.0.0/crypto/ffc/ffc_params_generate.c,1058,80,40,0.344813108444,0.00295400619507,0,0
/home/openssl-openssl-3.0.0/crypto/ffc/ffc_params_validate.c,188,80,40,0.221335887909,0.000749111175537,0,0
/home/openssl-openssl-3.0.0/crypto/hmac/hmac.c,251,80,40,0.214061021805,0.00095009803772,0,0
/home/openssl-openssl-3.0.0/crypto/http/http_client.c,1352,80,40,0.790167093277,0.072461605072,2,2
/home/openssl-openssl-3.0.0/crypto/http/http_err.c,82,80,40,0.0735199451447,0.000597953796387,0,0
/home/openssl-openssl-3.0.0/crypto/http/http_lib.c,287,80,40,0.0935080051422,0.00143909454346,0,0
/home/openssl-openssl-3.0.0/crypto/idea/i_cbc.c,130,80,40,0.0412449836731,0.000761032104492,0,0
/home/openssl-openssl-3.0.0/crypto/idea/i_cfb64.c,87,80,40,0.0260639190674,0.00383710861206,0,0
/home/openssl-openssl-3.0.0/crypto/idea/i_ecb.c,42,80,40,0.0437741279602,0.00119209289551,0,0
/home/openssl-openssl-3.0.0/crypto/idea/i_ofb64.c,74,80,40,0.0271420478821,0.000958204269409,0,0
/home/openssl-openssl-3.0.0/crypto/idea/i_skey.c,120,80,40,0.0441927909851,0.00115871429443,0,0
/home/openssl-openssl-3.0.0/crypto/kdf/kdf_err.c,20,80,40,0.0494339466095,0.00325632095337,0,0
/home/openssl-openssl-3.0.0/crypto/lhash/lh_stats.c,118,80,40,0.0228910446167,0.00195813179016,0,0
/home/openssl-openssl-3.0.0/crypto/lhash/lhash.c,403,80,40,0.112852096558,0.0020170211792,0,0
/home/openssl-openssl-3.0.0/crypto/asn1_dsa.c,253,80,40,0.175967931747,0.000732898712158,0,0
/home/openssl-openssl-3.0.0/crypto/bsearch.c,45,80,40,0.0518269538879,0.00318193435669,0,0
/home/openssl-openssl-3.0.0/crypto/context.c,490,80,40,0.373531103134,0.00103378295898,0,0
/home/openssl-openssl-3.0.0/crypto/core_algorithm.c,134,80,40,0.084431886673,0.000793933868408,0,0
/home/openssl-openssl-3.0.0/crypto/core_fetch.c,137,80,40,0.1066198349,0.00288128852844,0,0
/home/openssl-openssl-3.0.0/crypto/core_namemap.c,534,80,40,0.428979158401,0.00119805335999,0,0
/home/openssl-openssl-3.0.0/crypto/cpt_err.c,69,80,40,0.0546958446503,0.00270700454712,0,0
/home/openssl-openssl-3.0.0/crypto/cpuid.c,215,80,40,0.0913388729095,0.00151491165161,0,0
/home/openssl-openssl-3.0.0/crypto/cryptlib.c,283,80,40,0.0667240619659,0.00141000747681,0,0
/home/openssl-openssl-3.0.0/crypto/ctype.c,281,80,40,0.0724260807037,0.00255012512207,0,0
/home/openssl-openssl-3.0.0/crypto/cversion.c,87,80,40,0.0936739444733,0.000707149505615,0,0
/home/openssl-openssl-3.0.0/crypto/der_writer.c,200,80,40,0.220717906952,0.00208687782288,0,0
/home/openssl-openssl-3.0.0/crypto/ebcdic.c,362,80,40,2.14576721191e-06,0.00109887123108,0,0
/home/openssl-openssl-3.0.0/crypto/ex_data.c,505,80,40,0.284521102905,0.0014009475708,0,0
/home/openssl-openssl-3.0.0/crypto/getenv.c,104,80,40,0.0375809669495,0.00443601608276,0,0
/home/openssl-openssl-3.0.0/crypto/info.c,208,80,40,0.0478842258453,0.000994682312012,0,0
/home/openssl-openssl-3.0.0/crypto/init.c,715,80,40,0.129285097122,0.00135588645935,0,0
/home/openssl-openssl-3.0.0/crypto/initthread.c,453,80,40,0.671880960464,0.00358915328979,0,0
/home/openssl-openssl-3.0.0/crypto/mem.c,332,80,40,0.310096025467,0.00347805023193,0,0
/home/openssl-openssl-3.0.0/crypto/mem_sec.c,709,80,40,0.348965883255,0.000702142715454,0,0
/home/openssl-openssl-3.0.0/crypto/o_dir.c,38,80,40,0.000264883041382,0.00094199180603,0,0
/home/openssl-openssl-3.0.0/crypto/o_fopen.c,127,80,40,0.0908780097961,0.00346708297729,0,0
/home/openssl-openssl-3.0.0/crypto/o_init.c,22,80,40,0.0293641090393,0.00155711174011,0,0
/home/openssl-openssl-3.0.0/crypto/o_str.c,341,80,40,0.316690921783,0.00105595588684,0,0
/home/openssl-openssl-3.0.0/crypto/o_time.c,201,80,40,0.108497142792,0.000732898712158,0,0
/home/openssl-openssl-3.0.0/crypto/packet.c,513,80,40,0.329178094864,0.000692844390869,0,0
/home/openssl-openssl-3.0.0/crypto/param_build.c,380,80,40,0.937444925308,0.00100111961365,0,0
/home/openssl-openssl-3.0.0/crypto/param_build_set.c,122,80,40,0.862210988998,0.00623607635498,0,0
/home/openssl-openssl-3.0.0/crypto/params.c,1296,80,40,1.29788899422,0.00300097465515,0,0
/home/openssl-openssl-3.0.0/crypto/params_dup.c,237,80,40,0.185148954391,0.0041229724884,0,0
/home/openssl-openssl-3.0.0/crypto/params_from_text.c,213,80,40,0.117635011673,0.00112390518188,0,0
/home/openssl-openssl-3.0.0/crypto/passphrase.c,327,80,40,0.229590892792,0.000848293304443,0,0
/home/openssl-openssl-3.0.0/crypto/provider.c,144,80,40,0.301023006439,0.00163888931274,0,0
/home/openssl-openssl-3.0.0/crypto/provider_child.c,305,80,40,0.614096879959,0.0421261787415,0,0
/home/openssl-openssl-3.0.0/crypto/provider_conf.c,305,80,40,0.665998220444,0.000951766967773,0,0
/home/openssl-openssl-3.0.0/crypto/provider_core.c,2033,80,40,1.34751796722,0.00148320198059,0,0
/home/openssl-openssl-3.0.0/crypto/provider_predefined.c,33,80,40,1.4066696167e-05,0.000510931015015,0,0
/home/openssl-openssl-3.0.0/crypto/punycode.c,339,80,40,0.20236492157,0.00154781341553,0,0
/home/openssl-openssl-3.0.0/crypto/self_test_core.c,173,80,40,0.142687082291,0.0019359588623,0,0
/home/openssl-openssl-3.0.0/crypto/sparse_array.c,220,80,40,0.172996997833,0.000593662261963,0,0
/home/openssl-openssl-3.0.0/crypto/threads_lib.c,26,80,40,0.0127739906311,0.000754117965698,0,0
/home/openssl-openssl-3.0.0/crypto/threads_none.c,166,80,40,0.00088095664978,0.000584840774536,0,0
/home/openssl-openssl-3.0.0/crypto/threads_pthread.c,292,80,40,0.215057134628,0.00254106521606,0,0
/home/openssl-openssl-3.0.0/crypto/threads_win.c,231,80,40,0.000157833099365,0.000818014144897,0,0
/home/openssl-openssl-3.0.0/crypto/trace.c,520,80,40,0.137736082077,0.0024209022522,0,0
/home/openssl-openssl-3.0.0/crypto/uid.c,56,80,40,0.0327088832855,0.00130891799927,0,0
/home/openssl-openssl-3.0.0/crypto/md4/md4_dgst.c,154,80,40,0.0604219436646,0.00078272819519,0,0
/home/openssl-openssl-3.0.0/crypto/md4/md4_one.c,54,80,40,0.0510680675507,0.00109505653381,0,0
/home/openssl-openssl-3.0.0/crypto/md5/md5_dgst.c,171,80,40,0.0485129356384,0.00163888931274,0,0
/home/openssl-openssl-3.0.0/crypto/md5/md5_one.c,54,80,40,0.045431137085,0.000953912734985,0,0
/home/openssl-openssl-3.0.0/crypto/md5/md5_sha1.c,109,80,40,0.204941034317,0.00117206573486,0,0
/home/openssl-openssl-3.0.0/crypto/mdc2/mdc2_one.c,34,80,40,0.0580449104309,0.00151395797729,0,0
/home/openssl-openssl-3.0.0/crypto/mdc2/mdc2dgst.c,133,80,40,0.0402479171753,0.000931978225708,0,0
/home/openssl-openssl-3.0.0/crypto/modes/cbc128.c,173,80,40,0.0243620872498,0.00126814842224,0,0
/home/openssl-openssl-3.0.0/crypto/modes/ccm128.c,443,80,40,0.126997947693,0.0013279914856,0,0
/home/openssl-openssl-3.0.0/crypto/modes/cfb128.c,212,80,40,0.0307381153107,0.00177788734436,0,0
/home/openssl-openssl-3.0.0/crypto/modes/ctr128.c,213,80,40,0.0321400165558,0.000730276107788,0,0
/home/openssl-openssl-3.0.0/crypto/modes/cts128.c,331,80,40,0.0681409835815,0.000775814056396,0,0
/home/openssl-openssl-3.0.0/crypto/modes/gcm128.c,1859,80,40,0.149425029755,0.00302886962891,0,0
/home/openssl-openssl-3.0.0/crypto/modes/ocb128.c,563,80,40,0.24232006073,0.00103783607483,0,0
/home/openssl-openssl-3.0.0/crypto/modes/ofb128.c,87,80,40,0.0236821174622,0.00145888328552,0,0
/home/openssl-openssl-3.0.0/crypto/modes/siv128.c,394,80,40,0.196410894394,0.00065803527832,0,0
/home/openssl-openssl-3.0.0/crypto/modes/wrap128.c,332,80,40,0.126386165619,0.00138783454895,0,0
/home/openssl-openssl-3.0.0/crypto/modes/xts128.c,162,80,40,0.102353811264,0.00163102149963,0,0
/home/openssl-openssl-3.0.0/crypto/objects/o_names.c,401,80,40,0.198362112045,0.00145173072815,0,0
/home/openssl-openssl-3.0.0/crypto/objects/obj_dat.c,742,80,40,0.727282047272,0.00110006332397,0,0
/home/openssl-openssl-3.0.0/crypto/objects/obj_err.c,35,80,40,0.0504059791565,0.00075888633728,0,0
/home/openssl-openssl-3.0.0/crypto/objects/obj_lib.c,66,80,40,0.139007091522,0.000837087631226,0,0
/home/openssl-openssl-3.0.0/crypto/objects/obj_xref.c,140,80,40,0.18590593338,0.00106000900269,0,0
/home/openssl-openssl-3.0.0/crypto/ocsp/ocsp_asn.c,136,80,40,1.04333400726,0.000756978988647,0,0
/home/openssl-openssl-3.0.0/crypto/ocsp/ocsp_cl.c,369,80,40,0.353538990021,0.00110507011414,0,0
/home/openssl-openssl-3.0.0/crypto/ocsp/ocsp_err.c,76,80,40,0.0570549964905,0.00603365898132,0,0
/home/openssl-openssl-3.0.0/crypto/ocsp/ocsp_ext.c,473,80,40,0.965832948685,0.00308418273926,0,0
/home/openssl-openssl-3.0.0/crypto/ocsp/ocsp_http.c,71,80,40,0.0730009078979,0.00217318534851,0,0
/home/openssl-openssl-3.0.0/crypto/ocsp/ocsp_lib.c,114,80,40,0.176534891129,0.00236129760742,0,0
/home/openssl-openssl-3.0.0/crypto/ocsp/ocsp_prn.c,247,80,40,0.21836400032,0.00120520591736,0,0
/home/openssl-openssl-3.0.0/crypto/ocsp/ocsp_srv.c,328,80,40,0.315311908722,0.000824928283691,0,0
/home/openssl-openssl-3.0.0/crypto/ocsp/ocsp_vfy.c,440,80,40,0.257541179657,0.000967979431152,0,0
/home/openssl-openssl-3.0.0/crypto/ocsp/v3_ocsp.c,265,80,40,0.165536880493,0.00248408317566,0,0
/home/openssl-openssl-3.0.0/crypto/pem/pem_all.c,227,80,40,1.46332907677,0.00121378898621,0,0
/home/openssl-openssl-3.0.0/crypto/pem/pem_err.c,75,80,40,0.0384199619293,0.000977039337158,0,0
/home/openssl-openssl-3.0.0/crypto/pem/pem_info.c,312,80,40,0.134170055389,0.000869989395142,0,0
/home/openssl-openssl-3.0.0/crypto/pem/pem_lib.c,1025,80,40,0.302845954895,0.000962972640991,0,0
/home/openssl-openssl-3.0.0/crypto/pem/pem_oth.c,37,80,40,0.043613910675,0.00332808494568,0,0
/home/openssl-openssl-3.0.0/crypto/pem/pem_pk8.c,274,80,40,0.426931142807,0.000911951065063,0,0
/home/openssl-openssl-3.0.0/crypto/pem/pem_pkey.c,428,80,40,0.354948043823,0.000807046890259,0,0
/home/openssl-openssl-3.0.0/crypto/pem/pem_sign.c,52,80,40,0.110724925995,0.00248408317566,0,0
/home/openssl-openssl-3.0.0/crypto/pem/pem_x509.c,19,80,40,0.112050056458,0.00254011154175,0,0
/home/openssl-openssl-3.0.0/crypto/pem/pem_xaux.c,19,80,40,0.122176885605,0.00204801559448,0,0
/home/openssl-openssl-3.0.0/crypto/pem/pvkfmt.c,1121,80,40,0.439445018768,0.00146389007568,0,0
/home/openssl-openssl-3.0.0/crypto/pkcs12/p12_add.c,205,80,40,0.268051147461,0.00456309318542,0,0
/home/openssl-openssl-3.0.0/crypto/pkcs12/p12_asn.c,77,80,40,0.358407020569,0.00591802597046,0,0
/home/openssl-openssl-3.0.0/crypto/pkcs12/p12_attr.c,122,80,40,0.153093099594,0.00361490249634,0,0
/home/openssl-openssl-3.0.0/crypto/pkcs12/p12_crpt.c,86,80,40,0.106390953064,0.0014750957489,0,0
/home/openssl-openssl-3.0.0/crypto/pkcs12/p12_crt.c,338,80,40,0.245502948761,0.0118379592896,0,0
/home/openssl-openssl-3.0.0/crypto/pkcs12/p12_decr.c,211,80,40,0.207469940186,0.00542497634888,0,0
/home/openssl-openssl-3.0.0/crypto/pkcs12/p12_init.c,59,80,40,0.0639729499817,0.00333285331726,0,0
/home/openssl-openssl-3.0.0/crypto/pkcs12/p12_key.c,139,80,40,0.151583909988,0.00279021263123,0,0
/home/openssl-openssl-3.0.0/crypto/pkcs12/p12_kiss.c,260,80,40,0.098443031311,0.00120210647583,0,0
/home/openssl-openssl-3.0.0/crypto/pkcs12/p12_mutl.c,277,80,40,0.150260925293,0.002277135849,0,0
/home/openssl-openssl-3.0.0/crypto/pkcs12/p12_npas.c,187,80,40,0.123445987701,0.00219178199768,0,0
/home/openssl-openssl-3.0.0/crypto/pkcs12/p12_p8d.c,33,80,40,0.105609178543,0.00305390357971,0,0
/home/openssl-openssl-3.0.0/crypto/pkcs12/p12_p8e.c,102,80,40,0.103875875473,0.00263333320618,0,0
/home/openssl-openssl-3.0.0/crypto/pkcs12/p12_sbag.c,249,80,40,0.360851049423,0.0027859210968,0,0
/home/openssl-openssl-3.0.0/crypto/pkcs12/p12_utl.c,250,80,40,0.334357023239,0.00273394584656,0,0
/home/openssl-openssl-3.0.0/crypto/pkcs12/pk12err.c,62,80,40,0.0468928813934,0.00153422355652,0,0
/home/openssl-openssl-3.0.0/crypto/pkcs7/bio_pk7.c,25,80,40,0.0394418239594,0.00182795524597,0,0
/home/openssl-openssl-3.0.0/crypto/pkcs7/pk7_asn1.c,258,80,40,0.902724981308,0.00239276885986,0,0
/home/openssl-openssl-3.0.0/crypto/pkcs7/pk7_attr.c,121,80,40,0.174468994141,0.00110673904419,0,0
/home/openssl-openssl-3.0.0/crypto/pkcs7/pk7_doit.c,1267,80,40,0.390628814697,0.000899791717529,0,0
/home/openssl-openssl-3.0.0/crypto/pkcs7/pk7_lib.c,746,80,40,0.305758953094,0.00103712081909,0,0
/home/openssl-openssl-3.0.0/crypto/pkcs7/pk7_mime.c,71,80,40,0.132997989655,0.00236916542053,0,0
/home/openssl-openssl-3.0.0/crypto/pkcs7/pk7_smime.c,566,80,40,0.312106132507,0.0023148059845,0,0
/home/openssl-openssl-3.0.0/crypto/pkcs7/pkcs7err.c,99,80,40,0.0513579845428,0.00147581100464,0,0
/home/openssl-openssl-3.0.0/crypto/poly1305/poly1305.c,530,80,40,0.0558140277863,0.00105285644531,0,0
/home/openssl-openssl-3.0.0/crypto/property/defn_cache.c,132,80,40,0.324261903763,0.00158381462097,0,0
/home/openssl-openssl-3.0.0/crypto/property/property.c,659,80,40,1.12787985802,0.000931978225708,0,0
/home/openssl-openssl-3.0.0/crypto/property/property_err.c,47,80,40,0.0581178665161,0.000725269317627,0,0
/home/openssl-openssl-3.0.0/crypto/property/property_parse.c,692,80,40,0.84380698204,0.00157308578491,0,0
/home/openssl-openssl-3.0.0/crypto/property/property_query.c,83,80,40,0.126636981964,0.00494003295898,0,0
/home/openssl-openssl-3.0.0/crypto/property/property_string.c,247,80,40,0.485131025314,0.000833988189697,0,0
/home/openssl-openssl-3.0.0/crypto/rand/prov_seed.c,77,80,40,0.0768370628357,0.00195908546448,0,0
/home/openssl-openssl-3.0.0/crypto/rand/rand_deprecated.c,36,80,40,0.00158405303955,0.00124907493591,0,0
/home/openssl-openssl-3.0.0/crypto/rand/rand_err.c,108,80,40,0.0391919612885,0.0012731552124,0,0
/home/openssl-openssl-3.0.0/crypto/rand/rand_lib.c,837,80,40,0.445605993271,0.0010039806366,0,0
/home/openssl-openssl-3.0.0/crypto/rand/rand_meth.c,66,80,40,0.175746917725,0.0025839805603,0,0
/home/openssl-openssl-3.0.0/crypto/rand/rand_pool.c,413,80,40,0.155501127243,0.000612020492554,0,0
/home/openssl-openssl-3.0.0/crypto/rand/randfile.c,322,80,40,0.560861110687,0.118562936783,2,2
/home/openssl-openssl-3.0.0/crypto/rc2/rc2_cbc.c,186,80,40,0.0342669487,0.000948905944824,0,0
/home/openssl-openssl-3.0.0/crypto/rc2/rc2_ecb.c,47,80,40,0.0284450054169,0.00365495681763,0,0
/home/openssl-openssl-3.0.0/crypto/rc2/rc2_skey.c,105,80,40,0.0262570381165,0.000854015350342,0,0
/home/openssl-openssl-3.0.0/crypto/rc2/rc2cfb64.c,81,80,40,0.0205900669098,0.00117301940918,0,0
/home/openssl-openssl-3.0.0/crypto/rc2/rc2ofb64.c,68,80,40,0.0248310565948,0.00117182731628,0,0
/home/openssl-openssl-3.0.0/crypto/ripemd/rmd_dgst.c,289,80,40,0.0885541439056,0.000731945037842,0,0
/home/openssl-openssl-3.0.0/crypto/ripemd/rmd_one.c,35,80,40,0.0522379875183,0.000688076019287,0,0
/home/openssl-openssl-3.0.0/crypto/rsa/rsa_ameth.c,989,80,40,0.365074157715,0.00273370742798,0,0
/home/openssl-openssl-3.0.0/crypto/rsa/rsa_asn1.c,129,80,40,0.439893007278,0.00445461273193,0,0
/home/openssl-openssl-3.0.0/crypto/rsa/rsa_backend.c,591,80,40,0.803761005402,0.000795125961304,0,0
/home/openssl-openssl-3.0.0/crypto/rsa/rsa_chk.c,267,80,40,0.226089000702,0.00161600112915,0,0
/home/openssl-openssl-3.0.0/crypto/rsa/rsa_crpt.c,176,80,40,0.203279972076,0.000902652740479,0,0
/home/openssl-openssl-3.0.0/crypto/rsa/rsa_depr.c,63,80,40,0.0667531490326,0.00119996070862,0,0
/home/openssl-openssl-3.0.0/crypto/rsa/rsa_err.c,167,80,40,0.0412509441376,0.0022656917572,0,0
/home/openssl-openssl-3.0.0/crypto/rsa/rsa_gen.c,528,80,40,0.272649049759,0.000692844390869,0,0
/home/openssl-openssl-3.0.0/crypto/rsa/rsa_lib.c,1278,80,40,1.05619001389,0.00130987167358,0,0
/home/openssl-openssl-3.0.0/crypto/rsa/rsa_meth.c,294,80,40,0.129786014557,0.00164413452148,0,0
/home/openssl-openssl-3.0.0/crypto/rsa/rsa_mp.c,116,80,40,0.110548973083,0.00135612487793,0,0
/home/openssl-openssl-3.0.0/crypto/rsa/rsa_mp_names.c,77,80,40,0.000756025314331,0.000622034072876,0,0
/home/openssl-openssl-3.0.0/crypto/rsa/rsa_none.c,50,80,40,0.133548974991,0.00176787376404,0,0
/home/openssl-openssl-3.0.0/crypto/rsa/rsa_oaep.c,376,80,40,0.341715097427,0.00347876548767,0,0
/home/openssl-openssl-3.0.0/crypto/rsa/rsa_ossl.c,1000,80,40,0.215471982956,0.00110101699829,0,0
/home/openssl-openssl-3.0.0/crypto/rsa/rsa_pk1.c,397,80,40,0.196952819824,0.00172090530396,0,0
/home/openssl-openssl-3.0.0/crypto/rsa/rsa_pmeth.c,897,80,40,0.323482036591,0.0011260509491,0,0
/home/openssl-openssl-3.0.0/crypto/rsa/rsa_prn.c,51,80,40,0.0770919322968,0.000956773757935,0,0
/home/openssl-openssl-3.0.0/crypto/rsa/rsa_pss.c,397,80,40,0.138235092163,0.00272393226624,0,0
/home/openssl-openssl-3.0.0/crypto/rsa/rsa_saos.c,100,80,40,0.0914080142975,0.0012800693512,0,0
/home/openssl-openssl-3.0.0/crypto/rsa/rsa_schemes.c,87,80,40,0.174944162369,0.000698804855347,0,0
/home/openssl-openssl-3.0.0/crypto/rsa/rsa_sign.c,458,80,40,0.58975815773,0.00106692314148,0,0
/home/openssl-openssl-3.0.0/crypto/rsa/rsa_sp800_56b_check.c,438,80,40,0.154760122299,0.00108790397644,0,0
/home/openssl-openssl-3.0.0/crypto/rsa/rsa_sp800_56b_gen.c,441,80,40,0.126716136932,0.000734806060791,0,0
/home/openssl-openssl-3.0.0/crypto/rsa/rsa_x931.c,124,80,40,0.110149145126,0.00200891494751,0,0
/home/openssl-openssl-3.0.0/crypto/rsa/rsa_x931g.c,207,80,40,0.174206972122,0.00246000289917,0,0
/home/openssl-openssl-3.0.0/crypto/seed/seed.c,597,80,40,0.0369889736176,0.00144505500793,0,0
/home/openssl-openssl-3.0.0/crypto/seed/seed_cbc.c,30,80,40,0.0259819030762,0.000707387924194,0,0
/home/openssl-openssl-3.0.0/crypto/seed/seed_cfb.c,27,80,40,0.0146591663361,0.000584840774536,0,0
/home/openssl-openssl-3.0.0/crypto/seed/seed_ecb.c,26,80,40,0.0209078788757,0.000863075256348,0,0
/home/openssl-openssl-3.0.0/crypto/seed/seed_ofb.c,26,80,40,0.011225938797,0.000710964202881,0,0
/home/openssl-openssl-3.0.0/crypto/sha/sha1_one.c,82,80,40,0.0498690605164,0.00183916091919,0,0
/home/openssl-openssl-3.0.0/crypto/sha/sha1dgst.c,81,80,40,0.107285022736,0.00137901306152,0,0
/home/openssl-openssl-3.0.0/crypto/sha/sha256.c,361,80,40,0.0970311164856,0.00259804725647,0,0
/home/openssl-openssl-3.0.0/crypto/sha/sha3.c,110,80,40,0.106955051422,0.00170207023621,0,0
/home/openssl-openssl-3.0.0/crypto/sha/sha512.c,753,80,40,0.132479906082,0.00328588485718,0,0
/home/openssl-openssl-3.0.0/crypto/siphash/siphash.c,256,80,40,0.158137083054,0.00124287605286,0,0
/home/openssl-openssl-3.0.0/crypto/sm2/sm2_crypt.c,407,80,40,0.254783153534,0.000755786895752,0,0
/home/openssl-openssl-3.0.0/crypto/sm2/sm2_err.c,51,80,40,0.0426650047302,0.000992059707642,0,0
/home/openssl-openssl-3.0.0/crypto/sm2/sm2_key.c,52,80,40,0.0596480369568,0.000949144363403,0,0
/home/openssl-openssl-3.0.0/crypto/sm2/sm2_sign.c,500,80,40,0.125127077103,0.000778913497925,0,0
/home/openssl-openssl-3.0.0/crypto/sm3/legacy_sm3.c,32,80,40,0.108777046204,0.00169920921326,0,0
/home/openssl-openssl-3.0.0/crypto/sm3/sm3.c,196,80,40,0.156464099884,0.00109887123108,0,0
/home/openssl-openssl-3.0.0/crypto/sm4/sm4.c,234,80,40,0.0492830276489,0.00449991226196,0,0
/home/openssl-openssl-3.0.0/crypto/srp/srp_lib.c,335,80,40,0.401355028152,0.00127625465393,0,0
/home/openssl-openssl-3.0.0/crypto/srp/srp_vfy.c,774,80,40,0.465404987335,0.00790786743164,0,0
/home/openssl-openssl-3.0.0/crypto/stack/stack.c,452,80,40,0.475842952728,0.00175476074219,0,0
/home/openssl-openssl-3.0.0/crypto/store/store_err.c,76,80,40,0.0492610931396,0.00290513038635,0,0
/home/openssl-openssl-3.0.0/crypto/store/store_init.c,17,80,40,0.0266919136047,0.00322532653809,0,0
/home/openssl-openssl-3.0.0/crypto/store/store_lib.c,1040,80,40,0.264502048492,0.00115013122559,0,0
/home/openssl-openssl-3.0.0/crypto/store/store_meth.c,493,80,40,0.288694858551,0.00225806236267,0,0
/home/openssl-openssl-3.0.0/crypto/store/store_register.c,300,80,40,0.250542879105,0.00113892555237,0,0
/home/openssl-openssl-3.0.0/crypto/store/store_result.c,624,80,40,0.153870820999,0.00141596794128,0,0
/home/openssl-openssl-3.0.0/crypto/store/store_strings.c,30,80,40,0.0332159996033,0.00188302993774,0,0
/home/openssl-openssl-3.0.0/crypto/ts/ts_asn1.c,235,80,40,0.910174131393,0.00254583358765,0,0
/home/openssl-openssl-3.0.0/crypto/ts/ts_conf.c,499,80,40,0.27833199501,0.00129103660583,0,0
/home/openssl-openssl-3.0.0/crypto/ts/ts_err.c,92,80,40,0.0454111099243,0.000739097595215,0,0
/home/openssl-openssl-3.0.0/crypto/ts/ts_lib.c,93,80,40,0.144214868546,0.00236415863037,0,0
/home/openssl-openssl-3.0.0/crypto/ts/ts_req_print.c,52,80,40,0.0671191215515,0.00328993797302,0,0
/home/openssl-openssl-3.0.0/crypto/ts/ts_req_utils.c,184,80,40,0.325154781342,0.00228786468506,0,0
/home/openssl-openssl-3.0.0/crypto/ts/ts_rsp_print.c,196,80,40,0.0894000530243,0.00331497192383,0,0
/home/openssl-openssl-3.0.0/crypto/ts/ts_rsp_sign.c,890,80,40,0.720194101334,0.00107002258301,0,0
/home/openssl-openssl-3.0.0/crypto/ts/ts_rsp_utils.c,366,80,40,0.29173707962,0.00216388702393,0,0
/home/openssl-openssl-3.0.0/crypto/ts/ts_rsp_verify.c,574,80,40,0.202926874161,0.00104999542236,0,0
/home/openssl-openssl-3.0.0/crypto/ts/ts_verify_ctx.c,150,80,40,0.124716997147,0.00362396240234,0,0
/home/openssl-openssl-3.0.0/crypto/txt_db/txt_db.c,318,80,40,0.112561941147,0.000892162322998,0,0
/home/openssl-openssl-3.0.0/crypto/ui/ui_err.c,48,80,40,0.0438029766083,0.001708984375,0,0
/home/openssl-openssl-3.0.0/crypto/ui/ui_lib.c,937,80,40,0.549279928207,0.000806093215942,0,0
/home/openssl-openssl-3.0.0/crypto/ui/ui_null.c,27,80,40,0.0503270626068,0.0014660358429,0,0
/home/openssl-openssl-3.0.0/crypto/ui/ui_openssl.c,731,80,40,0.197417020798,0.00137805938721,0,0
/home/openssl-openssl-3.0.0/crypto/ui/ui_util.c,163,80,40,0.164556980133,0.00404405593872,0,0
/home/openssl-openssl-3.0.0/crypto/whrlpool/wp_dgst.c,265,80,40,0.0867109298706,0.00118017196655,0,0
/home/openssl-openssl-3.0.0/crypto/x509/by_dir.c,419,80,40,0.253601074219,0.00578093528748,0,0
/home/openssl-openssl-3.0.0/crypto/x509/by_file.c,262,80,40,0.233148097992,0.000737905502319,0,0
/home/openssl-openssl-3.0.0/crypto/x509/by_store.c,246,80,40,0.160993099213,0.0014009475708,0,0
/home/openssl-openssl-3.0.0/crypto/x509/pcy_cache.c,226,80,40,0.197707891464,0.000849008560181,0,0
/home/openssl-openssl-3.0.0/crypto/x509/pcy_data.c,83,80,40,0.0609059333801,0.00515532493591,0,0
/home/openssl-openssl-3.0.0/crypto/x509/pcy_lib.c,109,80,40,0.105616807938,0.000869989395142,0,0
/home/openssl-openssl-3.0.0/crypto/x509/pcy_map.c,84,80,40,0.0610008239746,0.00085186958313,0,0
/home/openssl-openssl-3.0.0/crypto/x509/pcy_node.c,148,80,40,0.193936109543,0.00164008140564,0,0
/home/openssl-openssl-3.0.0/crypto/x509/pcy_tree.c,698,80,40,0.234791040421,0.00358891487122,0,0
/home/openssl-openssl-3.0.0/crypto/x509/t_crl.c,95,80,40,0.125993013382,0.00241494178772,0,0
/home/openssl-openssl-3.0.0/crypto/x509/t_req.c,215,80,40,0.155370950699,0.00145626068115,0,0
/home/openssl-openssl-3.0.0/crypto/x509/t_x509.c,530,80,40,0.268490076065,0.0050630569458,0,0
/home/openssl-openssl-3.0.0/crypto/x509/v3_addr.c,1309,80,40,0.648283004761,0.018860578537,1,1
/home/openssl-openssl-3.0.0/crypto/x509/v3_admis.c,356,80,40,0.431668996811,0.00205063819885,0,0
/home/openssl-openssl-3.0.0/crypto/x509/v3_akeya.c,24,80,40,0.143953084946,0.00169992446899,0,0
/home/openssl-openssl-3.0.0/crypto/x509/v3_akid.c,206,80,40,0.109888792038,0.0026969909668,0,0
/home/openssl-openssl-3.0.0/crypto/x509/v3_asid.c,884,80,40,0.599455118179,0.000732898712158,0,0
/home/openssl-openssl-3.0.0/crypto/x509/v3_bcons.c,86,80,40,0.163146018982,0.00727319717407,0,0
/home/openssl-openssl-3.0.0/crypto/x509/v3_bitst.c,92,80,40,0.0881311893463,0.0026159286499,0,0
/home/openssl-openssl-3.0.0/crypto/x509/v3_conf.c,585,80,40,0.486393928528,0.000818014144897,0,0
/home/openssl-openssl-3.0.0/crypto/x509/v3_cpols.c,501,80,40,0.67133808136,0.00101804733276,0,0
/home/openssl-openssl-3.0.0/crypto/x509/v3_crld.c,508,80,40,0.48233294487,0.00098729133606,0,0
/home/openssl-openssl-3.0.0/crypto/x509/v3_enum.c,54,80,40,0.0863401889801,0.00322985649109,0,0
/home/openssl-openssl-3.0.0/crypto/x509/v3_extku.c,103,80,40,0.185331106186,0.00149703025818,0,0
/home/openssl-openssl-3.0.0/crypto/x509/v3_genn.c,242,80,40,0.51997590065,0.00251817703247,0,0
/home/openssl-openssl-3.0.0/crypto/x509/v3_ia5.c,65,80,40,0.0710411071777,0.0022029876709,0,0
/home/openssl-openssl-3.0.0/crypto/x509/v3_info.c,157,80,40,0.301520109177,0.00108695030212,0,0
/home/openssl-openssl-3.0.0/crypto/x509/v3_int.c,44,80,40,0.0393919944763,0.000716924667358,0,0
/home/openssl-openssl-3.0.0/crypto/x509/v3_ist.c,150,80,40,0.207019090652,0.000988006591797,0,0
/home/openssl-openssl-3.0.0/crypto/x509/v3_lib.c,303,80,40,0.33872795105,0.000828981399536,0,0
/home/openssl-openssl-3.0.0/crypto/x509/v3_ncons.c,815,80,40,0.462429046631,0.00110602378845,0,0
/home/openssl-openssl-3.0.0/crypto/x509/v3_pci.c,322,80,40,0.121556043625,0.00103902816772,0,0
/home/openssl-openssl-3.0.0/crypto/x509/v3_pcia.c,65,80,40,0.225203037262,0.00090217590332,0,0
/home/openssl-openssl-3.0.0/crypto/x509/v3_pcons.c,92,80,40,0.124508857727,0.00105881690979,0,0
/home/openssl-openssl-3.0.0/crypto/x509/v3_pku.c,53,80,40,0.153600931168,0.00165724754333,0,0
/home/openssl-openssl-3.0.0/crypto/x509/v3_pmaps.c,111,80,40,0.146945953369,0.00167083740234,0,0
/home/openssl-openssl-3.0.0/crypto/x509/v3_prn.c,217,80,40,0.171093940735,0.000856876373291,0,0
/home/openssl-openssl-3.0.0/crypto/x509/v3_purp.c,1067,80,40,0.816262960434,0.00223779678345,0,0
/home/openssl-openssl-3.0.0/crypto/x509/v3_san.c,693,80,40,0.25382399559,0.0026068687439,0,0
/home/openssl-openssl-3.0.0/crypto/x509/v3_skid.c,112,80,40,0.193320989609,0.000687122344971,0,0
/home/openssl-openssl-3.0.0/crypto/x509/v3_sxnet.c,239,80,40,0.355159044266,0.000834941864014,0,0
/home/openssl-openssl-3.0.0/crypto/x509/v3_tlsf.c,141,80,40,0.157106876373,0.0014660358429,0,0
/home/openssl-openssl-3.0.0/crypto/x509/v3_utf8.c,69,80,40,0.0850920677185,0.0019690990448,0,0
/home/openssl-openssl-3.0.0/crypto/x509/v3_utl.c,1340,80,40,0.464679002762,0.00109720230103,0,0
/home/openssl-openssl-3.0.0/crypto/x509/v3err.c,148,80,40,0.0465710163116,0.00224304199219,0,0
/home/openssl-openssl-3.0.0/crypto/x509/x509_att.c,350,80,40,0.387871026993,0.00206613540649,0,0
/home/openssl-openssl-3.0.0/crypto/x509/x509_cmp.c,582,80,40,0.614798069,0.00288820266724,0,0
/home/openssl-openssl-3.0.0/crypto/x509/x509_d2.c,112,80,40,0.187983989716,0.000921964645386,0,0
/home/openssl-openssl-3.0.0/crypto/x509/x509_def.c,44,80,40,0.0421380996704,0.00333595275879,0,0
/home/openssl-openssl-3.0.0/crypto/x509/x509_err.c,95,80,40,0.0530579090118,0.00270009040833,0,0
/home/openssl-openssl-3.0.0/crypto/x509/x509_ext.c,160,80,40,0.559789180756,0.00530672073364,0,0
/home/openssl-openssl-3.0.0/crypto/x509/x509_lu.c,958,80,40,0.744121074677,0.00181889533997,0,0
/home/openssl-openssl-3.0.0/crypto/x509/x509_meth.c,167,80,40,0.0692949295044,0.00106573104858,0,0
/home/openssl-openssl-3.0.0/crypto/x509/x509_obj.c,188,80,40,0.109313011169,0.00095009803772,0,0
/home/openssl-openssl-3.0.0/crypto/x509/x509_r2x.c,68,80,40,0.078959941864,0.00311493873596,0,0
/home/openssl-openssl-3.0.0/crypto/x509/x509_req.c,298,80,40,0.532726049423,0.00278496742249,0,0
/home/openssl-openssl-3.0.0/crypto/x509/x509_set.c,277,80,40,0.394140958786,0.00100421905518,0,0
/home/openssl-openssl-3.0.0/crypto/x509/x509_trust.c,301,80,40,0.347567081451,0.00104284286499,0,0
/home/openssl-openssl-3.0.0/crypto/x509/x509_txt.c,221,80,40,0.0165178775787,0.000770092010498,0,0
/home/openssl-openssl-3.0.0/crypto/x509/x509_v3.c,235,80,40,0.317276954651,0.00857210159302,0,0
/home/openssl-openssl-3.0.0/crypto/x509/x509_vfy.c,3450,80,40,1.32461595535,0.00546503067017,0,0
/home/openssl-openssl-3.0.0/crypto/x509/x509_vpm.c,633,80,40,0.479799032211,0.00111103057861,0,0
/home/openssl-openssl-3.0.0/crypto/x509/x509cset.c,184,80,40,0.282161951065,0.000911951065063,0,0
/home/openssl-openssl-3.0.0/crypto/x509/x509name.c,357,80,40,0.345227003098,0.0024688243866,0,0
/home/openssl-openssl-3.0.0/crypto/x509/x509rset.c,41,80,40,0.122920036316,0.0011899471283,0,0
/home/openssl-openssl-3.0.0/crypto/x509/x509spki.c,79,80,40,0.174074888229,0.000676155090332,0,0
/home/openssl-openssl-3.0.0/crypto/x509/x509type.c,85,80,40,0.0776510238647,0.00124502182007,0,0
/home/openssl-openssl-3.0.0/crypto/x509/x_all.c,745,80,40,1.4276740551,0.00106120109558,0,0
/home/openssl-openssl-3.0.0/crypto/x509/x_attrib.c,59,80,40,0.197988986969,0.00218391418457,0,0
/home/openssl-openssl-3.0.0/crypto/x509/x_crl.c,531,80,40,0.503667831421,0.000958919525146,0,0
/home/openssl-openssl-3.0.0/crypto/x509/x_exten.c,29,80,40,0.184835910797,0.00122213363647,0,0
/home/openssl-openssl-3.0.0/crypto/x509/x_name.c,558,80,40,0.444890022278,0.00113105773926,0,0
/home/openssl-openssl-3.0.0/crypto/x509/x_pubkey.c,1035,80,40,0.525543928146,0.00154900550842,0,0
/home/openssl-openssl-3.0.0/crypto/x509/x_req.c,174,80,40,0.295377969742,0.00250291824341,0,0
/home/openssl-openssl-3.0.0/crypto/x509/x_x509.c,334,80,40,0.534829854965,0.00245499610901,0,0
/home/openssl-openssl-3.0.0/crypto/x509/x_x509a.c,175,80,40,0.236721992493,0.00224804878235,0,0
/home/openssl-openssl-3.0.0/providers/baseprov.c,179,80,40,0.0858750343323,0.00128889083862,0,0
/home/openssl-openssl-3.0.0/providers/defltprov.c,592,80,40,0.1072909832,0.000862121582031,0,0
/home/openssl-openssl-3.0.0/providers/nullprov.c,81,80,40,0.113731861115,0.000653028488159,0,0
/home/openssl-openssl-3.0.0/providers/prov_running.c,23,80,40,0.0262131690979,0.000633716583252,0,0
/home/openssl-openssl-3.0.0/crypto/packet.c,513,80,40,0.369943857193,0.00432825088501,0,0
/home/openssl-openssl-3.0.0/ssl/bio_ssl.c,508,80,40,0.137146949768,0.000720977783203,0,0
/home/openssl-openssl-3.0.0/ssl/d1_lib.c,966,80,40,0.224255084991,0.00714087486267,0,0
/home/openssl-openssl-3.0.0/ssl/d1_msg.c,72,80,40,0.109325885773,0.00145626068115,0,0
/home/openssl-openssl-3.0.0/ssl/d1_srtp.c,136,80,40,0.137069940567,0.00065016746521,0,0
/home/openssl-openssl-3.0.0/ssl/methods.c,280,80,40,0.9810359478,0.000736236572266,0,0
/home/openssl-openssl-3.0.0/ssl/pqueue.c,159,80,40,0.194356918335,0.000844240188599,0,0
/home/openssl-openssl-3.0.0/ssl/s3_cbc.c,514,80,40,0.0983488559723,0.00105214118958,0,0
/home/openssl-openssl-3.0.0/ssl/s3_enc.c,597,80,40,0.130493879318,0.00783586502075,0,0
/home/openssl-openssl-3.0.0/ssl/s3_lib.c,4947,80,40,0.728376865387,0.00125288963318,0,0
/home/openssl-openssl-3.0.0/ssl/s3_msg.c,111,80,40,0.153208971024,0.00122117996216,0,0
/home/openssl-openssl-3.0.0/ssl/ssl_asn1.c,401,80,40,0.258382081985,0.000773906707764,0,0
/home/openssl-openssl-3.0.0/ssl/ssl_cert.c,1115,80,40,0.463804006577,0.00883889198303,0,0
/home/openssl-openssl-3.0.0/ssl/ssl_ciph.c,2230,80,40,0.66041302681,0.00099778175354,0,0
/home/openssl-openssl-3.0.0/ssl/ssl_conf.c,1075,80,40,0.515908002853,0.0175170898438,0,0
/home/openssl-openssl-3.0.0/ssl/ssl_err.c,570,80,40,0.0678288936615,0.00160598754883,0,0
/home/openssl-openssl-3.0.0/ssl/ssl_err_legacy.c,22,80,40,0.028972864151,0.00187802314758,0,0
/home/openssl-openssl-3.0.0/ssl/ssl_init.c,144,80,40,0.0957779884338,0.00247168540955,0,0
/home/openssl-openssl-3.0.0/ssl/ssl_lib.c,5996,80,40,3.00768685341,0.0014111995697,0,0
/home/openssl-openssl-3.0.0/ssl/ssl_mcnf.c,103,80,40,0.11271905899,0.00102806091309,0,0
/home/openssl-openssl-3.0.0/ssl/ssl_rsa.c,987,80,40,0.325602054596,0.00767207145691,0,0
/home/openssl-openssl-3.0.0/ssl/ssl_rsa_legacy.c,181,80,40,0.100733041763,0.00256609916687,0,0
/home/openssl-openssl-3.0.0/ssl/ssl_sess.c,1390,80,40,1.07272005081,0.00189924240112,0,0
/home/openssl-openssl-3.0.0/ssl/ssl_stat.c,389,80,40,0.0577039718628,0.0033860206604,0,0
/home/openssl-openssl-3.0.0/ssl/ssl_txt.c,203,80,40,0.134361982346,0.00162792205811,0,0
/home/openssl-openssl-3.0.0/ssl/ssl_utst.c,25,80,40,0.0102219581604,0.000982046127319,0,0
/home/openssl-openssl-3.0.0/ssl/t1_enc.c,858,80,40,0.23019695282,0.00540471076965,0,0
/home/openssl-openssl-3.0.0/ssl/t1_lib.c,3478,80,40,0.821335077286,0.00168395042419,0,0
/home/openssl-openssl-3.0.0/ssl/t1_trce.c,1600,80,40,0.352187156677,0.00137901306152,0,0
/home/openssl-openssl-3.0.0/ssl/tls13_enc.c,905,80,40,0.384447097778,0.00585103034973,0,0
/home/openssl-openssl-3.0.0/ssl/tls_depr.c,206,80,40,0.276460170746,0.00146269798279,0,0
/home/openssl-openssl-3.0.0/ssl/tls_srp.c,513,80,40,0.517416954041,0.00088906288147,0,0
/home/openssl-openssl-3.0.0/ssl/record/dtls1_bitmap.c,79,80,40,0.159533977509,0.00126218795776,0,0
/home/openssl-openssl-3.0.0/ssl/record/rec_layer_d1.c,1050,80,40,0.199100971222,0.00866174697876,0,0
/home/openssl-openssl-3.0.0/ssl/record/rec_layer_s3.c,1814,80,40,0.192026853561,0.000913143157959,0,0
/home/openssl-openssl-3.0.0/ssl/record/ssl3_buffer.c,186,80,40,0.077526807785,0.001060962677,0,0
/home/openssl-openssl-3.0.0/ssl/record/ssl3_record.c,1920,80,40,0.343734025955,0.00172185897827,0,0
/home/openssl-openssl-3.0.0/ssl/record/ssl3_record_tls13.c,189,80,40,0.0803461074829,0.000639915466309,0,0
/home/openssl-openssl-3.0.0/ssl/record/tls_pad.c,320,80,40,0.112236976624,0.000890016555786,0,0
/home/openssl-openssl-3.0.0/ssl/statem/extensions.c,1704,80,40,0.266616106033,0.000889778137207,0,0
/home/openssl-openssl-3.0.0/ssl/statem/extensions_clnt.c,1974,80,40,0.277015924454,0.00111508369446,0,0
/home/openssl-openssl-3.0.0/ssl/statem/extensions_cust.c,529,80,40,0.26785492897,0.000882148742676,0,0
/home/openssl-openssl-3.0.0/ssl/statem/extensions_srvr.c,1907,80,40,0.282091140747,0.00257873535156,0,0
/home/openssl-openssl-3.0.0/ssl/statem/statem.c,980,80,40,0.295073986053,0.00727200508118,0,0
/home/openssl-openssl-3.0.0/ssl/statem/statem_clnt.c,3776,80,40,0.481871843338,0.00559401512146,0,0
/home/openssl-openssl-3.0.0/ssl/statem/statem_dtls.c,1292,80,40,0.395943164825,0.00275778770447,0,0
/home/openssl-openssl-3.0.0/ssl/statem/statem_lib.c,2407,80,40,0.654536008835,0.00193214416504,0,0
/home/openssl-openssl-3.0.0/ssl/statem/statem_srvr.c,4098,80,40,0.730909109116,0.00904893875122,0,0
/home/openssl-openssl-3.0.0/engines/e_afalg.c,937,80,40,0.653908967972,0.00137495994568,0,0
/home/openssl-openssl-3.0.0/engines/e_capi.c,1928,80,40,0.0616040229797,0.00357723236084,0,0
/home/openssl-openssl-3.0.0/engines/e_dasync.c,925,80,40,0.81765294075,0.00196933746338,0,0
/home/openssl-openssl-3.0.0/crypto/pem/pvkfmt.c,1121,80,40,0.460260868073,0.000872850418091,0,0
/home/openssl-openssl-3.0.0/engines/e_loader_attic.c,1775,80,40,0.919119119644,0.000876903533936,0,0
/home/openssl-openssl-3.0.0/engines/e_ossltest.c,751,80,40,0.508688926697,0.00069522857666,0,0
/home/openssl-openssl-3.0.0/engines/e_padlock.c,753,80,40,0.481849908829,0.000792980194092,0,0
/home/openssl-openssl-3.0.0/providers/legacyprov.c,202,80,40,0.104079008102,0.00209093093872,0,0
/home/openssl-openssl-3.0.0/test/p_test.c,321,80,40,0.332860946655,0.00135898590088,0,0
/home/openssl-openssl-3.0.0/apps/lib/cmp_mock_srv.c,451,80,40,0.269988059998,0.000771045684814,0,0
/home/openssl-openssl-3.0.0/apps/asn1parse.c,363,80,40,0.098513841629,0.00105118751526,0,0
/home/openssl-openssl-3.0.0/apps/ca.c,2652,80,40,0.249225854874,0.00101017951965,0,0
/home/openssl-openssl-3.0.0/apps/ciphers.c,279,80,40,0.0913970470428,0.000690937042236,0,0
/home/openssl-openssl-3.0.0/apps/cmp.c,2907,80,40,0.563061952591,0.00641322135925,0,0
/home/openssl-openssl-3.0.0/apps/cms.c,1454,80,40,0.191882133484,0.0049729347229,0,0
/home/openssl-openssl-3.0.0/apps/crl.c,397,80,40,0.0769798755646,0.0021641254425,0,0
/home/openssl-openssl-3.0.0/apps/crl2pkcs7.c,234,80,40,0.0841970443726,0.000776052474976,0,0
/home/openssl-openssl-3.0.0/apps/dgst.c,634,80,40,0.086991071701,0.0029890537262,0,0
/home/openssl-openssl-3.0.0/apps/dhparam.c,413,80,40,0.11985206604,0.000916004180908,0,0
/home/openssl-openssl-3.0.0/apps/dsa.c,312,80,40,0.0665998458862,0.000755071640015,0,0
/home/openssl-openssl-3.0.0/apps/dsaparam.c,256,80,40,0.0950298309326,0.00277304649353,0,0
/home/openssl-openssl-3.0.0/apps/ec.c,295,80,40,0.0676929950714,0.00182199478149,0,0
/home/openssl-openssl-3.0.0/apps/ecparam.c,349,80,40,0.0620269775391,0.00147604942322,0,0
/home/openssl-openssl-3.0.0/apps/enc.c,697,80,40,0.0995330810547,0.000959873199463,0,0
/home/openssl-openssl-3.0.0/apps/engine.c,494,80,40,0.136074066162,0.000982046127319,0,0
/home/openssl-openssl-3.0.0/apps/errstr.c,75,80,40,0.0532290935516,0.00463604927063,0,0
/home/openssl-openssl-3.0.0/apps/fipsinstall.c,591,80,40,0.16081404686,0.00105786323547,0,0
/home/openssl-openssl-3.0.0/apps/gendsa.c,169,80,40,0.0795199871063,0.0032012462616,0,0
/home/openssl-openssl-3.0.0/apps/genpkey.c,343,80,40,0.117816209793,0.00187587738037,0,0
/home/openssl-openssl-3.0.0/apps/genrsa.c,269,80,40,0.0900180339813,0.000935077667236,0,0
/home/openssl-openssl-3.0.0/apps/info.c,105,80,40,0.0493750572205,0.00321316719055,0,0
/home/openssl-openssl-3.0.0/apps/kdf.c,212,80,40,0.106457948685,0.00157308578491,0,0
/home/openssl-openssl-3.0.0/apps/list.c,1707,80,40,1.73431706429,0.00205302238464,0,0
/home/openssl-openssl-3.0.0/apps/mac.c,241,80,40,0.0931980609894,0.000724077224731,0,0
/home/openssl-openssl-3.0.0/apps/nseq.c,131,80,40,0.0838251113892,0.00258994102478,0,0
/home/openssl-openssl-3.0.0/apps/ocsp.c,1254,80,40,0.206285953522,0.000844717025757,0,0
/home/openssl-openssl-3.0.0/apps/openssl.c,479,80,40,0.227329015732,0.00122284889221,0,0
/home/openssl-openssl-3.0.0/apps/passwd.c,848,80,40,0.990940093994,0.520484209061,1,1
/home/openssl-openssl-3.0.0/apps/pkcs12.c,1232,80,40,0.134449958801,0.00620985031128,0,0
/home/openssl-openssl-3.0.0/apps/pkcs7.c,221,80,40,0.0749499797821,0.00151395797729,0,0
/home/openssl-openssl-3.0.0/apps/pkcs8.c,382,80,40,0.059268951416,0.000986814498901,0,0
/home/openssl-openssl-3.0.0/apps/pkey.c,333,80,40,0.0749299526215,0.000822782516479,0,0
/home/openssl-openssl-3.0.0/apps/pkeyparam.c,150,80,40,0.0743508338928,0.000919103622437,0,0
/home/openssl-openssl-3.0.0/apps/pkeyutl.c,802,80,40,0.147885084152,0.00620818138123,0,0
/home/openssl-openssl-3.0.0/apps/prime.c,145,80,40,0.0804169178009,0.00110816955566,0,0
/home/openssl-openssl-3.0.0/apps/progs.c,398,80,40,0.000257968902588,0.000850915908813,0,0
/home/openssl-openssl-3.0.0/apps/rand.c,150,80,40,0.0599501132965,0.00285482406616,0,0
/home/openssl-openssl-3.0.0/apps/rehash.c,568,80,40,0.254142999649,0.0328741073608,1,1
/home/openssl-openssl-3.0.0/apps/req.c,1672,80,40,0.317584037781,0.0103831291199,0,0
/home/openssl-openssl-3.0.0/apps/rsa.c,416,80,40,0.0783081054688,0.000763893127441,0,0
/home/openssl-openssl-3.0.0/apps/rsautl.c,294,80,40,0.0894379615784,0.00120520591736,0,0
/home/openssl-openssl-3.0.0/apps/s_client.c,3474,80,40,0.236349821091,0.00391817092896,0,0
/home/openssl-openssl-3.0.0/apps/s_server.c,3684,80,40,0.24171090126,0.00158429145813,0,0
/home/openssl-openssl-3.0.0/apps/s_time.c,474,80,40,0.112823963165,0.000782012939453,0,0
/home/openssl-openssl-3.0.0/apps/sess_id.c,199,80,40,0.0800800323486,0.00202894210815,0,0
/home/openssl-openssl-3.0.0/apps/smime.c,710,80,40,0.0907120704651,0.000792980194092,0,0
/home/openssl-openssl-3.0.0/apps/speed.c,3685,80,40,0.610286951065,0.00484609603882,0,0
/home/openssl-openssl-3.0.0/apps/spkac.c,234,80,40,0.0790820121765,0.000707864761353,0,0
/home/openssl-openssl-3.0.0/apps/srp.c,632,80,40,0.220823049545,0.000720024108887,0,0
/home/openssl-openssl-3.0.0/apps/storeutl.c,501,80,40,0.0680749416351,0.00282311439514,0,0
/home/openssl-openssl-3.0.0/apps/ts.c,1031,80,40,0.322376966476,0.000953912734985,0,0
/home/openssl-openssl-3.0.0/apps/verify.c,393,80,40,0.12183880806,0.00167012214661,0,0
/home/openssl-openssl-3.0.0/apps/version.c,152,80,40,0.0622668266296,0.00075101852417,0,0
/home/openssl-openssl-3.0.0/apps/x509.c,1247,80,40,0.192986011505,0.00162100791931,0,0
/home/openssl-openssl-3.0.0/fuzz/asn1.c,368,80,40,0.0768389701843,0.00294589996338,0,0
/home/openssl-openssl-3.0.0/fuzz/fuzz_rand.c,167,80,40,0.147009849548,0.00131487846375,0,0
/home/openssl-openssl-3.0.0/fuzz/test-corpus.c,105,80,40,0.617574930191,0.000905990600586,1,1
/home/openssl-openssl-3.0.0/fuzz/asn1parse.c,46,80,40,0.0816149711609,0.000850200653076,0,0
/home/openssl-openssl-3.0.0/fuzz/test-corpus.c,105,80,40,0.654554128647,0.00672578811646,1,1
/home/openssl-openssl-3.0.0/fuzz/bignum.c,110,80,40,0.0732550621033,0.00133681297302,0,0
/home/openssl-openssl-3.0.0/fuzz/test-corpus.c,105,80,40,0.695543050766,0.00128507614136,1,1
/home/openssl-openssl-3.0.0/fuzz/bndiv.c,132,80,40,0.0843589305878,0.00177907943726,0,0
/home/openssl-openssl-3.0.0/fuzz/test-corpus.c,105,80,40,0.639456987381,0.00104188919067,1,1
/home/openssl-openssl-3.0.0/fuzz/client.c,98,80,40,0.100296974182,0.00162315368652,0,0
/home/openssl-openssl-3.0.0/fuzz/fuzz_rand.c,167,80,40,0.132713079453,0.00205516815186,0,0
/home/openssl-openssl-3.0.0/fuzz/test-corpus.c,105,80,40,0.6849629879,0.000963687896729,1,1
/home/openssl-openssl-3.0.0/fuzz/cmp.c,204,80,40,0.0938830375671,0.00917100906372,0,0
/home/openssl-openssl-3.0.0/fuzz/fuzz_rand.c,167,80,40,0.115363836288,0.00308704376221,0,0
/home/openssl-openssl-3.0.0/fuzz/test-corpus.c,105,80,40,0.704931020737,0.0010781288147,1,1
/home/openssl-openssl-3.0.0/fuzz/cms.c,56,80,40,0.0722482204437,0.00138783454895,0,0
/home/openssl-openssl-3.0.0/fuzz/test-corpus.c,105,80,40,0.743556022644,0.00147891044617,1,1
/home/openssl-openssl-3.0.0/fuzz/conf.c,49,80,40,0.0811247825623,0.00274801254272,0,0
/home/openssl-openssl-3.0.0/fuzz/test-corpus.c,105,80,40,0.700736999512,0.000980138778687,1,1
/home/openssl-openssl-3.0.0/fuzz/crl.c,48,80,40,0.0708708763123,0.00107312202454,0,0
/home/openssl-openssl-3.0.0/fuzz/test-corpus.c,105,80,40,0.648219108582,0.000734567642212,1,1
/home/openssl-openssl-3.0.0/fuzz/ct.c,52,80,40,0.078959941864,0.00109910964966,0,0
/home/openssl-openssl-3.0.0/fuzz/test-corpus.c,105,80,40,0.674159049988,0.0013689994812,1,1
/home/openssl-openssl-3.0.0/fuzz/fuzz_rand.c,167,80,40,0.12917304039,0.00135397911072,0,0
/home/openssl-openssl-3.0.0/fuzz/server.c,660,80,40,0.10897397995,0.00283789634705,0,0
/home/openssl-openssl-3.0.0/fuzz/test-corpus.c,105,80,40,0.702872037888,0.000686168670654,1,1
/home/openssl-openssl-3.0.0/fuzz/fuzz_rand.c,167,80,40,0.110038042068,0.000855207443237,0,0
/home/openssl-openssl-3.0.0/fuzz/test-corpus.c,105,80,40,0.641545057297,0.000690937042236,1,1
/home/openssl-openssl-3.0.0/fuzz/x509.c,53,80,40,0.0874578952789,0.000760078430176,0,0
/home/openssl-openssl-3.0.0/test/aborttest.c,17,80,40,0.0306270122528,0.000899076461792,0,0
/home/openssl-openssl-3.0.0/test/aesgcmtest.c,141,80,40,0.0763490200043,0.0026159286499,0,0
/home/openssl-openssl-3.0.0/test/afalgtest.c,165,80,40,0.105015993118,0.00887012481689,0,0
/home/openssl-openssl-3.0.0/test/algorithmid_test.c,329,80,40,0.160182952881,0.00100326538086,0,0
/home/openssl-openssl-3.0.0/test/asn1_decode_test.c,236,80,40,0.531006097794,0.00245094299316,0,0
/home/openssl-openssl-3.0.0/test/asn1_dsa_internal_test.c,185,80,40,0.0913047790527,0.00464415550232,0,0
/home/openssl-openssl-3.0.0/test/asn1_encode_test.c,909,80,40,0.766185998917,0.00153303146362,0,0
/home/openssl-openssl-3.0.0/test/asn1_internal_test.c,201,80,40,0.110020875931,0.00480914115906,0,0
/home/openssl-openssl-3.0.0/test/asn1_string_table_test.c,78,80,40,0.0797171592712,0.00189685821533,0,0
/home/openssl-openssl-3.0.0/test/asn1_time_test.c,419,80,40,0.214058160782,0.0025269985199,0,0
/home/openssl-openssl-3.0.0/test/asynciotest.c,418,80,40,0.2068400383,0.00100779533386,0,0
/home/openssl-openssl-3.0.0/test/helpers/ssltestlib.c,1058,80,40,0.432926893234,0.000828981399536,0,0
/home/openssl-openssl-3.0.0/test/asynctest.c,435,80,40,0.123842000961,0.000648736953735,0,0
/home/openssl-openssl-3.0.0/test/bad_dtls_test.c,608,80,40,0.196768045425,0.000988006591797,0,0
/home/openssl-openssl-3.0.0/test/bftest.c,488,80,40,0.133772134781,0.00304579734802,0,0
/home/openssl-openssl-3.0.0/test/bio_callback_test.c,361,80,40,0.153553009033,0.0038149356842,0,0
/home/openssl-openssl-3.0.0/test/bio_core_test.c,120,80,40,0.262564182281,0.00250387191772,0,0
/home/openssl-openssl-3.0.0/test/bio_enc_test.c,233,80,40,0.22971200943,0.00254797935486,0,0
/home/openssl-openssl-3.0.0/test/bio_memleak_test.c,296,80,40,0.127571105957,0.00343704223633,0,0
/home/openssl-openssl-3.0.0/test/bio_prefix_text.c,268,80,40,0.573698043823,0.0104804039001,3,3
/home/openssl-openssl-3.0.0/test/bio_readbuffer_test.c,132,80,40,0.0976269245148,0.00296235084534,0,0
/home/openssl-openssl-3.0.0/test/bioprinttest.c,363,80,40,0.230988025665,0.00229406356812,0,0
/home/openssl-openssl-3.0.0/test/bn_internal_test.c,106,80,40,0.105206012726,0.00117301940918,0,0
/home/openssl-openssl-3.0.0/test/bntest.c,2996,80,40,0.318536996841,0.00118398666382,0,0
/home/openssl-openssl-3.0.0/test/buildtest_aes.c,17,80,40,0.0348579883575,0.000897884368896,0,0
/home/openssl-openssl-3.0.0/test/buildtest_async.c,17,80,40,0.0393741130829,0.00212788581848,0,0
/home/openssl-openssl-3.0.0/test/buildtest_blowfish.c,17,80,40,0.0289990901947,0.00780510902405,0,0
/home/openssl-openssl-3.0.0/test/buildtest_bn.c,17,80,40,0.0456349849701,0.00125885009766,0,0
/home/openssl-openssl-3.0.0/test/buildtest_buffer.c,17,80,40,0.0304009914398,0.00239419937134,0,0
/home/openssl-openssl-3.0.0/test/buildtest_camellia.c,17,80,40,0.039008140564,0.00288605690002,0,0
/home/openssl-openssl-3.0.0/test/buildtest_cast.c,17,80,40,0.0373730659485,0.00081205368042,0,0
/home/openssl-openssl-3.0.0/test/buildtest_cmac.c,17,80,40,0.0321090221405,0.000853061676025,0,0
/home/openssl-openssl-3.0.0/test/buildtest_cmp_util.c,17,80,40,0.0303308963776,0.00138998031616,0,0
/home/openssl-openssl-3.0.0/test/buildtest_comp.c,17,80,40,0.0444781780243,0.0012309551239,0,0
/home/openssl-openssl-3.0.0/test/buildtest_conf_api.c,17,80,40,0.0313110351562,0.000706911087036,0,0
/home/openssl-openssl-3.0.0/test/buildtest_conftypes.c,17,80,40,0.0297088623047,0.0013689994812,0,0
/home/openssl-openssl-3.0.0/test/buildtest_core.c,17,80,40,0.0478179454803,0.00119805335999,0,0
/home/openssl-openssl-3.0.0/test/buildtest_core_dispatch.c,17,80,40,0.0490550994873,0.00109791755676,0,0
/home/openssl-openssl-3.0.0/test/buildtest_core_names.c,17,80,40,0.0489399433136,0.00266289710999,0,0
/home/openssl-openssl-3.0.0/test/buildtest_core_object.c,17,80,40,0.0303640365601,0.00149416923523,0,0
/home/openssl-openssl-3.0.0/test/buildtest_cryptoerr_legacy.c,17,80,40,0.0372371673584,0.00281596183777,0,0
/home/openssl-openssl-3.0.0/test/buildtest_decoder.c,17,80,40,0.0314078330994,0.00126194953918,0,0
/home/openssl-openssl-3.0.0/test/buildtest_des.c,17,80,40,0.0326809883118,0.00164103507996,0,0
/home/openssl-openssl-3.0.0/test/buildtest_dh.c,17,80,40,0.0338780879974,0.00127005577087,0,0
/home/openssl-openssl-3.0.0/test/buildtest_dsa.c,17,80,40,0.0399360656738,0.000855922698975,0,0
/home/openssl-openssl-3.0.0/test/buildtest_dtls1.c,17,80,40,0.0394477844238,0.00296211242676,0,0
/home/openssl-openssl-3.0.0/test/buildtest_e_os2.c,17,80,40,0.0324339866638,0.000905990600586,0,0
/home/openssl-openssl-3.0.0/test/buildtest_ebcdic.c,17,80,40,0.0468668937683,0.00170493125916,0,0
/home/openssl-openssl-3.0.0/test/buildtest_ec.c,17,80,40,0.0466599464417,0.000927209854126,0,0
/home/openssl-openssl-3.0.0/test/buildtest_ecdh.c,17,80,40,0.0482110977173,0.00231099128723,0,0
/home/openssl-openssl-3.0.0/test/buildtest_ecdsa.c,17,80,40,0.0354578495026,0.00269603729248,0,0
/home/openssl-openssl-3.0.0/test/buildtest_encoder.c,17,80,40,0.0518028736115,0.00126028060913,0,0
/home/openssl-openssl-3.0.0/test/buildtest_engine.c,17,80,40,0.050961971283,0.00384783744812,0,0
/home/openssl-openssl-3.0.0/test/buildtest_evp.c,17,80,40,0.0398809909821,0.00101017951965,0,0
/home/openssl-openssl-3.0.0/test/buildtest_fips_names.c,17,80,40,0.0394229888916,0.00123810768127,0,0
/home/openssl-openssl-3.0.0/test/buildtest_hmac.c,17,80,40,0.0452840328217,0.00127005577087,0,0
/home/openssl-openssl-3.0.0/test/buildtest_http.c,17,80,40,0.0433309078217,0.00121116638184,0,0
/home/openssl-openssl-3.0.0/test/buildtest_idea.c,17,80,40,0.0335619449615,0.00117206573486,0,0
/home/openssl-openssl-3.0.0/test/buildtest_kdf.c,17,80,40,0.0340929031372,0.000885009765625,0,0
/home/openssl-openssl-3.0.0/test/buildtest_macros.c,17,80,40,0.0397670269012,0.00109195709229,0,0
/home/openssl-openssl-3.0.0/test/buildtest_md4.c,17,80,40,0.0347318649292,0.000824213027954,0,0
/home/openssl-openssl-3.0.0/test/buildtest_md5.c,17,80,40,0.0463800430298,0.00211501121521,0,0
/home/openssl-openssl-3.0.0/test/buildtest_mdc2.c,17,80,40,0.0369839668274,0.0026171207428,0,0
/home/openssl-openssl-3.0.0/test/buildtest_modes.c,17,80,40,0.0436239242554,0.0013439655304,0,0
/home/openssl-openssl-3.0.0/test/buildtest_obj_mac.c,17,80,40,0.0376529693604,0.0122008323669,0,0
/home/openssl-openssl-3.0.0/test/buildtest_objects.c,17,80,40,0.0508139133453,0.00315284729004,0,0
/home/openssl-openssl-3.0.0/test/buildtest_ossl_typ.c,17,80,40,0.0485620498657,0.000777959823608,0,0
/home/openssl-openssl-3.0.0/test/buildtest_param_build.c,17,80,40,0.0333468914032,0.00840902328491,0,0
/home/openssl-openssl-3.0.0/test/buildtest_params.c,17,80,40,0.0377960205078,0.00234007835388,0,0
/home/openssl-openssl-3.0.0/test/buildtest_pem.c,17,80,40,0.050500869751,0.0019907951355,0,0
/home/openssl-openssl-3.0.0/test/buildtest_pem2.c,17,80,40,0.0345511436462,0.000792980194092,0,0
/home/openssl-openssl-3.0.0/test/buildtest_prov_ssl.c,17,80,40,0.0333869457245,0.00120425224304,0,0
/home/openssl-openssl-3.0.0/test/buildtest_provider.c,17,80,40,0.0320091247559,0.000923156738281,0,0
/home/openssl-openssl-3.0.0/test/buildtest_rand.c,17,80,40,0.0447239875793,0.00452613830566,0,0
/home/openssl-openssl-3.0.0/test/buildtest_rc2.c,17,80,40,0.0403687953949,0.000764846801758,0,0
/home/openssl-openssl-3.0.0/test/buildtest_rc4.c,17,80,40,0.0348570346832,0.000792980194092,0,0
/home/openssl-openssl-3.0.0/test/buildtest_ripemd.c,17,80,40,0.0290849208832,0.000876188278198,0,0
/home/openssl-openssl-3.0.0/test/buildtest_rsa.c,17,80,40,0.0612621307373,0.00277996063232,0,0
/home/openssl-openssl-3.0.0/test/buildtest_seed.c,17,80,40,0.0425388813019,0.00166821479797,0,0
/home/openssl-openssl-3.0.0/test/buildtest_self_test.c,17,80,40,0.0333578586578,0.00125288963318,0,0
/home/openssl-openssl-3.0.0/test/buildtest_sha.c,17,80,40,0.030886888504,0.00126695632935,0,0
/home/openssl-openssl-3.0.0/test/buildtest_srtp.c,17,80,40,0.0360009670258,0.00454068183899,0,0
/home/openssl-openssl-3.0.0/test/buildtest_ssl2.c,17,80,40,0.0463490486145,0.000952959060669,0,0
/home/openssl-openssl-3.0.0/test/buildtest_sslerr_legacy.c,17,80,40,0.0440950393677,0.000862121582031,0,0
/home/openssl-openssl-3.0.0/test/buildtest_stack.c,17,80,40,0.0384600162506,0.00158596038818,0,0
/home/openssl-openssl-3.0.0/test/buildtest_store.c,17,80,40,0.0492188930511,0.00126075744629,0,0
/home/openssl-openssl-3.0.0/test/buildtest_symhacks.c,17,80,40,0.0418379306793,0.00628113746643,0,0
/home/openssl-openssl-3.0.0/test/buildtest_tls1.c,17,80,40,0.0570299625397,0.000703811645508,0,0
/home/openssl-openssl-3.0.0/test/buildtest_ts.c,17,80,40,0.0433790683746,0.00110602378845,0,0
/home/openssl-openssl-3.0.0/test/buildtest_txt_db.c,17,80,40,0.0350520610809,0.00085711479187,0,0
/home/openssl-openssl-3.0.0/test/buildtest_types.c,17,80,40,0.0353140830994,0.0110428333282,0,0
/home/openssl-openssl-3.0.0/test/buildtest_whrlpool.c,17,80,40,0.044802904129,0.000816106796265,0,0
/home/openssl-openssl-3.0.0/test/casttest.c,119,80,40,0.0685639381409,0.00348997116089,0,0
/home/openssl-openssl-3.0.0/test/chacha_internal_test.c,191,80,40,0.0957489013672,0.00300407409668,0,0
/home/openssl-openssl-3.0.0/test/cipher_overhead_test.c,63,80,40,0.12917304039,0.00258302688599,0,0
/home/openssl-openssl-3.0.0/test/cipherbytes_test.c,150,80,40,0.107465982437,0.00145506858826,0,0
/home/openssl-openssl-3.0.0/test/cipherlist_test.c,254,80,40,0.176903963089,0.000768661499023,0,0
/home/openssl-openssl-3.0.0/test/ciphername_test.c,471,80,40,0.101251840591,0.00136184692383,0,0
/home/openssl-openssl-3.0.0/test/clienthellotest.c,270,80,40,0.144828081131,0.00246095657349,0,0
/home/openssl-openssl-3.0.0/test/cmactest.c,217,80,40,0.104851961136,0.00400376319885,0,0
/home/openssl-openssl-3.0.0/test/cmp_asn_test.c,122,80,40,0.215464115143,0.000996112823486,0,0
/home/openssl-openssl-3.0.0/test/helpers/cmp_testlib.c,82,80,40,0.203328847885,0.00219106674194,0,0
/home/openssl-openssl-3.0.0/apps/lib/cmp_mock_srv.c,451,80,40,0.241004943848,0.000917196273804,0,0
/home/openssl-openssl-3.0.0/test/cmp_client_test.c,404,80,40,0.0331439971924,0.00237894058228,0,0
/home/openssl-openssl-3.0.0/test/helpers/cmp_testlib.c,82,80,40,0.186983823776,0.00140285491943,0,0
/home/openssl-openssl-3.0.0/test/cmp_ctx_test.c,894,80,40,2.27425384521,0.00105285644531,0,0
/home/openssl-openssl-3.0.0/test/helpers/cmp_testlib.c,82,80,40,0.201887845993,0.001305103302,0,0
/home/openssl-openssl-3.0.0/test/cmp_hdr_test.c,495,80,40,0.161080121994,0.000764846801758,0,0
/home/openssl-openssl-3.0.0/test/helpers/cmp_testlib.c,82,80,40,0.208657979965,0.00464677810669,0,0
/home/openssl-openssl-3.0.0/test/cmp_msg_test.c,598,80,40,0.242727994919,0.00270819664001,0,0
/home/openssl-openssl-3.0.0/test/helpers/cmp_testlib.c,82,80,40,0.205066204071,0.00078296661377,0,0
/home/openssl-openssl-3.0.0/test/cmp_protect_test.c,618,80,40,0.302994966507,0.00397300720215,0,0
/home/openssl-openssl-3.0.0/test/helpers/cmp_testlib.c,82,80,40,0.189502000809,0.00376391410828,0,0
/home/openssl-openssl-3.0.0/test/cmp_server_test.c,173,80,40,0.17315196991,0.000784158706665,0,0
/home/openssl-openssl-3.0.0/test/helpers/cmp_testlib.c,82,80,40,0.20191693306,0.00400519371033,0,0
/home/openssl-openssl-3.0.0/test/cmp_status_test.c,113,80,40,0.171396970749,0.00532007217407,0,0
/home/openssl-openssl-3.0.0/test/helpers/cmp_testlib.c,82,80,40,0.217071056366,0.00113010406494,0,0
/home/openssl-openssl-3.0.0/test/cmp_vfy_test.c,683,80,40,0.477254867554,0.00098705291748,0,0
/home/openssl-openssl-3.0.0/test/helpers/cmp_testlib.c,82,80,40,0.188369989395,0.00310468673706,0,0
/home/openssl-openssl-3.0.0/test/cmsapitest.c,343,80,40,0.288676977158,0.000699043273926,0,0
/home/openssl-openssl-3.0.0/test/conf_include_test.c,239,80,40,0.162873029709,0.00236821174622,0,0
/home/openssl-openssl-3.0.0/test/confdump.c,52,80,40,0.049574136734,0.00132584571838,0,0
/home/openssl-openssl-3.0.0/test/constant_time_test.c,415,80,40,0.136254072189,0.00188016891479,0,0
/home/openssl-openssl-3.0.0/test/context_internal_test.c,138,80,40,0.13303899765,0.00235772132874,0,0
/home/openssl-openssl-3.0.0/test/crltest.c,394,80,40,0.23344707489,0.00082802772522,0,0
/home/openssl-openssl-3.0.0/test/ct_test.c,525,80,40,0.219265937805,0.00144004821777,0,0
/home/openssl-openssl-3.0.0/test/ctype_internal_test.c,91,80,40,0.106167078018,0.00121593475342,0,0
/home/openssl-openssl-3.0.0/test/curve448_internal_test.c,738,80,40,0.14866900444,0.000968933105469,0,0
/home/openssl-openssl-3.0.0/test/d2i_test.c,170,80,40,0.139706850052,0.00377631187439,0,0
/home/openssl-openssl-3.0.0/test/danetest.c,431,80,40,0.237591028214,0.00132322311401,0,0
/home/openssl-openssl-3.0.0/test/defltfips_test.c,100,80,40,0.0923547744751,0.00132584571838,0,0
/home/openssl-openssl-3.0.0/test/destest.c,803,80,40,0.456137895584,0.000863075256348,0,0
/home/openssl-openssl-3.0.0/test/dhtest.c,882,80,40,0.120540857315,0.000897169113159,0,0
/home/openssl-openssl-3.0.0/test/drbgtest.c,918,80,40,0.426632881165,0.00137519836426,0,0
/home/openssl-openssl-3.0.0/test/dsa_no_digest_size_test.c,252,80,40,0.139327049255,0.00202012062073,0,0
/home/openssl-openssl-3.0.0/test/dsatest.c,339,80,40,0.117707967758,0.00159192085266,0,0
/home/openssl-openssl-3.0.0/test/dtls_mtu_test.c,197,80,40,0.136106967926,0.00367999076843,0,0
/home/openssl-openssl-3.0.0/test/helpers/ssltestlib.c,1058,80,40,0.374831199646,0.000879764556885,0,0
/home/openssl-openssl-3.0.0/test/dtlstest.c,474,80,40,0.16416311264,0.00186896324158,0,0
/home/openssl-openssl-3.0.0/test/helpers/ssltestlib.c,1058,80,40,0.418409824371,0.000864028930664,0,0
/home/openssl-openssl-3.0.0/test/dtlsv1listentest.c,358,80,40,0.111008167267,0.000828742980957,0,0
/home/openssl-openssl-3.0.0/test/ec_internal_test.c,429,80,40,0.228832960129,0.000894069671631,0,0
/home/openssl-openssl-3.0.0/test/ecdsatest.c,383,80,40,0.19649887085,0.00089430809021,0,0
/home/openssl-openssl-3.0.0/test/ecstresstest.c,157,80,40,0.154669046402,0.00333786010742,0,0
/home/openssl-openssl-3.0.0/test/ectest.c,3003,80,40,0.191236972809,0.00108218193054,0,0
/home/openssl-openssl-3.0.0/test/endecode_test.c,1471,80,40,1.76909518242,0.00092887878418,0,0
/home/openssl-openssl-3.0.0/test/helpers/predefined_dhparams.c,174,80,40,0.117130041122,0.00084400177002,0,0
/home/openssl-openssl-3.0.0/test/endecoder_legacy_test.c,732,80,40,0.172660112381,0.00113487243652,0,0
/home/openssl-openssl-3.0.0/test/enginetest.c,376,80,40,0.145895004272,0.00122094154358,0,0
/home/openssl-openssl-3.0.0/test/errtest.c,349,80,40,0.202203989029,0.00205278396606,0,0
/home/openssl-openssl-3.0.0/test/evp_extra_test.c,3995,80,40,0.919001102448,0.00162887573242,0,0
/home/openssl-openssl-3.0.0/test/evp_extra_test2.c,854,80,40,0.154234886169,0.0032000541687,0,0
/home/openssl-openssl-3.0.0/test/evp_fetch_prov_test.c,393,80,40,0.238620996475,0.00328612327576,0,0
/home/openssl-openssl-3.0.0/test/evp_kdf_test.c,1676,80,40,0.341153144836,0.00117683410645,0,0
/home/openssl-openssl-3.0.0/test/evp_libctx_test.c,768,80,40,0.234671831131,0.00122928619385,0,0
/home/openssl-openssl-3.0.0/test/evp_pkey_dparams_test.c,154,80,40,0.0890769958496,0.00487303733826,0,0
/home/openssl-openssl-3.0.0/test/evp_pkey_provided_test.c,1701,80,40,0.138464927673,0.00277996063232,0,0
/home/openssl-openssl-3.0.0/test/evp_test.c,3984,80,40,2.71319580078,0.00144481658936,0,0
/home/openssl-openssl-3.0.0/test/exdatatest.c,320,80,40,0.175932884216,0.00229787826538,0,0
/home/openssl-openssl-3.0.0/test/exptest.c,309,80,40,0.133150815964,0.00289702415466,0,0
/home/openssl-openssl-3.0.0/test/fatalerrtest.c,102,80,40,0.146540164948,0.00155305862427,0,0
/home/openssl-openssl-3.0.0/test/helpers/ssltestlib.c,1058,80,40,0.370136022568,0.000931978225708,0,0
/home/openssl-openssl-3.0.0/test/ffc_internal_test.c,644,80,40,0.103432893753,0.000982284545898,0,0
/home/openssl-openssl-3.0.0/test/gmdifftest.c,68,80,40,0.0794379711151,0.000900030136108,0,0
/home/openssl-openssl-3.0.0/test/hexstr_test.c,135,80,40,0.077969789505,0.00564885139465,0,0
/home/openssl-openssl-3.0.0/test/hmactest.c,272,80,40,0.133010864258,0.00270676612854,0,0
/home/openssl-openssl-3.0.0/test/http_test.c,395,80,40,0.578310966492,0.00160193443298,0,0
/home/openssl-openssl-3.0.0/test/ideatest.c,127,80,40,0.156600952148,0.00213503837585,0,0
/home/openssl-openssl-3.0.0/test/igetest.c,463,80,40,0.253884792328,0.00187468528748,0,0
/home/openssl-openssl-3.0.0/test/keymgmt_internal_test.c,293,80,40,0.173010110855,0.0027871131897,0,0
/home/openssl-openssl-3.0.0/test/lhash_test.c,250,80,40,0.356897115707,0.00267791748047,0,0
/home/openssl-openssl-3.0.0/test/mdc2_internal_test.c,78,80,40,0.0812821388245,0.00296592712402,0,0
/home/openssl-openssl-3.0.0/test/mdc2test.c,96,80,40,0.0934739112854,0.00362181663513,0,0
/home/openssl-openssl-3.0.0/test/memleaktest.c,63,80,40,0.0780239105225,0.000999212265015,0,0
/home/openssl-openssl-3.0.0/test/modes_internal_test.c,900,80,40,0.194635868073,0.000911951065063,0,0
/home/openssl-openssl-3.0.0/test/moduleloadtest.c,54,80,40,0.0817270278931,0.000614166259766,0,0
/home/openssl-openssl-3.0.0/test/simpledynamic.c,79,80,40,0.0762040615082,0.000854969024658,0,0
/home/openssl-openssl-3.0.0/test/namemap_internal_test.c,184,80,40,0.133541822433,0.00292897224426,0,0
/home/openssl-openssl-3.0.0/test/ocspapitest.c,233,80,40,0.164975166321,0.00105500221252,0,0
/home/openssl-openssl-3.0.0/test/ossl_store_test.c,239,80,40,0.136389017105,0.000815868377686,0,0
/home/openssl-openssl-3.0.0/test/packettest.c,500,80,40,0.126112937927,0.0013439655304,0,0
/home/openssl-openssl-3.0.0/test/param_build_test.c,443,80,40,0.0915930271149,0.000998973846436,0,0
/home/openssl-openssl-3.0.0/test/params_api_test.c,715,80,40,0.325138092041,0.00085186958313,0,0
/home/openssl-openssl-3.0.0/test/params_conversion_test.c,373,80,40,0.145868062973,0.00336980819702,0,0
/home/openssl-openssl-3.0.0/test/params_test.c,626,80,40,0.170080900192,0.00115203857422,0,0
/home/openssl-openssl-3.0.0/test/pbelutest.c,51,80,40,0.0715219974518,0.00182175636292,0,0
/home/openssl-openssl-3.0.0/test/pbetest.c,137,80,40,0.119194984436,0.00283217430115,0,0
/home/openssl-openssl-3.0.0/test/pem_read_depr_test.c,217,80,40,0.129586935043,0.0027391910553,0,0
/home/openssl-openssl-3.0.0/test/pemtest.c,108,80,40,0.107555866241,0.00218915939331,0,0
/home/openssl-openssl-3.0.0/test/helpers/pkcs12.c,790,80,40,0.232424974442,0.000755071640015,0,0
/home/openssl-openssl-3.0.0/test/pkcs12_format_test.c,896,80,40,0.550503015518,0.00151991844177,0,0
/home/openssl-openssl-3.0.0/test/pkcs7_test.c,104,80,40,0.0749728679657,0.00209403038025,0,0
/home/openssl-openssl-3.0.0/test/pkey_meth_kdf_test.c,205,80,40,0.0718150138855,0.00224423408508,0,0
/home/openssl-openssl-3.0.0/test/pkey_meth_test.c,91,80,40,0.0787420272827,0.000843048095703,0,0
/home/openssl-openssl-3.0.0/test/poly1305_internal_test.c,1576,80,40,0.0819420814514,0.00306272506714,0,0
/home/openssl-openssl-3.0.0/test/property_test.c,506,80,40,0.144119024277,0.00128412246704,0,0
/home/openssl-openssl-3.0.0/test/prov_config_test.c,62,80,40,0.180465936661,0.00174999237061,0,0
/home/openssl-openssl-3.0.0/test/provfetchtest.c,291,80,40,0.141806840897,0.00119709968567,0,0
/home/openssl-openssl-3.0.0/test/provider_fallback_test.c,58,80,40,0.105854988098,0.00187802314758,0,0
/home/openssl-openssl-3.0.0/test/p_test.c,321,80,40,0.424319028854,0.0160868167877,2,2
/home/openssl-openssl-3.0.0/test/provider_internal_test.c,148,80,40,0.10160279274,0.00219798088074,0,0
/home/openssl-openssl-3.0.0/test/provider_status_test.c,246,80,40,0.221910953522,0.00331020355225,0,0
/home/openssl-openssl-3.0.0/test/p_test.c,321,80,40,0.403791189194,0.0098340511322,2,2
/home/openssl-openssl-3.0.0/test/provider_test.c,268,80,40,0.151041984558,0.000674247741699,0,0
/home/openssl-openssl-3.0.0/test/rand_status_test.c,28,80,40,0.0800819396973,0.000940322875977,0,0
/home/openssl-openssl-3.0.0/test/rc2test.c,75,80,40,0.0806360244751,0.00159502029419,0,0
/home/openssl-openssl-3.0.0/test/rc4test.c,135,80,40,0.161248922348,0.00327301025391,0,0
/home/openssl-openssl-3.0.0/test/rc5test.c,244,80,40,0.0347890853882,0.000734090805054,0,0
/home/openssl-openssl-3.0.0/test/rdrand_sanitytest.c,123,80,40,0.0311689376831,0.0020272731781,0,0
/home/openssl-openssl-3.0.0/test/helpers/ssltestlib.c,1058,80,40,0.391584157944,0.00193190574646,0,0
/home/openssl-openssl-3.0.0/test/recordlentest.c,207,80,40,0.144076824188,0.000740051269531,0,0
/home/openssl-openssl-3.0.0/test/rsa_complex.c,28,80,40,0.0410940647125,0.00095796585083,0,0
/home/openssl-openssl-3.0.0/test/rsa_mp_test.c,297,80,40,0.680125951767,0.00253105163574,0,0
/home/openssl-openssl-3.0.0/test/rsa_sp800_56b_test.c,549,80,40,0.119830131531,0.00126886367798,0,0
/home/openssl-openssl-3.0.0/test/rsa_test.c,401,80,40,0.161362886429,0.00307130813599,0,0
/home/openssl-openssl-3.0.0/test/sanitytest.c,137,80,40,0.101418018341,0.00422668457031,0,0
/home/openssl-openssl-3.0.0/test/secmemtest.c,184,80,40,0.108680963516,0.00243401527405,0,0
/home/openssl-openssl-3.0.0/test/helpers/ssltestlib.c,1058,80,40,0.389439105988,0.00101804733276,0,0
/home/openssl-openssl-3.0.0/test/servername_test.c,269,80,40,0.165125131607,0.00094199180603,0,0
/home/openssl-openssl-3.0.0/test/sha_test.c,111,80,40,0.206290006638,0.00285601615906,0,0
/home/openssl-openssl-3.0.0/test/shlibloadtest.c,293,80,40,0.302546977997,0.00084400177002,0,0
/home/openssl-openssl-3.0.0/test/simpledynamic.c,79,80,40,0.0743989944458,0.00227117538452,0,0
/home/openssl-openssl-3.0.0/test/siphash_internal_test.c,290,80,40,0.0840620994568,0.00124883651733,0,0
/home/openssl-openssl-3.0.0/test/sm2_internal_test.c,388,80,40,0.171871900558,0.0032262802124,0,0
/home/openssl-openssl-3.0.0/test/sm3_internal_test.c,85,80,40,0.0852999687195,0.00290274620056,0,0
/home/openssl-openssl-3.0.0/test/sm4_internal_test.c,87,80,40,0.0756621360779,0.00292682647705,0,0
/home/openssl-openssl-3.0.0/test/sparse_array_test.c,198,80,40,0.194723129272,0.00281071662903,0,0
/home/openssl-openssl-3.0.0/test/srptest.c,283,80,40,0.168293952942,0.00208783149719,0,0
/home/openssl-openssl-3.0.0/test/ssl_cert_table_internal_test.c,65,80,40,0.0932660102844,0.00202298164368,0,0
/home/openssl-openssl-3.0.0/test/ssl_ctx_test.c,77,80,40,0.0817730426788,0.000742197036743,0,0
/home/openssl-openssl-3.0.0/test/helpers/predefined_dhparams.c,174,80,40,0.127233028412,0.00101494789124,0,0
/home/openssl-openssl-3.0.0/test/ssl_old_test.c,2941,80,40,0.331137895584,0.00566005706787,0,0
/home/openssl-openssl-3.0.0/test/helpers/handshake.c,1742,80,40,0.968394041061,0.000966787338257,0,0
/home/openssl-openssl-3.0.0/test/helpers/handshake_srp.c,72,80,40,0.148782968521,0.00171375274658,0,0
/home/openssl-openssl-3.0.0/test/helpers/ssl_test_ctx.c,908,80,40,1.11319279671,0.000837087631226,0,0
/home/openssl-openssl-3.0.0/test/ssl_test.c,571,80,40,0.356945037842,0.000725984573364,0,0
/home/openssl-openssl-3.0.0/test/helpers/ssl_test_ctx.c,908,80,40,1.02450895309,0.000947237014771,0,0
/home/openssl-openssl-3.0.0/test/ssl_test_ctx_test.c,265,80,40,0.163079023361,0.00104403495789,0,0
/home/openssl-openssl-3.0.0/test/helpers/ssltestlib.c,1058,80,40,0.389288187027,0.00110197067261,0,0
/home/openssl-openssl-3.0.0/test/filterprov.c,239,80,40,0.196985960007,0.00280404090881,0,0
/home/openssl-openssl-3.0.0/test/sslapitest.c,9738,80,40,0.84237408638,0.0113079547882,0,0
/home/openssl-openssl-3.0.0/test/tls-provider.c,855,80,40,0.367752075195,0.00115513801575,0,0
/home/openssl-openssl-3.0.0/test/helpers/ssltestlib.c,1058,80,40,0.366642951965,0.000919103622437,0,0
/home/openssl-openssl-3.0.0/test/sslbuffertest.c,184,80,40,0.148006916046,0.00118112564087,0,0
/home/openssl-openssl-3.0.0/test/helpers/ssltestlib.c,1058,80,40,0.364959955215,0.00125098228455,0,0
/home/openssl-openssl-3.0.0/test/sslcorrupttest.c,283,80,40,0.230887174606,0.000962972640991,0,0
/home/openssl-openssl-3.0.0/test/stack_test.c,389,80,40,1.25230789185,0.00157403945923,0,0
/home/openssl-openssl-3.0.0/test/sysdefaulttest.c,51,80,40,0.0740399360657,0.000971794128418,0,0
/home/openssl-openssl-3.0.0/test/test_test.c,580,80,40,0.263957023621,0.00464797019958,0,0
/home/openssl-openssl-3.0.0/test/threadstest.c,600,80,40,0.1744389534,0.00198531150818,0,0
/home/openssl-openssl-3.0.0/test/threadstest_fips.c,50,80,40,0.107014894485,0.00315523147583,0,0
/home/openssl-openssl-3.0.0/test/time_offset_test.c,114,80,40,0.0905900001526,0.00138878822327,0,0
/home/openssl-openssl-3.0.0/test/helpers/ssltestlib.c,1058,80,40,0.408101797104,0.00257277488708,0,0
/home/openssl-openssl-3.0.0/test/tls13ccstest.c,513,80,40,0.189900875092,0.00115394592285,0,0
/home/openssl-openssl-3.0.0/test/tls13encryptiontest.c,418,80,40,0.155832052231,0.00090765953064,0,0
/home/openssl-openssl-3.0.0/crypto/packet.c,513,80,40,0.350008964539,0.000750064849854,0,0
/home/openssl-openssl-3.0.0/ssl/tls13_enc.c,905,80,40,0.351415157318,0.00490498542786,0,0
/home/openssl-openssl-3.0.0/test/tls13secretstest.c,409,80,40,0.211361885071,0.00133299827576,0,0
/home/openssl-openssl-3.0.0/apps/lib/apps_ui.c,224,80,40,0.283295154572,0.0025999546051,0,0
/home/openssl-openssl-3.0.0/test/uitest.c,95,80,40,0.0986049175262,0.00262117385864,0,0
/home/openssl-openssl-3.0.0/test/upcallstest.c,113,80,40,0.0965011119843,0.000818967819214,0,0
/home/openssl-openssl-3.0.0/test/user_property_test.c,133,80,40,0.134658813477,0.00609874725342,0,0
/home/openssl-openssl-3.0.0/test/v3ext.c,55,80,40,0.132236003876,0.00405192375183,0,0
/home/openssl-openssl-3.0.0/test/v3nametest.c,711,80,40,0.452966928482,0.00117015838623,0,0
/home/openssl-openssl-3.0.0/test/verify_extra_test.c,245,80,40,0.240242004395,0.00300717353821,0,0
/home/openssl-openssl-3.0.0/test/versions.c,22,80,40,0.0380301475525,0.00147199630737,0,0
/home/openssl-openssl-3.0.0/test/wpackettest.c,446,80,40,0.674582004547,0.00071907043457,0,0
/home/openssl-openssl-3.0.0/test/x509_check_cert_pkey_test.c,180,80,40,0.143399000168,0.0031042098999,0,0
/home/openssl-openssl-3.0.0/test/x509_dup_cert_test.c,54,80,40,0.125396966934,0.00397300720215,0,0
/home/openssl-openssl-3.0.0/test/x509_internal_test.c,111,80,40,0.0670518875122,0.00397515296936,0,0
/home/openssl-openssl-3.0.0/test/x509_time_test.c,605,80,40,0.173388004303,0.00291204452515,0,0
/home/openssl-openssl-3.0.0/test/x509aux.c,187,80,40,0.0953350067139,0.00220513343811,0,0
